city,population,lat,lon,date,pm10,pm25,peak_temperature,precipitation_mm
Neuss,152457,51.21265,6.636691,2017-01-01,,,1.9,0.0
Neuss,152457,51.21265,6.636691,2017-01-02,,,3.3,4.0
Neuss,152457,51.21265,6.636691,2017-01-03,,,3.3,1.1
Neuss,152457,51.21265,6.636691,2017-01-04,,,5.6,2.4
Neuss,152457,51.21265,6.636691,2017-01-05,,,1.3,0.5
Neuss,152457,51.21265,6.636691,2017-01-06,,,-1.1,0.0
Neuss,152457,51.21265,6.636691,2017-01-07,,,0.9,2.1
Neuss,152457,51.21265,6.636691,2017-01-08,,,4.2,0.0
Neuss,152457,51.21265,6.636691,2017-01-09,,,5.1,0.9
Neuss,152457,51.21265,6.636691,2017-01-10,,,4.9,6.6
Neuss,152457,51.21265,6.636691,2017-01-11,,,7.9,2.3
Neuss,152457,51.21265,6.636691,2017-01-12,,,6.7,7.5
Neuss,152457,51.21265,6.636691,2017-01-13,,,4.5,8.0
Neuss,152457,51.21265,6.636691,2017-01-14,,,3.5,2.4
Neuss,152457,51.21265,6.636691,2017-01-15,,,2.7,2.1
Neuss,152457,51.21265,6.636691,2017-01-16,,,1.7,0.1
Neuss,152457,51.21265,6.636691,2017-01-17,,,-0.1,0.0
Neuss,152457,51.21265,6.636691,2017-01-18,,,-0.3,0.0
Neuss,152457,51.21265,6.636691,2017-01-19,,,2.0,0.0
Neuss,152457,51.21265,6.636691,2017-01-20,,,2.7,0.0
Neuss,152457,51.21265,6.636691,2017-01-21,,,3.8,0.0
Neuss,152457,51.21265,6.636691,2017-01-22,,,1.2,0.0
Neuss,152457,51.21265,6.636691,2017-01-23,,,0.2,0.4
Neuss,152457,51.21265,6.636691,2017-01-24,,,1.9,2.3
Neuss,152457,51.21265,6.636691,2017-01-25,,,0.8,0.0
Neuss,152457,51.21265,6.636691,2017-01-26,,,2.0,0.0
Neuss,152457,51.21265,6.636691,2017-01-27,,,6.2,0.0
Neuss,152457,51.21265,6.636691,2017-01-28,,,6.9,0.4
Neuss,152457,51.21265,6.636691,2017-01-29,,,7.8,0.7
Neuss,152457,51.21265,6.636691,2017-01-30,,,7.1,7.2
Neuss,152457,51.21265,6.636691,2017-01-31,,,3.7,0.1
Neuss,152457,51.21265,6.636691,2017-02-01,,,5.4,0.3
Neuss,152457,51.21265,6.636691,2017-02-02,,,10.7,0.9
Neuss,152457,51.21265,6.636691,2017-02-03,,,11.1,3.3
Neuss,152457,51.21265,6.636691,2017-02-04,,,7.8,3.6
Neuss,152457,51.21265,6.636691,2017-02-05,,,8.0,0.3
Neuss,152457,51.21265,6.636691,2017-02-06,,,6.6,0.0
Neuss,152457,51.21265,6.636691,2017-02-07,,,5.2,5.1
Neuss,152457,51.21265,6.636691,2017-02-08,,,6.2,0.5
Neuss,152457,51.21265,6.636691,2017-02-09,,,4.2,0.0
Neuss,152457,51.21265,6.636691,2017-02-10,,,2.5,0.2
Neuss,152457,51.21265,6.636691,2017-02-11,,,4.7,3.8
Neuss,152457,51.21265,6.636691,2017-02-12,,,8.1,0.8
Neuss,152457,51.21265,6.636691,2017-02-13,,,8.4,0.0
Neuss,152457,51.21265,6.636691,2017-02-14,,,9.2,0.0
Neuss,152457,51.21265,6.636691,2017-02-15,,,12.9,0.0
Neuss,152457,51.21265,6.636691,2017-02-16,,,11.8,1.1
Neuss,152457,51.21265,6.636691,2017-02-17,,,9.1,2.1
Neuss,152457,51.21265,6.636691,2017-02-18,,,8.9,0.0
Neuss,152457,51.21265,6.636691,2017-02-19,,,9.6,2.3
Neuss,152457,51.21265,6.636691,2017-02-20,,,10.8,2.0
Neuss,152457,51.21265,6.636691,2017-02-21,,,11.0,1.3
Neuss,152457,51.21265,6.636691,2017-02-22,,,10.6,7.9
Neuss,152457,51.21265,6.636691,2017-02-23,,,9.8,3.9
Neuss,152457,51.21265,6.636691,2017-02-24,,,7.5,5.4
Neuss,152457,51.21265,6.636691,2017-02-25,,,8.3,0.0
Neuss,152457,51.21265,6.636691,2017-02-26,,,10.8,0.4
Neuss,152457,51.21265,6.636691,2017-02-27,,,12.8,4.9
Neuss,152457,51.21265,6.636691,2017-02-28,,,8.9,2.0
Neuss,152457,51.21265,6.636691,2017-03-01,,,8.4,8.3
Neuss,152457,51.21265,6.636691,2017-03-02,,,8.9,1.1
Neuss,152457,51.21265,6.636691,2017-03-03,,,10.9,0.0
Neuss,152457,51.21265,6.636691,2017-03-04,,,15.1,7.2
Neuss,152457,51.21265,6.636691,2017-03-05,,,10.9,7.3
Neuss,152457,51.21265,6.636691,2017-03-06,,,9.2,5.6
Neuss,152457,51.21265,6.636691,2017-03-07,,,8.9,4.2
Neuss,152457,51.21265,6.636691,2017-03-08,,,9.7,14.0
Neuss,152457,51.21265,6.636691,2017-03-09,,,13.1,3.7
Neuss,152457,51.21265,6.636691,2017-03-10,,,9.9,0.0
Neuss,152457,51.21265,6.636691,2017-03-11,,,12.9,0.0
Neuss,152457,51.21265,6.636691,2017-03-12,,,13.9,0.0
Neuss,152457,51.21265,6.636691,2017-03-13,,,14.1,0.0
Neuss,152457,51.21265,6.636691,2017-03-14,,,14.6,0.0
Neuss,152457,51.21265,6.636691,2017-03-15,,,14.1,0.0
Neuss,152457,51.21265,6.636691,2017-03-16,,,15.6,0.0
Neuss,152457,51.21265,6.636691,2017-03-17,,,10.2,0.7
Neuss,152457,51.21265,6.636691,2017-03-18,,,11.1,17.3
Neuss,152457,51.21265,6.636691,2017-03-19,,,13.6,3.8
Neuss,152457,51.21265,6.636691,2017-03-20,,,13.8,0.3
Neuss,152457,51.21265,6.636691,2017-03-21,,,11.1,1.5
Neuss,152457,51.21265,6.636691,2017-03-22,,,11.1,0.4
Neuss,152457,51.21265,6.636691,2017-03-23,,,14.8,0.0
Neuss,152457,51.21265,6.636691,2017-03-24,,,14.1,0.0
Neuss,152457,51.21265,6.636691,2017-03-25,,,14.1,0.0
Neuss,152457,51.21265,6.636691,2017-03-26,,,14.1,0.0
Neuss,152457,51.21265,6.636691,2017-03-27,,,16.0,0.0
Neuss,152457,51.21265,6.636691,2017-03-28,,,19.2,0.0
Neuss,152457,51.21265,6.636691,2017-03-29,,,15.4,0.0
Neuss,152457,51.21265,6.636691,2017-03-30,,,20.5,0.0
Neuss,152457,51.21265,6.636691,2017-03-31,,,22.4,0.6
Neuss,152457,51.21265,6.636691,2017-04-01,,,15.9,1.3
Neuss,152457,51.21265,6.636691,2017-04-02,,,16.1,0.0
Neuss,152457,51.21265,6.636691,2017-04-03,,,14.5,0.0
Neuss,152457,51.21265,6.636691,2017-04-04,,,14.9,0.0
Neuss,152457,51.21265,6.636691,2017-04-05,,,12.4,0.0
Neuss,152457,51.21265,6.636691,2017-04-06,,,10.1,0.2
Neuss,152457,51.21265,6.636691,2017-04-07,,,12.9,0.0
Neuss,152457,51.21265,6.636691,2017-04-08,,,14.1,0.0
Neuss,152457,51.21265,6.636691,2017-04-09,,,20.0,0.0
Neuss,152457,51.21265,6.636691,2017-04-10,,,13.9,0.0
Neuss,152457,51.21265,6.636691,2017-04-11,,,13.0,0.0
Neuss,152457,51.21265,6.636691,2017-04-12,,,13.4,2.3
Neuss,152457,51.21265,6.636691,2017-04-13,,,12.4,1.3
Neuss,152457,51.21265,6.636691,2017-04-14,,,12.8,0.2
Neuss,152457,51.21265,6.636691,2017-04-15,,,11.6,2.8
Neuss,152457,51.21265,6.636691,2017-04-16,,,10.8,4.7
Neuss,152457,51.21265,6.636691,2017-04-17,,,10.6,15.2
Neuss,152457,51.21265,6.636691,2017-04-18,,,9.5,3.4
Neuss,152457,51.21265,6.636691,2017-04-19,,,7.4,0.0
Neuss,152457,51.21265,6.636691,2017-04-20,,,10.4,0.0
Neuss,152457,51.21265,6.636691,2017-04-21,,,15.2,0.0
Neuss,152457,51.21265,6.636691,2017-04-22,,,10.9,3.0
Neuss,152457,51.21265,6.636691,2017-04-23,,,10.0,0.3
Neuss,152457,51.21265,6.636691,2017-04-24,,,14.1,0.0
Neuss,152457,51.21265,6.636691,2017-04-25,,,9.2,2.8
Neuss,152457,51.21265,6.636691,2017-04-26,,,10.1,1.6
Neuss,152457,51.21265,6.636691,2017-04-27,,,11.1,0.9
Neuss,152457,51.21265,6.636691,2017-04-28,,,11.6,3.1
Neuss,152457,51.21265,6.636691,2017-04-29,,,11.9,0.0
Neuss,152457,51.21265,6.636691,2017-04-30,,,17.1,0.0
Neuss,152457,51.21265,6.636691,2017-05-01,,,12.6,6.6
Neuss,152457,51.21265,6.636691,2017-05-02,,,13.2,6.2
Neuss,152457,51.21265,6.636691,2017-05-03,,,15.6,12.6
Neuss,152457,51.21265,6.636691,2017-05-04,,,13.4,2.9
Neuss,152457,51.21265,6.636691,2017-05-05,,,12.2,0.1
Neuss,152457,51.21265,6.636691,2017-05-06,,,20.3,0.0
Neuss,152457,51.21265,6.636691,2017-05-07,,,16.5,1.2
Neuss,152457,51.21265,6.636691,2017-05-08,,,11.4,0.4
Neuss,152457,51.21265,6.636691,2017-05-09,,,12.4,0.0
Neuss,152457,51.21265,6.636691,2017-05-10,,,16.0,0.0
Neuss,152457,51.21265,6.636691,2017-05-11,,,21.0,2.3
Neuss,152457,51.21265,6.636691,2017-05-12,,,20.6,3.9
Neuss,152457,51.21265,6.636691,2017-05-13,,,20.5,0.5
Neuss,152457,51.21265,6.636691,2017-05-14,,,21.1,4.1
Neuss,152457,51.21265,6.636691,2017-05-15,,,20.4,0.0
Neuss,152457,51.21265,6.636691,2017-05-16,,,24.7,0.0
Neuss,152457,51.21265,6.636691,2017-05-17,,,26.4,0.0
Neuss,152457,51.21265,6.636691,2017-05-18,,,18.6,4.3
Neuss,152457,51.21265,6.636691,2017-05-19,,,16.8,5.4
Neuss,152457,51.21265,6.636691,2017-05-20,,,17.0,0.6
Neuss,152457,51.21265,6.636691,2017-05-21,,,19.4,0.0
Neuss,152457,51.21265,6.636691,2017-05-22,,,22.6,0.0
Neuss,152457,51.21265,6.636691,2017-05-23,,,23.2,0.1
Neuss,152457,51.21265,6.636691,2017-05-24,,,21.1,0.8
Neuss,152457,51.21265,6.636691,2017-05-25,,,22.1,0.0
Neuss,152457,51.21265,6.636691,2017-05-26,,,26.0,0.0
Neuss,152457,51.21265,6.636691,2017-05-27,,,29.0,0.0
Neuss,152457,51.21265,6.636691,2017-05-28,,,27.0,0.0
Neuss,152457,51.21265,6.636691,2017-05-29,,,31.9,0.3
Neuss,152457,51.21265,6.636691,2017-05-30,,,23.6,15.9
Neuss,152457,51.21265,6.636691,2017-05-31,,,23.0,0.4
Neuss,152457,51.21265,6.636691,2017-06-01,,,24.0,0.0
Neuss,152457,51.21265,6.636691,2017-06-02,,,26.9,0.1
Neuss,152457,51.21265,6.636691,2017-06-03,,,24.6,1.4
Neuss,152457,51.21265,6.636691,2017-06-04,,,20.1,7.6
Neuss,152457,51.21265,6.636691,2017-06-05,,,21.9,0.1
Neuss,152457,51.21265,6.636691,2017-06-06,,,17.9,2.2
Neuss,152457,51.21265,6.636691,2017-06-07,,,17.4,1.6
Neuss,152457,51.21265,6.636691,2017-06-08,,,23.5,2.1
Neuss,152457,51.21265,6.636691,2017-06-09,,,20.2,8.2
Neuss,152457,51.21265,6.636691,2017-06-10,,,23.4,0.0
Neuss,152457,51.21265,6.636691,2017-06-11,,,28.7,0.5
Neuss,152457,51.21265,6.636691,2017-06-12,,,19.4,0.5
Neuss,152457,51.21265,6.636691,2017-06-13,,,20.1,0.1
Neuss,152457,51.21265,6.636691,2017-06-14,,,24.0,0.0
Neuss,152457,51.21265,6.636691,2017-06-15,,,30.1,0.1
Neuss,152457,51.21265,6.636691,2017-06-16,,,20.1,0.4
Neuss,152457,51.21265,6.636691,2017-06-17,,,21.8,0.2
Neuss,152457,51.21265,6.636691,2017-06-18,,,25.7,0.0
Neuss,152457,51.21265,6.636691,2017-06-19,,,29.5,0.0
Neuss,152457,51.21265,6.636691,2017-06-20,,,30.3,0.0
Neuss,152457,51.21265,6.636691,2017-06-21,,,29.9,0.0
Neuss,152457,51.21265,6.636691,2017-06-22,,,34.0,2.4
Neuss,152457,51.21265,6.636691,2017-06-23,,,24.9,0.1
Neuss,152457,51.21265,6.636691,2017-06-24,,,20.6,0.5
Neuss,152457,51.21265,6.636691,2017-06-25,,,21.5,0.7
Neuss,152457,51.21265,6.636691,2017-06-26,,,23.6,0.2
Neuss,152457,51.21265,6.636691,2017-06-27,,,23.1,6.0
Neuss,152457,51.21265,6.636691,2017-06-28,,,21.1,8.3
Neuss,152457,51.21265,6.636691,2017-06-29,,,21.6,1.0
Neuss,152457,51.21265,6.636691,2017-06-30,,,21.5,0.4
Neuss,152457,51.21265,6.636691,2017-07-01,,,17.5,8.5
Neuss,152457,51.21265,6.636691,2017-07-02,,,19.0,0.8
Neuss,152457,51.21265,6.636691,2017-07-03,,,22.4,0.0
Neuss,152457,51.21265,6.636691,2017-07-04,,,22.6,0.5
Neuss,152457,51.21265,6.636691,2017-07-05,,,26.6,0.0
Neuss,152457,51.21265,6.636691,2017-07-06,,,28.1,2.3
Neuss,152457,51.21265,6.636691,2017-07-07,,,27.9,1.4
Neuss,152457,51.21265,6.636691,2017-07-08,,,27.5,0.2
Neuss,152457,51.21265,6.636691,2017-07-09,,,25.7,0.0
Neuss,152457,51.21265,6.636691,2017-07-10,,,26.2,4.5
Neuss,152457,51.21265,6.636691,2017-07-11,,,22.9,1.4
Neuss,152457,51.21265,6.636691,2017-07-12,,,18.4,24.9
Neuss,152457,51.21265,6.636691,2017-07-13,,,20.4,0.0
Neuss,152457,51.21265,6.636691,2017-07-14,,,21.4,1.4
Neuss,152457,51.21265,6.636691,2017-07-15,,,20.9,0.1
Neuss,152457,51.21265,6.636691,2017-07-16,,,22.9,0.5
Neuss,152457,51.21265,6.636691,2017-07-17,,,22.9,4.2
Neuss,152457,51.21265,6.636691,2017-07-18,,,27.9,0.0
Neuss,152457,51.21265,6.636691,2017-07-19,,,28.0,3.9
Neuss,152457,51.21265,6.636691,2017-07-20,,,25.1,7.5
Neuss,152457,51.21265,6.636691,2017-07-21,,,24.0,0.1
Neuss,152457,51.21265,6.636691,2017-07-22,,,26.1,2.2
Neuss,152457,51.21265,6.636691,2017-07-23,,,19.8,3.0
Neuss,152457,51.21265,6.636691,2017-07-24,,,19.0,7.5
Neuss,152457,51.21265,6.636691,2017-07-25,,,19.3,16.8
Neuss,152457,51.21265,6.636691,2017-07-26,,,21.8,1.3
Neuss,152457,51.21265,6.636691,2017-07-27,,,21.0,0.9
Neuss,152457,51.21265,6.636691,2017-07-28,,,21.0,3.3
Neuss,152457,51.21265,6.636691,2017-07-29,,,25.1,0.0
Neuss,152457,51.21265,6.636691,2017-07-30,,,24.8,0.2
Neuss,152457,51.21265,6.636691,2017-07-31,,,25.0,0.0
Neuss,152457,51.21265,6.636691,2017-08-01,,,22.4,3.1
Neuss,152457,51.21265,6.636691,2017-08-02,,,23.0,3.6
Neuss,152457,51.21265,6.636691,2017-08-03,,,23.6,2.5
Neuss,152457,51.21265,6.636691,2017-08-04,,,21.7,0.3
Neuss,152457,51.21265,6.636691,2017-08-05,,,19.8,14.1
Neuss,152457,51.21265,6.636691,2017-08-06,,,20.9,0.2
Neuss,152457,51.21265,6.636691,2017-08-07,,,24.5,0.0
Neuss,152457,51.21265,6.636691,2017-08-08,,,21.4,6.9
Neuss,152457,51.21265,6.636691,2017-08-09,,,20.9,0.0
Neuss,152457,51.21265,6.636691,2017-08-10,,,17.5,12.1
Neuss,152457,51.21265,6.636691,2017-08-11,,,18.3,4.2
Neuss,152457,51.21265,6.636691,2017-08-12,,,18.1,4.0
Neuss,152457,51.21265,6.636691,2017-08-13,,,20.6,1.6
Neuss,152457,51.21265,6.636691,2017-08-14,,,24.6,0.2
Neuss,152457,51.21265,6.636691,2017-08-15,,,25.5,0.3
Neuss,152457,51.21265,6.636691,2017-08-16,,,23.0,0.3
Neuss,152457,51.21265,6.636691,2017-08-17,,,22.9,2.8
Neuss,152457,51.21265,6.636691,2017-08-18,,,20.8,17.0
Neuss,152457,51.21265,6.636691,2017-08-19,,,19.2,0.6
Neuss,152457,51.21265,6.636691,2017-08-20,,,18.7,0.3
Neuss,152457,51.21265,6.636691,2017-08-21,,,20.8,0.0
Neuss,152457,51.21265,6.636691,2017-08-22,,,22.8,0.0
Neuss,152457,51.21265,6.636691,2017-08-23,,,25.5,1.4
Neuss,152457,51.21265,6.636691,2017-08-24,,,22.5,3.0
Neuss,152457,51.21265,6.636691,2017-08-25,,,23.9,0.4
Neuss,152457,51.21265,6.636691,2017-08-26,,,25.0,0.2
Neuss,152457,51.21265,6.636691,2017-08-27,,,24.0,0.0
Neuss,152457,51.21265,6.636691,2017-08-28,,,26.3,0.0
Neuss,152457,51.21265,6.636691,2017-08-29,,,29.2,0.0
Neuss,152457,51.21265,6.636691,2017-08-30,,,27.4,1.4
Neuss,152457,51.21265,6.636691,2017-08-31,,,18.5,3.1
Neuss,152457,51.21265,6.636691,2017-09-01,,,19.0,1.1
Neuss,152457,51.21265,6.636691,2017-09-02,,,18.0,2.0
Neuss,152457,51.21265,6.636691,2017-09-03,,,19.6,0.2
Neuss,152457,51.21265,6.636691,2017-09-04,,,21.9,0.0
Neuss,152457,51.21265,6.636691,2017-09-05,,,23.5,0.6
Neuss,152457,51.21265,6.636691,2017-09-06,,,19.0,0.9
Neuss,152457,51.21265,6.636691,2017-09-07,,,19.5,0.5
Neuss,152457,51.21265,6.636691,2017-09-08,,,17.2,15.4
Neuss,152457,51.21265,6.636691,2017-09-09,,,16.5,13.5
Neuss,152457,51.21265,6.636691,2017-09-10,,,18.1,0.1
Neuss,152457,51.21265,6.636691,2017-09-11,,,17.6,1.9
Neuss,152457,51.21265,6.636691,2017-09-12,,,16.9,2.4
Neuss,152457,51.21265,6.636691,2017-09-13,,,17.9,7.4
Neuss,152457,51.21265,6.636691,2017-09-14,6.0,,14.5,9.8
Neuss,152457,51.21265,6.636691,2017-09-15,11.0,,15.0,5.7
Neuss,152457,51.21265,6.636691,2017-09-16,11.0,,15.9,0.0
Neuss,152457,51.21265,6.636691,2017-09-17,7.0,,16.0,0.5
Neuss,152457,51.21265,6.636691,2017-09-18,12.0,,14.4,4.8
Neuss,152457,51.21265,6.636691,2017-09-19,19.0,,14.8,3.8
Neuss,152457,51.21265,6.636691,2017-09-20,22.0,,16.0,1.6
Neuss,152457,51.21265,6.636691,2017-09-21,18.0,,18.9,0.0
Neuss,152457,51.21265,6.636691,2017-09-22,22.0,,19.4,1.3
Neuss,152457,51.21265,6.636691,2017-09-23,,,17.0,0.0
Neuss,152457,51.21265,6.636691,2017-09-24,,,19.2,0.0
Neuss,152457,51.21265,6.636691,2017-09-25,,,18.4,0.6
Neuss,152457,51.21265,6.636691,2017-09-26,21.0,,19.1,4.9
Neuss,152457,51.21265,6.636691,2017-09-27,21.0,,20.5,0.1
Neuss,152457,51.21265,6.636691,2017-09-28,24.0,,21.0,5.6
Neuss,152457,51.21265,6.636691,2017-09-29,16.0,,23.0,1.6
Neuss,152457,51.21265,6.636691,2017-09-30,8.0,,16.6,17.6
Neuss,152457,51.21265,6.636691,2017-10-01,14.0,,18.0,0.0
Neuss,152457,51.21265,6.636691,2017-10-02,12.0,,18.7,5.5
Neuss,152457,51.21265,6.636691,2017-10-03,12.0,,15.2,3.5
Neuss,152457,51.21265,6.636691,2017-10-04,12.0,,14.9,0.1
Neuss,152457,51.21265,6.636691,2017-10-05,8.0,,14.5,3.7
Neuss,152457,51.21265,6.636691,2017-10-06,8.0,,13.1,0.6
Neuss,152457,51.21265,6.636691,2017-10-07,8.0,,11.9,10.5
Neuss,152457,51.21265,6.636691,2017-10-08,9.0,,15.0,1.6
Neuss,152457,51.21265,6.636691,2017-10-09,20.0,,14.6,1.2
Neuss,152457,51.21265,6.636691,2017-10-10,14.0,,16.0,0.8
Neuss,152457,51.21265,6.636691,2017-10-11,13.0,,16.8,0.2
Neuss,152457,51.21265,6.636691,2017-10-12,14.0,,16.1,0.0
Neuss,152457,51.21265,6.636691,2017-10-13,20.0,,19.5,0.5
Neuss,152457,51.21265,6.636691,2017-10-14,15.0,,21.5,0.0
Neuss,152457,51.21265,6.636691,2017-10-15,16.0,,22.4,0.0
Neuss,152457,51.21265,6.636691,2017-10-16,25.0,,23.4,0.0
Neuss,152457,51.21265,6.636691,2017-10-17,41.0,,19.5,0.0
Neuss,152457,51.21265,6.636691,2017-10-18,32.0,,20.1,0.0
Neuss,152457,51.21265,6.636691,2017-10-19,29.0,,21.1,0.0
Neuss,152457,51.21265,6.636691,2017-10-20,16.0,,17.0,5.7
Neuss,152457,51.21265,6.636691,2017-10-21,15.0,,17.5,0.4
Neuss,152457,51.21265,6.636691,2017-10-22,11.0,,12.0,3.9
Neuss,152457,51.21265,6.636691,2017-10-23,16.0,,14.1,0.3
Neuss,152457,51.21265,6.636691,2017-10-24,9.0,,15.8,4.1
Neuss,152457,51.21265,6.636691,2017-10-25,14.0,,17.5,0.9
Neuss,152457,51.21265,6.636691,2017-10-26,20.0,,15.2,2.1
Neuss,152457,51.21265,6.636691,2017-10-27,15.0,,13.4,1.1
Neuss,152457,51.21265,6.636691,2017-10-28,15.0,,13.9,0.3
Neuss,152457,51.21265,6.636691,2017-10-29,14.0,,14.0,2.3
Neuss,152457,51.21265,6.636691,2017-10-30,15.0,,10.9,0.1
Neuss,152457,51.21265,6.636691,2017-10-31,19.0,,11.1,0.4
Neuss,152457,51.21265,6.636691,2017-11-01,19.0,,13.8,0.9
Neuss,152457,51.21265,6.636691,2017-11-02,40.0,,11.9,1.6
Neuss,152457,51.21265,6.636691,2017-11-03,48.0,,13.0,0.7
Neuss,152457,51.21265,6.636691,2017-11-04,,,16.1,4.4
Neuss,152457,51.21265,6.636691,2017-11-05,,,12.1,5.4
Neuss,152457,51.21265,6.636691,2017-11-06,,,9.7,0.1
Neuss,152457,51.21265,6.636691,2017-11-07,35.0,,7.3,0.0
Neuss,152457,51.21265,6.636691,2017-11-08,40.0,,8.5,0.0
Neuss,152457,51.21265,6.636691,2017-11-09,41.0,,8.9,0.3
Neuss,152457,51.21265,6.636691,2017-11-10,16.0,,10.6,2.4
Neuss,152457,51.21265,6.636691,2017-11-11,17.0,,7.2,1.6
Neuss,152457,51.21265,6.636691,2017-11-12,19.0,,6.5,3.7
Neuss,152457,51.21265,6.636691,2017-11-13,11.0,,9.1,0.7
Neuss,152457,51.21265,6.636691,2017-11-14,29.0,,8.0,0.0
Neuss,152457,51.21265,6.636691,2017-11-15,25.0,,9.1,0.2
Neuss,152457,51.21265,6.636691,2017-11-16,27.0,,9.1,0.4
Neuss,152457,51.21265,6.636691,2017-11-17,28.0,,9.3,0.3
Neuss,152457,51.21265,6.636691,2017-11-18,21.0,,7.3,2.6
Neuss,152457,51.21265,6.636691,2017-11-19,13.0,,7.8,1.9
Neuss,152457,51.21265,6.636691,2017-11-20,15.0,,9.6,8.0
Neuss,152457,51.21265,6.636691,2017-11-21,11.0,,10.9,4.7
Neuss,152457,51.21265,6.636691,2017-11-22,19.0,,13.1,0.1
Neuss,152457,51.21265,6.636691,2017-11-23,20.0,,15.2,1.9
Neuss,152457,51.21265,6.636691,2017-11-24,17.0,,10.4,10.2
Neuss,152457,51.21265,6.636691,2017-11-25,12.0,,6.7,4.9
Neuss,152457,51.21265,6.636691,2017-11-26,14.0,,5.6,0.1
Neuss,152457,51.21265,6.636691,2017-11-27,9.0,,7.8,7.1
Neuss,152457,51.21265,6.636691,2017-11-28,14.0,,7.0,1.2
Neuss,152457,51.21265,6.636691,2017-11-29,27.0,,4.1,0.0
Neuss,152457,51.21265,6.636691,2017-11-30,25.0,,4.0,3.9
Neuss,152457,51.21265,6.636691,2017-12-01,34.0,,3.9,3.8
Neuss,152457,51.21265,6.636691,2017-12-02,43.0,,0.8,0.0
Neuss,152457,51.21265,6.636691,2017-12-03,24.0,,4.0,3.9
Neuss,152457,51.21265,6.636691,2017-12-04,27.0,,7.2,1.9
Neuss,152457,51.21265,6.636691,2017-12-05,30.0,,7.2,0.1
Neuss,152457,51.21265,6.636691,2017-12-06,23.0,,8.6,0.1
Neuss,152457,51.21265,6.636691,2017-12-07,17.0,,8.1,5.2
Neuss,152457,51.21265,6.636691,2017-12-08,14.0,,6.9,1.4
Neuss,152457,51.21265,6.636691,2017-12-09,16.0,,2.7,1.9
Neuss,152457,51.21265,6.636691,2017-12-10,12.0,,6.8,12.2
Neuss,152457,51.21265,6.636691,2017-12-11,14.0,,7.8,11.7
Neuss,152457,51.21265,6.636691,2017-12-12,17.0,,3.5,1.3
Neuss,152457,51.21265,6.636691,2017-12-13,15.0,,7.4,10.6
Neuss,152457,51.21265,6.636691,2017-12-14,11.0,,5.8,6.9
Neuss,152457,51.21265,6.636691,2017-12-15,16.0,,4.8,1.4
Neuss,152457,51.21265,6.636691,2017-12-16,18.0,,4.7,1.9
Neuss,152457,51.21265,6.636691,2017-12-17,21.0,,3.8,2.6
Neuss,152457,51.21265,6.636691,2017-12-18,20.0,,4.5,8.8
Neuss,152457,51.21265,6.636691,2017-12-19,33.0,,5.4,4.8
Neuss,152457,51.21265,6.636691,2017-12-20,31.0,,7.2,0.3
Neuss,152457,51.21265,6.636691,2017-12-21,20.0,,8.2,1.5
Neuss,152457,51.21265,6.636691,2017-12-22,14.0,,9.1,3.9
Neuss,152457,51.21265,6.636691,2017-12-23,17.0,,8.9,1.4
Neuss,152457,51.21265,6.636691,2017-12-24,6.0,,9.1,0.7
Neuss,152457,51.21265,6.636691,2017-12-25,4.0,,8.6,0.7
Neuss,152457,51.21265,6.636691,2017-12-26,7.0,,8.6,3.1
Neuss,152457,51.21265,6.636691,2017-12-27,8.0,,6.9,4.8
Neuss,152457,51.21265,6.636691,2017-12-28,15.0,,4.0,1.6
Neuss,152457,51.21265,6.636691,2017-12-29,13.0,,4.8,4.8
Neuss,152457,51.21265,6.636691,2017-12-30,19.0,,11.9,4.3
Neuss,152457,51.21265,6.636691,2017-12-31,9.0,,14.1,5.6
Neuss,152457,51.21265,6.636691,2018-01-01,11.0,,9.1,6.2
Neuss,152457,51.21265,6.636691,2018-01-02,13.0,,7.2,8.2
Neuss,152457,51.21265,6.636691,2018-01-03,10.0,,11.5,9.9
Neuss,152457,51.21265,6.636691,2018-01-04,19.0,,11.6,2.4
Neuss,152457,51.21265,6.636691,2018-01-05,16.0,,9.9,0.6
Neuss,152457,51.21265,6.636691,2018-01-06,21.0,,7.1,1.4
Neuss,152457,51.21265,6.636691,2018-01-07,14.0,,4.8,1.2
Neuss,152457,51.21265,6.636691,2018-01-08,19.0,,6.8,0.0
Neuss,152457,51.21265,6.636691,2018-01-09,24.0,,7.0,0.2
Neuss,152457,51.21265,6.636691,2018-01-10,19.0,,9.4,1.0
Neuss,152457,51.21265,6.636691,2018-01-11,27.0,,8.9,0.2
Neuss,152457,51.21265,6.636691,2018-01-12,57.0,,4.9,0.0
Neuss,152457,51.21265,6.636691,2018-01-13,35.0,,6.7,0.0
Neuss,152457,51.21265,6.636691,2018-01-14,18.0,,5.1,0.0
Neuss,152457,51.21265,6.636691,2018-01-15,21.0,,7.4,4.2
Neuss,152457,51.21265,6.636691,2018-01-16,11.0,,7.4,7.0
Neuss,152457,51.21265,6.636691,2018-01-17,17.0,,3.5,5.6
Neuss,152457,51.21265,6.636691,2018-01-18,14.0,,9.4,7.4
Neuss,152457,51.21265,6.636691,2018-01-19,16.0,,5.3,3.9
Neuss,152457,51.21265,6.636691,2018-01-20,15.0,,4.2,4.1
Neuss,152457,51.21265,6.636691,2018-01-21,19.0,,5.1,1.2
Neuss,152457,51.21265,6.636691,2018-01-22,19.0,,8.6,4.4
Neuss,152457,51.21265,6.636691,2018-01-23,33.0,,10.0,1.6
Neuss,152457,51.21265,6.636691,2018-01-24,20.0,,13.9,0.2
Neuss,152457,51.21265,6.636691,2018-01-25,20.0,,12.0,5.2
Neuss,152457,51.21265,6.636691,2018-01-26,28.0,,8.2,0.0
Neuss,152457,51.21265,6.636691,2018-01-27,38.0,,8.1,0.1
Neuss,152457,51.21265,6.636691,2018-01-28,13.0,,10.1,1.2
Neuss,152457,51.21265,6.636691,2018-01-29,11.0,,10.2,2.6
Neuss,152457,51.21265,6.636691,2018-01-30,29.0,,7.4,0.0
Neuss,152457,51.21265,6.636691,2018-01-31,11.0,,9.6,11.4
Neuss,152457,51.21265,6.636691,2018-02-01,16.0,,4.7,1.1
Neuss,152457,51.21265,6.636691,2018-02-02,14.0,,5.4,4.1
Neuss,152457,51.21265,6.636691,2018-02-03,18.0,,5.3,1.1
Neuss,152457,51.21265,6.636691,2018-02-04,17.0,,2.0,2.2
Neuss,152457,51.21265,6.636691,2018-02-05,21.0,,4.4,0.0
Neuss,152457,51.21265,6.636691,2018-02-06,30.0,,1.9,1.8
Neuss,152457,51.21265,6.636691,2018-02-07,42.0,,2.2,0.0
Neuss,152457,51.21265,6.636691,2018-02-08,55.0,,2.0,0.0
Neuss,152457,51.21265,6.636691,2018-02-09,53.0,,3.3,0.1
Neuss,152457,51.21265,6.636691,2018-02-10,22.0,,4.0,0.4
Neuss,152457,51.21265,6.636691,2018-02-11,9.0,,6.8,4.3
Neuss,152457,51.21265,6.636691,2018-02-12,15.0,,5.1,1.6
Neuss,152457,51.21265,6.636691,2018-02-13,20.0,,5.4,0.0
Neuss,152457,51.21265,6.636691,2018-02-14,26.0,,5.2,0.0
Neuss,152457,51.21265,6.636691,2018-02-15,24.0,,7.6,5.7
Neuss,152457,51.21265,6.636691,2018-02-16,33.0,,7.4,0.0
Neuss,152457,51.21265,6.636691,2018-02-17,30.0,,6.2,0.0
Neuss,152457,51.21265,6.636691,2018-02-18,31.0,,7.3,0.0
Neuss,152457,51.21265,6.636691,2018-02-19,45.0,,4.8,0.0
Neuss,152457,51.21265,6.636691,2018-02-20,47.0,,5.3,0.0
Neuss,152457,51.21265,6.636691,2018-02-21,50.0,,4.3,0.0
Neuss,152457,51.21265,6.636691,2018-02-22,26.0,,3.8,0.0
Neuss,152457,51.21265,6.636691,2018-02-23,23.0,,2.9,0.0
Neuss,152457,51.21265,6.636691,2018-02-24,19.0,,4.0,0.0
Neuss,152457,51.21265,6.636691,2018-02-25,14.0,,0.2,0.0
Neuss,152457,51.21265,6.636691,2018-02-26,18.0,,-0.6,0.1
Neuss,152457,51.21265,6.636691,2018-02-27,19.0,,-1.0,0.0
Neuss,152457,51.21265,6.636691,2018-02-28,38.0,,-2.2,0.0
Neuss,152457,51.21265,6.636691,2018-03-01,34.0,,2.1,0.0
Neuss,152457,51.21265,6.636691,2018-03-02,52.0,,2.8,0.5
Neuss,152457,51.21265,6.636691,2018-03-03,56.0,,4.2,2.1
Neuss,152457,51.21265,6.636691,2018-03-04,37.0,,10.4,1.6
Neuss,152457,51.21265,6.636691,2018-03-05,17.0,,11.9,0.0
Neuss,152457,51.21265,6.636691,2018-03-06,26.0,,12.3,0.6
Neuss,152457,51.21265,6.636691,2018-03-07,25.0,,8.7,3.9
Neuss,152457,51.21265,6.636691,2018-03-08,16.0,,9.4,5.5
Neuss,152457,51.21265,6.636691,2018-03-09,20.0,,10.9,2.2
Neuss,152457,51.21265,6.636691,2018-03-10,15.0,,16.0,4.9
Neuss,152457,51.21265,6.636691,2018-03-11,10.0,,16.0,0.3
Neuss,152457,51.21265,6.636691,2018-03-12,13.0,,14.1,0.9
Neuss,152457,51.21265,6.636691,2018-03-13,8.0,,8.9,7.2
Neuss,152457,51.21265,6.636691,2018-03-14,25.0,,9.9,0.0
Neuss,152457,51.21265,6.636691,2018-03-15,23.0,,12.1,5.1
Neuss,152457,51.21265,6.636691,2018-03-16,18.0,,9.4,5.5
Neuss,152457,51.21265,6.636691,2018-03-17,16.0,,1.0,2.3
Neuss,152457,51.21265,6.636691,2018-03-18,21.0,,1.9,0.0
Neuss,152457,51.21265,6.636691,2018-03-19,20.0,,3.4,0.0
Neuss,152457,51.21265,6.636691,2018-03-20,18.0,,7.6,0.6
Neuss,152457,51.21265,6.636691,2018-03-21,24.0,,4.2,0.0
Neuss,152457,51.21265,6.636691,2018-03-22,26.0,,7.4,4.2
Neuss,152457,51.21265,6.636691,2018-03-23,26.0,,7.9,0.1
Neuss,152457,51.21265,6.636691,2018-03-24,18.0,,11.2,0.0
Neuss,152457,51.21265,6.636691,2018-03-25,24.0,,12.4,0.0
Neuss,152457,51.21265,6.636691,2018-03-26,30.0,,10.1,0.2
Neuss,152457,51.21265,6.636691,2018-03-27,33.0,,9.9,6.8
Neuss,152457,51.21265,6.636691,2018-03-28,19.0,,9.4,6.7
Neuss,152457,51.21265,6.636691,2018-03-29,19.0,,9.9,0.6
Neuss,152457,51.21265,6.636691,2018-03-30,10.0,,13.4,2.7
Neuss,152457,51.21265,6.636691,2018-03-31,10.0,,12.6,2.8
Neuss,152457,51.21265,6.636691,2018-04-01,18.0,,8.8,4.8
Neuss,152457,51.21265,6.636691,2018-04-02,38.0,,13.5,0.5
Neuss,152457,51.21265,6.636691,2018-04-03,18.0,,17.2,2.3
Neuss,152457,51.21265,6.636691,2018-04-04,18.0,,15.9,3.6
Neuss,152457,51.21265,6.636691,2018-04-05,14.0,,9.6,1.4
Neuss,152457,51.21265,6.636691,2018-04-06,24.0,,13.9,0.0
Neuss,152457,51.21265,6.636691,2018-04-07,18.0,,20.3,0.0
Neuss,152457,51.21265,6.636691,2018-04-08,28.0,,21.9,0.0
Neuss,152457,51.21265,6.636691,2018-04-09,66.0,,19.5,0.0
Neuss,152457,51.21265,6.636691,2018-04-10,35.0,,18.5,6.2
Neuss,152457,51.21265,6.636691,2018-04-11,21.0,,13.4,4.2
Neuss,152457,51.21265,6.636691,2018-04-12,41.0,,18.3,0.8
Neuss,152457,51.21265,6.636691,2018-04-13,48.0,,16.2,0.0
Neuss,152457,51.21265,6.636691,2018-04-14,44.0,,17.5,1.2
Neuss,152457,51.21265,6.636691,2018-04-15,15.0,,18.0,6.5
Neuss,152457,51.21265,6.636691,2018-04-16,23.0,,17.0,0.1
Neuss,152457,51.21265,6.636691,2018-04-17,39.0,,20.4,0.0
Neuss,152457,51.21265,6.636691,2018-04-18,39.0,,23.5,0.0
Neuss,152457,51.21265,6.636691,2018-04-19,33.0,,25.5,0.0
Neuss,152457,51.21265,6.636691,2018-04-20,39.0,,26.6,0.0
Neuss,152457,51.21265,6.636691,2018-04-21,50.0,,22.6,0.0
Neuss,152457,51.21265,6.636691,2018-04-22,31.0,,24.9,1.3
Neuss,152457,51.21265,6.636691,2018-04-23,29.0,,18.3,0.4
Neuss,152457,51.21265,6.636691,2018-04-24,19.0,,14.9,1.8
Neuss,152457,51.21265,6.636691,2018-04-25,19.0,,14.9,2.2
Neuss,152457,51.21265,6.636691,2018-04-26,18.0,,14.2,0.8
Neuss,152457,51.21265,6.636691,2018-04-27,27.0,,17.1,0.1
Neuss,152457,51.21265,6.636691,2018-04-28,18.0,,16.8,0.0
Neuss,152457,51.21265,6.636691,2018-04-29,18.0,,20.8,15.7
Neuss,152457,51.21265,6.636691,2018-04-30,22.0,,15.0,6.2
Neuss,152457,51.21265,6.636691,2018-05-01,15.0,,13.3,1.9
Neuss,152457,51.21265,6.636691,2018-05-02,27.0,,17.3,0.0
Neuss,152457,51.21265,6.636691,2018-05-03,17.0,,15.6,0.0
Neuss,152457,51.21265,6.636691,2018-05-04,20.0,,18.4,0.0
Neuss,152457,51.21265,6.636691,2018-05-05,19.0,,21.5,0.0
Neuss,152457,51.21265,6.636691,2018-05-06,14.0,,24.9,0.0
Neuss,152457,51.21265,6.636691,2018-05-07,20.0,,24.5,0.0
Neuss,152457,51.21265,6.636691,2018-05-08,30.0,,25.5,0.0
Neuss,152457,51.21265,6.636691,2018-05-09,35.0,,26.1,0.1
Neuss,152457,51.21265,6.636691,2018-05-10,22.0,,16.5,3.1
Neuss,152457,51.21265,6.636691,2018-05-11,21.0,,19.2,0.0
Neuss,152457,51.21265,6.636691,2018-05-12,18.0,,22.9,0.0
Neuss,152457,51.21265,6.636691,2018-05-13,30.0,,16.9,9.0
Neuss,152457,51.21265,6.636691,2018-05-14,35.0,,24.5,0.0
Neuss,152457,51.21265,6.636691,2018-05-15,25.0,,23.4,0.0
Neuss,152457,51.21265,6.636691,2018-05-16,27.0,,20.6,8.9
Neuss,152457,51.21265,6.636691,2018-05-17,23.0,,16.7,0.0
Neuss,152457,51.21265,6.636691,2018-05-18,23.0,,15.9,0.0
Neuss,152457,51.21265,6.636691,2018-05-19,25.0,,16.8,0.0
Neuss,152457,51.21265,6.636691,2018-05-20,26.0,,22.9,0.0
Neuss,152457,51.21265,6.636691,2018-05-21,15.0,,24.5,1.1
Neuss,152457,51.21265,6.636691,2018-05-22,26.0,,22.8,5.6
Neuss,152457,51.21265,6.636691,2018-05-23,30.0,,23.5,1.3
Neuss,152457,51.21265,6.636691,2018-05-24,16.0,,21.6,4.2
Neuss,152457,51.21265,6.636691,2018-05-25,21.0,,24.1,0.7
Neuss,152457,51.21265,6.636691,2018-05-26,23.0,,26.9,0.3
Neuss,152457,51.21265,6.636691,2018-05-27,19.0,,27.0,0.5
Neuss,152457,51.21265,6.636691,2018-05-28,21.0,,27.9,1.6
Neuss,152457,51.21265,6.636691,2018-05-29,28.0,,27.9,9.4
Neuss,152457,51.21265,6.636691,2018-05-30,14.0,,25.7,1.1
Neuss,152457,51.21265,6.636691,2018-05-31,12.0,,25.1,1.7
Neuss,152457,51.21265,6.636691,2018-06-01,29.0,,22.2,13.5
Neuss,152457,51.21265,6.636691,2018-06-02,18.0,,20.8,1.0
Neuss,152457,51.21265,6.636691,2018-06-03,20.0,,22.6,0.7
Neuss,152457,51.21265,6.636691,2018-06-04,19.0,,24.8,0.0
Neuss,152457,51.21265,6.636691,2018-06-05,30.0,,23.3,0.0
Neuss,152457,51.21265,6.636691,2018-06-06,25.0,,27.5,0.0
Neuss,152457,51.21265,6.636691,2018-06-07,35.0,,26.8,0.9
Neuss,152457,51.21265,6.636691,2018-06-08,28.0,,23.0,1.3
Neuss,152457,51.21265,6.636691,2018-06-09,31.0,,26.2,1.6
Neuss,152457,51.21265,6.636691,2018-06-10,23.0,,24.0,11.9
Neuss,152457,51.21265,6.636691,2018-06-11,12.0,,22.8,0.0
Neuss,152457,51.21265,6.636691,2018-06-12,13.0,,18.8,1.9
Neuss,152457,51.21265,6.636691,2018-06-13,6.0,,18.5,0.7
Neuss,152457,51.21265,6.636691,2018-06-14,21.0,,21.1,2.2
Neuss,152457,51.21265,6.636691,2018-06-15,17.0,,22.8,0.3
Neuss,152457,51.21265,6.636691,2018-06-16,26.0,,22.9,2.9
Neuss,152457,51.21265,6.636691,2018-06-17,8.0,,19.0,0.0
Neuss,152457,51.21265,6.636691,2018-06-18,11.0,,21.0,0.7
Neuss,152457,51.21265,6.636691,2018-06-19,8.0,,20.9,0.1
Neuss,152457,51.21265,6.636691,2018-06-20,13.0,,26.5,0.1
Neuss,152457,51.21265,6.636691,2018-06-21,14.0,,18.5,1.1
Neuss,152457,51.21265,6.636691,2018-06-22,11.0,,15.6,1.7
Neuss,152457,51.21265,6.636691,2018-06-23,14.0,,18.2,0.8
Neuss,152457,51.21265,6.636691,2018-06-24,10.0,,17.8,0.5
Neuss,152457,51.21265,6.636691,2018-06-25,7.0,,21.9,0.4
Neuss,152457,51.21265,6.636691,2018-06-26,24.0,,21.0,0.0
Neuss,152457,51.21265,6.636691,2018-06-27,15.0,,25.6,0.0
Neuss,152457,51.21265,6.636691,2018-06-28,12.0,,27.1,0.0
Neuss,152457,51.21265,6.636691,2018-06-29,12.0,,28.1,0.0
Neuss,152457,51.21265,6.636691,2018-06-30,15.0,,28.2,0.0
Neuss,152457,51.21265,6.636691,2018-07-01,7.0,,26.1,0.0
Neuss,152457,51.21265,6.636691,2018-07-02,11.0,,27.1,0.0
Neuss,152457,51.21265,6.636691,2018-07-03,15.0,,28.5,0.0
Neuss,152457,51.21265,6.636691,2018-07-04,26.0,,28.6,2.3
Neuss,152457,51.21265,6.636691,2018-07-05,19.0,,26.2,0.5
Neuss,152457,51.21265,6.636691,2018-07-06,12.0,,24.9,0.1
Neuss,152457,51.21265,6.636691,2018-07-07,10.0,,26.2,0.2
Neuss,152457,51.21265,6.636691,2018-07-08,10.0,,25.3,0.0
Neuss,152457,51.21265,6.636691,2018-07-09,11.0,,23.6,0.3
Neuss,152457,51.21265,6.636691,2018-07-10,9.0,,19.7,4.4
Neuss,152457,51.21265,6.636691,2018-07-11,13.0,,22.3,1.2
Neuss,152457,51.21265,6.636691,2018-07-12,20.0,,24.9,0.8
Neuss,152457,51.21265,6.636691,2018-07-13,20.0,,26.2,0.0
Neuss,152457,51.21265,6.636691,2018-07-14,19.0,,26.2,0.0
Neuss,152457,51.21265,6.636691,2018-07-15,8.0,,28.0,0.0
Neuss,152457,51.21265,6.636691,2018-07-16,16.0,,29.6,0.0
Neuss,152457,51.21265,6.636691,2018-07-17,23.0,,28.4,0.2
Neuss,152457,51.21265,6.636691,2018-07-18,23.0,,25.8,0.0
Neuss,152457,51.21265,6.636691,2018-07-19,31.0,,27.7,0.0
Neuss,152457,51.21265,6.636691,2018-07-20,27.0,,28.5,0.6
Neuss,152457,51.21265,6.636691,2018-07-21,21.0,,28.0,0.0
Neuss,152457,51.21265,6.636691,2018-07-22,17.0,,27.4,0.0
Neuss,152457,51.21265,6.636691,2018-07-23,27.0,,28.0,0.0
Neuss,152457,51.21265,6.636691,2018-07-24,28.0,,31.9,0.0
Neuss,152457,51.21265,6.636691,2018-07-25,31.0,,32.7,0.0
Neuss,152457,51.21265,6.636691,2018-07-26,33.0,,34.2,0.1
Neuss,152457,51.21265,6.636691,2018-07-27,18.0,,34.8,0.0
Neuss,152457,51.21265,6.636691,2018-07-28,19.0,,27.5,3.1
Neuss,152457,51.21265,6.636691,2018-07-29,15.0,,30.1,0.0
Neuss,152457,51.21265,6.636691,2018-07-30,22.0,,31.8,0.0
Neuss,152457,51.21265,6.636691,2018-07-31,22.0,,30.5,0.0
Neuss,152457,51.21265,6.636691,2018-08-01,17.0,,28.4,0.0
Neuss,152457,51.21265,6.636691,2018-08-02,23.0,,32.2,0.0
Neuss,152457,51.21265,6.636691,2018-08-03,29.0,,34.0,0.0
Neuss,152457,51.21265,6.636691,2018-08-04,17.0,,31.9,0.0
Neuss,152457,51.21265,6.636691,2018-08-05,13.0,,27.5,0.0
Neuss,152457,51.21265,6.636691,2018-08-06,17.0,,32.5,0.0
Neuss,152457,51.21265,6.636691,2018-08-07,28.0,,35.4,0.0
Neuss,152457,51.21265,6.636691,2018-08-08,29.0,,26.9,2.5
Neuss,152457,51.21265,6.636691,2018-08-09,20.0,,28.7,3.0
Neuss,152457,51.21265,6.636691,2018-08-10,13.0,,22.4,0.1
Neuss,152457,51.21265,6.636691,2018-08-11,11.0,,21.5,3.4
Neuss,152457,51.21265,6.636691,2018-08-12,12.0,,27.5,0.0
Neuss,152457,51.21265,6.636691,2018-08-13,13.0,,22.4,8.0
Neuss,152457,51.21265,6.636691,2018-08-14,14.0,,24.3,0.8
Neuss,152457,51.21265,6.636691,2018-08-15,19.0,,24.5,0.3
Neuss,152457,51.21265,6.636691,2018-08-16,25.0,,27.4,0.0
Neuss,152457,51.21265,6.636691,2018-08-17,16.0,,22.9,1.2
Neuss,152457,51.21265,6.636691,2018-08-18,17.0,,24.8,0.0
Neuss,152457,51.21265,6.636691,2018-08-19,17.0,,25.4,0.0
Neuss,152457,51.21265,6.636691,2018-08-20,16.0,,23.6,0.7
Neuss,152457,51.21265,6.636691,2018-08-21,14.0,,25.9,3.2
Neuss,152457,51.21265,6.636691,2018-08-22,30.0,,28.8,0.0
Neuss,152457,51.21265,6.636691,2018-08-23,30.0,,26.6,0.0
Neuss,152457,51.21265,6.636691,2018-08-24,14.0,,20.5,0.1
Neuss,152457,51.21265,6.636691,2018-08-25,13.0,,17.5,4.1
Neuss,152457,51.21265,6.636691,2018-08-26,11.0,,20.7,1.5
Neuss,152457,51.21265,6.636691,2018-08-27,15.0,,21.9,4.1
Neuss,152457,51.21265,6.636691,2018-08-28,21.0,,23.4,0.0
Neuss,152457,51.21265,6.636691,2018-08-29,26.0,,26.5,5.0
Neuss,152457,51.21265,6.636691,2018-08-30,13.0,,20.1,4.7
Neuss,152457,51.21265,6.636691,2018-08-31,11.0,,19.2,0.2
Neuss,152457,51.21265,6.636691,2018-09-01,12.0,,20.0,0.0
Neuss,152457,51.21265,6.636691,2018-09-02,11.0,,24.0,0.0
Neuss,152457,51.21265,6.636691,2018-09-03,27.0,,22.1,2.4
Neuss,152457,51.21265,6.636691,2018-09-04,42.0,,25.6,0.4
Neuss,152457,51.21265,6.636691,2018-09-05,40.0,,27.2,0.1
Neuss,152457,51.21265,6.636691,2018-09-06,31.0,,22.0,11.8
Neuss,152457,51.21265,6.636691,2018-09-07,25.0,,18.7,1.6
Neuss,152457,51.21265,6.636691,2018-09-08,18.0,,20.7,0.2
Neuss,152457,51.21265,6.636691,2018-09-09,14.0,,24.5,0.0
Neuss,152457,51.21265,6.636691,2018-09-10,22.0,,22.5,0.0
Neuss,152457,51.21265,6.636691,2018-09-11,27.0,,26.4,0.0
Neuss,152457,51.21265,6.636691,2018-09-12,21.0,,24.9,0.0
Neuss,152457,51.21265,6.636691,2018-09-13,19.0,,18.1,4.8
Neuss,152457,51.21265,6.636691,2018-09-14,26.0,,20.4,0.0
Neuss,152457,51.21265,6.636691,2018-09-15,16.0,,20.1,0.1
Neuss,152457,51.21265,6.636691,2018-09-16,17.0,,23.7,0.0
Neuss,152457,51.21265,6.636691,2018-09-17,25.0,,26.5,0.0
Neuss,152457,51.21265,6.636691,2018-09-18,25.0,,31.0,0.0
Neuss,152457,51.21265,6.636691,2018-09-19,31.0,,27.8,0.1
Neuss,152457,51.21265,6.636691,2018-09-20,31.0,,26.5,0.0
Neuss,152457,51.21265,6.636691,2018-09-21,16.0,,22.6,3.7
Neuss,152457,51.21265,6.636691,2018-09-22,8.0,,16.6,5.1
Neuss,152457,51.21265,6.636691,2018-09-23,6.0,,12.6,21.5
Neuss,152457,51.21265,6.636691,2018-09-24,11.0,,14.1,0.8
Neuss,152457,51.21265,6.636691,2018-09-25,23.0,,14.6,0.0
Neuss,152457,51.21265,6.636691,2018-09-26,21.0,,18.4,0.0
Neuss,152457,51.21265,6.636691,2018-09-27,26.0,,21.9,0.0
Neuss,152457,51.21265,6.636691,2018-09-28,,,15.8,0.5
Neuss,152457,51.21265,6.636691,2018-09-29,15.0,,15.5,0.0
Neuss,152457,51.21265,6.636691,2018-09-30,17.0,,16.6,0.0
Neuss,152457,51.21265,6.636691,2018-10-01,10.0,,13.2,0.8
Neuss,152457,51.21265,6.636691,2018-10-02,13.0,,13.9,1.8
Neuss,152457,51.21265,6.636691,2018-10-03,23.0,,15.8,0.0
Neuss,152457,51.21265,6.636691,2018-10-04,24.0,,17.9,0.6
Neuss,152457,51.21265,6.636691,2018-10-05,18.0,,21.4,0.0
Neuss,152457,51.21265,6.636691,2018-10-06,21.0,,24.8,0.0
Neuss,152457,51.21265,6.636691,2018-10-07,11.0,,15.6,0.5
Neuss,152457,51.21265,6.636691,2018-10-08,31.0,,16.7,0.0
Neuss,152457,51.21265,6.636691,2018-10-09,31.0,,19.9,0.0
Neuss,152457,51.21265,6.636691,2018-10-10,25.0,,23.9,0.0
Neuss,152457,51.21265,6.636691,2018-10-11,22.0,,23.0,0.2
Neuss,152457,51.21265,6.636691,2018-10-12,21.0,,26.2,0.0
Neuss,152457,51.21265,6.636691,2018-10-13,16.0,,27.0,0.0
Neuss,152457,51.21265,6.636691,2018-10-14,18.0,,26.0,0.0
Neuss,152457,51.21265,6.636691,2018-10-15,30.0,,25.3,0.0
Neuss,152457,51.21265,6.636691,2018-10-16,38.0,,24.9,0.0
Neuss,152457,51.21265,6.636691,2018-10-17,39.0,,21.5,0.0
Neuss,152457,51.21265,6.636691,2018-10-18,24.0,,17.4,0.0
Neuss,152457,51.21265,6.636691,2018-10-19,26.0,,16.4,0.0
Neuss,152457,51.21265,6.636691,2018-10-20,31.0,,14.8,0.0
Neuss,152457,51.21265,6.636691,2018-10-21,25.0,,16.1,0.0
Neuss,152457,51.21265,6.636691,2018-10-22,23.0,,14.3,1.7
Neuss,152457,51.21265,6.636691,2018-10-23,25.0,,13.9,0.0
Neuss,152457,51.21265,6.636691,2018-10-24,12.0,,15.4,1.1
Neuss,152457,51.21265,6.636691,2018-10-25,27.0,,14.4,0.8
Neuss,152457,51.21265,6.636691,2018-10-26,27.0,,11.8,2.4
Neuss,152457,51.21265,6.636691,2018-10-27,15.0,,10.1,0.0
Neuss,152457,51.21265,6.636691,2018-10-28,10.0,,7.3,0.0
Neuss,152457,51.21265,6.636691,2018-10-29,10.0,,7.4,0.6
Neuss,152457,51.21265,6.636691,2018-10-30,9.0,,8.6,9.4
Neuss,152457,51.21265,6.636691,2018-10-31,16.0,,10.6,0.1
Neuss,152457,51.21265,6.636691,2018-11-01,12.0,,11.1,3.1
Neuss,152457,51.21265,6.636691,2018-11-02,18.0,,11.2,0.6
Neuss,152457,51.21265,6.636691,2018-11-03,28.0,,9.2,0.0
Neuss,152457,51.21265,6.636691,2018-11-04,20.0,,13.0,0.0
Neuss,152457,51.21265,6.636691,2018-11-05,19.0,,13.3,0.0
Neuss,152457,51.21265,6.636691,2018-11-06,25.0,,17.1,0.0
Neuss,152457,51.21265,6.636691,2018-11-07,24.0,,16.5,0.6
Neuss,152457,51.21265,6.636691,2018-11-08,18.0,,13.4,0.0
Neuss,152457,51.21265,6.636691,2018-11-09,21.0,,14.9,0.6
Neuss,152457,51.21265,6.636691,2018-11-10,11.0,,13.8,7.4
Neuss,152457,51.21265,6.636691,2018-11-11,4.0,,14.6,4.1
Neuss,152457,51.21265,6.636691,2018-11-12,13.0,,16.6,6.8
Neuss,152457,51.21265,6.636691,2018-11-13,24.0,,13.0,0.2
Neuss,152457,51.21265,6.636691,2018-11-14,15.0,,11.9,0.0
Neuss,152457,51.21265,6.636691,2018-11-15,16.0,,9.8,0.0
Neuss,152457,51.21265,6.636691,2018-11-16,22.0,,11.0,0.0
Neuss,152457,51.21265,6.636691,2018-11-17,17.0,,11.4,0.0
Neuss,152457,51.21265,6.636691,2018-11-18,22.0,,6.7,0.0
Neuss,152457,51.21265,6.636691,2018-11-19,12.0,,5.8,0.0
Neuss,152457,51.21265,6.636691,2018-11-20,18.0,,5.6,0.0
Neuss,152457,51.21265,6.636691,2018-11-21,23.0,,6.0,0.0
Neuss,152457,51.21265,6.636691,2018-11-22,22.0,,6.2,0.0
Neuss,152457,51.21265,6.636691,2018-11-23,26.0,,8.8,0.0
Neuss,152457,51.21265,6.636691,2018-11-24,20.0,,5.1,4.6
Neuss,152457,51.21265,6.636691,2018-11-25,26.0,,4.9,0.4
Neuss,152457,51.21265,6.636691,2018-11-26,27.0,,6.3,2.8
Neuss,152457,51.21265,6.636691,2018-11-27,25.0,,5.8,0.3
Neuss,152457,51.21265,6.636691,2018-11-28,24.0,,6.8,3.7
Neuss,152457,51.21265,6.636691,2018-11-29,15.0,,8.4,2.1
Neuss,152457,51.21265,6.636691,2018-11-30,37.0,,11.7,0.0
Neuss,152457,51.21265,6.636691,2018-12-01,26.0,,10.5,3.9
Neuss,152457,51.21265,6.636691,2018-12-02,4.0,,14.1,16.8
Neuss,152457,51.21265,6.636691,2018-12-03,11.0,,12.8,10.2
Neuss,152457,51.21265,6.636691,2018-12-04,20.0,,10.2,2.3
Neuss,152457,51.21265,6.636691,2018-12-05,21.0,,7.0,1.1
Neuss,152457,51.21265,6.636691,2018-12-06,19.0,,11.9,2.6
Neuss,152457,51.21265,6.636691,2018-12-07,26.0,,12.4,10.7
Neuss,152457,51.21265,6.636691,2018-12-08,12.0,,9.7,4.2
Neuss,152457,51.21265,6.636691,2018-12-09,13.0,,8.8,5.5
Neuss,152457,51.21265,6.636691,2018-12-10,13.0,,6.0,1.6
Neuss,152457,51.21265,6.636691,2018-12-11,19.0,,6.3,1.2
Neuss,152457,51.21265,6.636691,2018-12-12,21.0,,4.8,0.3
Neuss,152457,51.21265,6.636691,2018-12-13,16.0,,3.8,0.0
Neuss,152457,51.21265,6.636691,2018-12-14,21.0,,3.0,0.3
Neuss,152457,51.21265,6.636691,2018-12-15,18.0,,1.6,0.0
Neuss,152457,51.21265,6.636691,2018-12-16,25.0,,2.3,3.1
Neuss,152457,51.21265,6.636691,2018-12-17,19.0,,7.7,2.0
Neuss,152457,51.21265,6.636691,2018-12-18,14.0,,7.9,0.0
Neuss,152457,51.21265,6.636691,2018-12-19,19.0,,10.4,0.8
Neuss,152457,51.21265,6.636691,2018-12-20,17.0,,8.4,3.9
Neuss,152457,51.21265,6.636691,2018-12-21,17.0,,13.1,14.6
Neuss,152457,51.21265,6.636691,2018-12-22,17.0,,10.2,6.0
Neuss,152457,51.21265,6.636691,2018-12-23,16.0,,8.9,9.6
Neuss,152457,51.21265,6.636691,2018-12-24,13.0,,6.8,1.3
Neuss,152457,51.21265,6.636691,2018-12-25,23.0,,5.3,0.0
Neuss,152457,51.21265,6.636691,2018-12-26,23.0,,4.0,0.0
Neuss,152457,51.21265,6.636691,2018-12-27,25.0,,4.2,0.0
Neuss,152457,51.21265,6.636691,2018-12-28,34.0,,4.1,0.5
Neuss,152457,51.21265,6.636691,2018-12-29,26.0,,9.3,2.0
Neuss,152457,51.21265,6.636691,2018-12-30,16.0,,7.9,0.4
Neuss,152457,51.21265,6.636691,2018-12-31,23.0,,9.4,2.1
Neuss,152457,51.21265,6.636691,2019-01-01,28.0,,7.8,1.7
Neuss,152457,51.21265,6.636691,2019-01-02,21.0,,6.2,0.4
Neuss,152457,51.21265,6.636691,2019-01-03,15.0,,4.9,0.4
Neuss,152457,51.21265,6.636691,2019-01-04,25.0,,4.8,0.3
Neuss,152457,51.21265,6.636691,2019-01-05,11.0,,6.9,2.2
Neuss,152457,51.21265,6.636691,2019-01-06,14.0,,6.2,0.2
Neuss,152457,51.21265,6.636691,2019-01-07,33.0,,7.6,2.1
Neuss,152457,51.21265,6.636691,2019-01-08,15.0,,7.9,4.6
Neuss,152457,51.21265,6.636691,2019-01-09,13.0,,5.2,1.1
Neuss,152457,51.21265,6.636691,2019-01-10,23.0,,3.0,0.5
Neuss,152457,51.21265,6.636691,2019-01-11,18.0,,6.7,2.6
Neuss,152457,51.21265,6.636691,2019-01-12,14.0,,6.9,3.9
Neuss,152457,51.21265,6.636691,2019-01-13,12.0,,8.8,11.1
Neuss,152457,51.21265,6.636691,2019-01-14,12.0,,6.3,2.8
Neuss,152457,51.21265,6.636691,2019-01-15,19.0,,6.6,0.0
Neuss,152457,51.21265,6.636691,2019-01-16,19.0,,6.8,0.9
Neuss,152457,51.21265,6.636691,2019-01-17,12.0,,5.6,5.3
Neuss,152457,51.21265,6.636691,2019-01-18,24.0,,3.0,0.1
Neuss,152457,51.21265,6.636691,2019-01-19,16.0,,2.7,0.0
Neuss,152457,51.21265,6.636691,2019-01-20,23.0,,1.8,0.0
Neuss,152457,51.21265,6.636691,2019-01-21,47.0,,1.1,0.0
Neuss,152457,51.21265,6.636691,2019-01-22,38.0,,1.6,2.6
Neuss,152457,51.21265,6.636691,2019-01-23,37.0,,0.6,0.0
Neuss,152457,51.21265,6.636691,2019-01-24,51.0,,-1.6,0.0
Neuss,152457,51.21265,6.636691,2019-01-25,59.0,,3.5,1.8
Neuss,152457,51.21265,6.636691,2019-01-26,15.0,,7.7,1.7
Neuss,152457,51.21265,6.636691,2019-01-27,6.0,,7.1,6.5
Neuss,152457,51.21265,6.636691,2019-01-28,7.0,,4.0,7.0
Neuss,152457,51.21265,6.636691,2019-01-29,20.0,,4.4,0.1
Neuss,152457,51.21265,6.636691,2019-01-30,20.0,,1.1,5.8
Neuss,152457,51.21265,6.636691,2019-01-31,19.0,,0.4,0.0
Neuss,152457,51.21265,6.636691,2019-02-01,15.0,,5.5,2.5
Neuss,152457,51.21265,6.636691,2019-02-02,31.0,,1.8,8.1
Neuss,152457,51.21265,6.636691,2019-02-03,27.0,,5.2,0.1
Neuss,152457,51.21265,6.636691,2019-02-04,21.0,,5.3,0.2
Neuss,152457,51.21265,6.636691,2019-02-05,16.0,,6.0,0.0
Neuss,152457,51.21265,6.636691,2019-02-06,25.0,,9.7,0.0
Neuss,152457,51.21265,6.636691,2019-02-07,17.0,,9.7,4.0
Neuss,152457,51.21265,6.636691,2019-02-08,9.0,,9.7,0.6
Neuss,152457,51.21265,6.636691,2019-02-09,6.0,,9.9,3.2
Neuss,152457,51.21265,6.636691,2019-02-10,3.0,,9.9,16.2
Neuss,152457,51.21265,6.636691,2019-02-11,12.0,,6.6,6.1
Neuss,152457,51.21265,6.636691,2019-02-12,30.0,,7.4,0.4
Neuss,152457,51.21265,6.636691,2019-02-13,30.0,,8.4,0.0
Neuss,152457,51.21265,6.636691,2019-02-14,24.0,,10.5,0.0
Neuss,152457,51.21265,6.636691,2019-02-15,15.0,,13.5,0.0
Neuss,152457,51.21265,6.636691,2019-02-16,26.0,,14.4,0.0
Neuss,152457,51.21265,6.636691,2019-02-17,23.0,,14.9,0.0
Neuss,152457,51.21265,6.636691,2019-02-18,28.0,,14.4,0.0
Neuss,152457,51.21265,6.636691,2019-02-19,20.0,,10.7,0.3
Neuss,152457,51.21265,6.636691,2019-02-20,30.0,,10.6,0.0
Neuss,152457,51.21265,6.636691,2019-02-21,34.0,,12.2,1.6
Neuss,152457,51.21265,6.636691,2019-02-22,19.0,,12.1,0.2
Neuss,152457,51.21265,6.636691,2019-02-23,13.0,,10.3,0.0
Neuss,152457,51.21265,6.636691,2019-02-24,,,12.4,0.0
Neuss,152457,51.21265,6.636691,2019-02-25,,,14.8,0.0
Neuss,152457,51.21265,6.636691,2019-02-26,35.0,,16.6,0.0
Neuss,152457,51.21265,6.636691,2019-02-27,43.0,,16.1,0.0
Neuss,152457,51.21265,6.636691,2019-02-28,43.0,,14.6,2.0
Neuss,152457,51.21265,6.636691,2019-03-01,24.0,,8.7,2.3
Neuss,152457,51.21265,6.636691,2019-03-02,21.0,,11.8,0.5
Neuss,152457,51.21265,6.636691,2019-03-03,9.0,,13.0,5.3
Neuss,152457,51.21265,6.636691,2019-03-04,8.0,,12.9,2.5
Neuss,152457,51.21265,6.636691,2019-03-05,10.0,,9.9,1.3
Neuss,152457,51.21265,6.636691,2019-03-06,14.0,,12.2,1.5
Neuss,152457,51.21265,6.636691,2019-03-07,11.0,,11.2,3.4
Neuss,152457,51.21265,6.636691,2019-03-08,12.0,,10.3,2.3
Neuss,152457,51.21265,6.636691,2019-03-09,8.0,,11.8,4.1
Neuss,152457,51.21265,6.636691,2019-03-10,9.0,,11.9,12.8
Neuss,152457,51.21265,6.636691,2019-03-11,8.0,,6.9,2.4
Neuss,152457,51.21265,6.636691,2019-03-12,20.0,,10.6,0.7
Neuss,152457,51.21265,6.636691,2019-03-13,8.0,,7.7,5.3
Neuss,152457,51.21265,6.636691,2019-03-14,9.0,,9.8,8.8
Neuss,152457,51.21265,6.636691,2019-03-15,11.0,,11.7,7.8
Neuss,152457,51.21265,6.636691,2019-03-16,6.0,,11.7,8.0
Neuss,152457,51.21265,6.636691,2019-03-17,8.0,,10.1,2.5
Neuss,152457,51.21265,6.636691,2019-03-18,12.0,,9.4,2.3
Neuss,152457,51.21265,6.636691,2019-03-19,28.0,,10.2,0.0
Neuss,152457,51.21265,6.636691,2019-03-20,26.0,,12.8,0.0
Neuss,152457,51.21265,6.636691,2019-03-21,26.0,,15.1,0.0
Neuss,152457,51.21265,6.636691,2019-03-22,31.0,,18.0,0.0
Neuss,152457,51.21265,6.636691,2019-03-23,46.0,,11.4,0.7
Neuss,152457,51.21265,6.636691,2019-03-24,15.0,,10.6,0.6
Neuss,152457,51.21265,6.636691,2019-03-25,13.0,,9.8,2.7
Neuss,152457,51.21265,6.636691,2019-03-26,15.0,,8.4,0.1
Neuss,152457,51.21265,6.636691,2019-03-27,27.0,,10.6,0.0
Neuss,152457,51.21265,6.636691,2019-03-28,30.0,,12.2,0.0
Neuss,152457,51.21265,6.636691,2019-03-29,23.0,,16.5,0.0
Neuss,152457,51.21265,6.636691,2019-03-30,22.0,,18.1,0.0
Neuss,152457,51.21265,6.636691,2019-03-31,30.0,,12.6,0.7
Neuss,152457,51.21265,6.636691,2019-04-01,16.0,,15.4,0.0
Neuss,152457,51.21265,6.636691,2019-04-02,24.0,,15.1,1.1
Neuss,152457,51.21265,6.636691,2019-04-03,12.0,,9.8,4.4
Neuss,152457,51.21265,6.636691,2019-04-04,18.0,,7.9,2.1
Neuss,152457,51.21265,6.636691,2019-04-05,24.0,,9.8,0.0
Neuss,152457,51.21265,6.636691,2019-04-06,26.0,,16.2,0.0
Neuss,152457,51.21265,6.636691,2019-04-07,34.0,,19.2,0.2
Neuss,152457,51.21265,6.636691,2019-04-08,47.0,,18.4,0.2
Neuss,152457,51.21265,6.636691,2019-04-09,35.0,,15.2,0.4
Neuss,152457,51.21265,6.636691,2019-04-10,23.0,,12.1,0.0
Neuss,152457,51.21265,6.636691,2019-04-11,21.0,,10.2,0.0
Neuss,152457,51.21265,6.636691,2019-04-12,14.0,,6.7,0.0
Neuss,152457,51.21265,6.636691,2019-04-13,17.0,,7.4,1.7
Neuss,152457,51.21265,6.636691,2019-04-14,23.0,,10.1,0.1
Neuss,152457,51.21265,6.636691,2019-04-15,20.0,,15.9,0.0
Neuss,152457,51.21265,6.636691,2019-04-16,23.0,,18.4,0.1
Neuss,152457,51.21265,6.636691,2019-04-17,11.0,,16.0,1.8
Neuss,152457,51.21265,6.636691,2019-04-18,19.0,,21.1,0.0
Neuss,152457,51.21265,6.636691,2019-04-19,13.0,,22.9,0.0
Neuss,152457,51.21265,6.636691,2019-04-20,21.0,,23.1,0.0
Neuss,152457,51.21265,6.636691,2019-04-21,30.0,,22.7,0.0
Neuss,152457,51.21265,6.636691,2019-04-22,17.0,,23.5,0.0
Neuss,152457,51.21265,6.636691,2019-04-23,20.0,,21.4,0.0
Neuss,152457,51.21265,6.636691,2019-04-24,27.0,,24.2,5.8
Neuss,152457,51.21265,6.636691,2019-04-25,9.0,,20.5,5.3
Neuss,152457,51.21265,6.636691,2019-04-26,11.0,,15.5,2.7
Neuss,152457,51.21265,6.636691,2019-04-27,10.0,,11.9,6.3
Neuss,152457,51.21265,6.636691,2019-04-28,8.0,,12.1,3.2
Neuss,152457,51.21265,6.636691,2019-04-29,18.0,,15.3,1.0
Neuss,152457,51.21265,6.636691,2019-04-30,25.0,,16.2,0.0
Neuss,152457,51.21265,6.636691,2019-05-01,40.0,,16.1,0.0
Neuss,152457,51.21265,6.636691,2019-05-02,35.0,,14.9,2.0
Neuss,152457,51.21265,6.636691,2019-05-03,14.0,,12.2,1.9
Neuss,152457,51.21265,6.636691,2019-05-04,7.0,,9.4,9.7
Neuss,152457,51.21265,6.636691,2019-05-05,13.0,,10.7,2.2
Neuss,152457,51.21265,6.636691,2019-05-06,19.0,,11.1,2.2
Neuss,152457,51.21265,6.636691,2019-05-07,21.0,,12.4,0.1
Neuss,152457,51.21265,6.636691,2019-05-08,15.0,,12.9,8.0
Neuss,152457,51.21265,6.636691,2019-05-09,8.0,,15.7,0.6
Neuss,152457,51.21265,6.636691,2019-05-10,13.0,,14.1,1.6
Neuss,152457,51.21265,6.636691,2019-05-11,18.0,,14.6,3.2
Neuss,152457,51.21265,6.636691,2019-05-12,11.0,,12.9,0.1
Neuss,152457,51.21265,6.636691,2019-05-13,13.0,,15.1,0.0
Neuss,152457,51.21265,6.636691,2019-05-14,13.0,,14.3,0.0
Neuss,152457,51.21265,6.636691,2019-05-15,14.0,,15.9,0.0
Neuss,152457,51.21265,6.636691,2019-05-16,13.0,,15.7,0.6
Neuss,152457,51.21265,6.636691,2019-05-17,13.0,,13.4,4.1
Neuss,152457,51.21265,6.636691,2019-05-18,14.0,,20.7,0.0
Neuss,152457,51.21265,6.636691,2019-05-19,22.0,,21.5,0.0
Neuss,152457,51.21265,6.636691,2019-05-20,24.0,,18.0,0.7
Neuss,152457,51.21265,6.636691,2019-05-21,16.0,,14.6,10.7
Neuss,152457,51.21265,6.636691,2019-05-22,16.0,,17.8,0.6
Neuss,152457,51.21265,6.636691,2019-05-23,25.0,,21.3,0.0
Neuss,152457,51.21265,6.636691,2019-05-24,18.0,,22.0,0.0
Neuss,152457,51.21265,6.636691,2019-05-25,14.0,,18.4,0.1
Neuss,152457,51.21265,6.636691,2019-05-26,14.0,,20.1,0.1
Neuss,152457,51.21265,6.636691,2019-05-27,13.0,,19.3,1.2
Neuss,152457,51.21265,6.636691,2019-05-28,15.0,,14.6,10.5
Neuss,152457,51.21265,6.636691,2019-05-29,13.0,,18.2,0.0
Neuss,152457,51.21265,6.636691,2019-05-30,11.0,,19.8,2.9
Neuss,152457,51.21265,6.636691,2019-05-31,10.0,,22.0,0.0
Neuss,152457,51.21265,6.636691,2019-06-01,14.0,,25.6,0.0
Neuss,152457,51.21265,6.636691,2019-06-02,15.0,,29.5,0.0
Neuss,152457,51.21265,6.636691,2019-06-03,14.0,,23.4,0.0
Neuss,152457,51.21265,6.636691,2019-06-04,15.0,,27.1,0.4
Neuss,152457,51.21265,6.636691,2019-06-05,14.0,,25.0,0.4
Neuss,152457,51.21265,6.636691,2019-06-06,11.0,,18.6,12.3
Neuss,152457,51.21265,6.636691,2019-06-07,7.0,,24.1,0.9
Neuss,152457,51.21265,6.636691,2019-06-08,14.0,,18.4,0.3
Neuss,152457,51.21265,6.636691,2019-06-09,8.0,,21.4,0.0
Neuss,152457,51.21265,6.636691,2019-06-10,15.0,,23.4,2.0
Neuss,152457,51.21265,6.636691,2019-06-11,11.0,,20.3,0.2
Neuss,152457,51.21265,6.636691,2019-06-12,15.0,,19.7,7.6
Neuss,152457,51.21265,6.636691,2019-06-13,14.0,,20.7,0.2
Neuss,152457,51.21265,6.636691,2019-06-14,12.0,,24.4,0.0
Neuss,152457,51.21265,6.636691,2019-06-15,17.0,,21.6,9.6
Neuss,152457,51.21265,6.636691,2019-06-16,8.0,,22.0,0.4
Neuss,152457,51.21265,6.636691,2019-06-17,11.0,,25.5,0.0
Neuss,152457,51.21265,6.636691,2019-06-18,21.0,,27.3,0.0
Neuss,152457,51.21265,6.636691,2019-06-19,23.0,,29.4,2.9
Neuss,152457,51.21265,6.636691,2019-06-20,13.0,,21.8,1.5
Neuss,152457,51.21265,6.636691,2019-06-21,12.0,,20.8,0.0
Neuss,152457,51.21265,6.636691,2019-06-22,13.0,,25.0,0.0
Neuss,152457,51.21265,6.636691,2019-06-23,10.0,,29.4,0.0
Neuss,152457,51.21265,6.636691,2019-06-24,12.0,,31.5,0.0
Neuss,152457,51.21265,6.636691,2019-06-25,19.0,,35.5,0.0
Neuss,152457,51.21265,6.636691,2019-06-26,31.0,,30.5,0.0
Neuss,152457,51.21265,6.636691,2019-06-27,14.0,,25.6,0.0
Neuss,152457,51.21265,6.636691,2019-06-28,13.0,,26.6,0.0
Neuss,152457,51.21265,6.636691,2019-06-29,10.0,,32.5,0.0
Neuss,152457,51.21265,6.636691,2019-06-30,,,30.3,0.0
Neuss,152457,51.21265,6.636691,2019-07-01,,,25.0,0.0
Neuss,152457,51.21265,6.636691,2019-07-02,5.0,,22.8,0.2
Neuss,152457,51.21265,6.636691,2019-07-03,7.0,,21.6,0.0
Neuss,152457,51.21265,6.636691,2019-07-04,8.0,,23.4,0.0
Neuss,152457,51.21265,6.636691,2019-07-05,15.0,,26.9,0.0
Neuss,152457,51.21265,6.636691,2019-07-06,12.0,,26.5,0.5
Neuss,152457,51.21265,6.636691,2019-07-07,5.0,,19.1,0.2
Neuss,152457,51.21265,6.636691,2019-07-08,7.0,,18.1,0.3
Neuss,152457,51.21265,6.636691,2019-07-09,8.0,,20.0,0.0
Neuss,152457,51.21265,6.636691,2019-07-10,14.0,,23.5,1.8
Neuss,152457,51.21265,6.636691,2019-07-11,23.0,,24.9,2.9
Neuss,152457,51.21265,6.636691,2019-07-12,20.0,,24.2,8.2
Neuss,152457,51.21265,6.636691,2019-07-13,10.0,,21.5,1.8
Neuss,152457,51.21265,6.636691,2019-07-14,10.0,,18.5,0.4
Neuss,152457,51.21265,6.636691,2019-07-15,12.0,,17.6,0.0
Neuss,152457,51.21265,6.636691,2019-07-16,15.0,,20.0,0.0
Neuss,152457,51.21265,6.636691,2019-07-17,32.0,,21.9,0.0
Neuss,152457,51.21265,6.636691,2019-07-18,20.0,,26.0,0.2
Neuss,152457,51.21265,6.636691,2019-07-19,18.0,,24.7,0.2
Neuss,152457,51.21265,6.636691,2019-07-20,18.0,,27.0,7.9
Neuss,152457,51.21265,6.636691,2019-07-21,14.0,,23.8,1.0
Neuss,152457,51.21265,6.636691,2019-07-22,15.0,,28.3,0.0
Neuss,152457,51.21265,6.636691,2019-07-23,21.0,,33.1,0.0
Neuss,152457,51.21265,6.636691,2019-07-24,24.0,,37.5,0.0
Neuss,152457,51.21265,6.636691,2019-07-25,35.0,,39.3,0.0
Neuss,152457,51.21265,6.636691,2019-07-26,34.0,,38.0,0.0
Neuss,152457,51.21265,6.636691,2019-07-27,35.0,,29.2,6.0
Neuss,152457,51.21265,6.636691,2019-07-28,28.0,,22.7,11.8
Neuss,152457,51.21265,6.636691,2019-07-29,18.0,,25.3,0.0
Neuss,152457,51.21265,6.636691,2019-07-30,12.0,,29.2,0.0
Neuss,152457,51.21265,6.636691,2019-07-31,4.0,,23.3,0.1
Neuss,152457,51.21265,6.636691,2019-08-01,9.0,,23.9,0.3
Neuss,152457,51.21265,6.636691,2019-08-02,17.0,,24.4,6.6
Neuss,152457,51.21265,6.636691,2019-08-03,2.0,,22.2,0.6
Neuss,152457,51.21265,6.636691,2019-08-04,1.0,,25.9,0.0
Neuss,152457,51.21265,6.636691,2019-08-05,2.0,,27.6,0.7
Neuss,152457,51.21265,6.636691,2019-08-06,3.0,,26.0,1.0
Neuss,152457,51.21265,6.636691,2019-08-07,2.0,,24.2,0.4
Neuss,152457,51.21265,6.636691,2019-08-08,12.0,,24.2,0.4
Neuss,152457,51.21265,6.636691,2019-08-09,21.0,,26.4,18.6
Neuss,152457,51.21265,6.636691,2019-08-10,21.0,,24.4,0.6
Neuss,152457,51.21265,6.636691,2019-08-11,15.0,,22.6,0.0
Neuss,152457,51.21265,6.636691,2019-08-12,15.0,,23.0,4.6
Neuss,152457,51.21265,6.636691,2019-08-13,14.0,,20.4,2.7
Neuss,152457,51.21265,6.636691,2019-08-14,14.0,,23.0,2.6
Neuss,152457,51.21265,6.636691,2019-08-15,13.0,,21.8,3.8
Neuss,152457,51.21265,6.636691,2019-08-16,16.0,,22.4,0.2
Neuss,152457,51.21265,6.636691,2019-08-17,13.0,,21.5,3.6
Neuss,152457,51.21265,6.636691,2019-08-18,7.0,,22.6,16.7
Neuss,152457,51.21265,6.636691,2019-08-19,16.0,,21.9,0.0
Neuss,152457,51.21265,6.636691,2019-08-20,19.0,,21.2,0.0
Neuss,152457,51.21265,6.636691,2019-08-21,27.0,,22.3,0.0
Neuss,152457,51.21265,6.636691,2019-08-22,21.0,,25.8,0.0
Neuss,152457,51.21265,6.636691,2019-08-23,29.0,,27.4,0.0
Neuss,152457,51.21265,6.636691,2019-08-24,25.0,,29.3,0.0
Neuss,152457,51.21265,6.636691,2019-08-25,25.0,,30.2,0.0
Neuss,152457,51.21265,6.636691,2019-08-26,36.0,,32.3,0.0
Neuss,152457,51.21265,6.636691,2019-08-27,33.0,,32.8,0.0
Neuss,152457,51.21265,6.636691,2019-08-28,34.0,,30.6,0.7
Neuss,152457,51.21265,6.636691,2019-08-29,20.0,,25.0,4.1
Neuss,152457,51.21265,6.636691,2019-08-30,22.0,,25.8,0.0
Neuss,152457,51.21265,6.636691,2019-08-31,32.0,,32.6,0.0
Neuss,152457,51.21265,6.636691,2019-09-01,12.0,,20.6,0.3
Neuss,152457,51.21265,6.636691,2019-09-02,,,21.5,0.0
Neuss,152457,51.21265,6.636691,2019-09-03,,,20.6,0.0
Neuss,152457,51.21265,6.636691,2019-09-04,21.0,,24.4,1.6
Neuss,152457,51.21265,6.636691,2019-09-05,13.0,,18.0,0.2
Neuss,152457,51.21265,6.636691,2019-09-06,20.0,,19.9,0.3
Neuss,152457,51.21265,6.636691,2019-09-07,13.0,,18.7,4.9
Neuss,152457,51.21265,6.636691,2019-09-08,10.0,,16.5,6.2
Neuss,152457,51.21265,6.636691,2019-09-09,16.0,,18.6,0.0
Neuss,152457,51.21265,6.636691,2019-09-10,22.0,,20.0,0.0
Neuss,152457,51.21265,6.636691,2019-09-11,33.0,,18.5,3.8
Neuss,152457,51.21265,6.636691,2019-09-12,15.0,,23.4,0.2
Neuss,152457,51.21265,6.636691,2019-09-13,10.0,,21.0,1.3
Neuss,152457,51.21265,6.636691,2019-09-14,13.0,,21.5,0.0
Neuss,152457,51.21265,6.636691,2019-09-15,17.0,,24.5,0.0
Neuss,152457,51.21265,6.636691,2019-09-16,19.0,,17.5,1.1
Neuss,152457,51.21265,6.636691,2019-09-17,16.0,,17.9,0.3
Neuss,152457,51.21265,6.636691,2019-09-18,17.0,,16.8,0.0
Neuss,152457,51.21265,6.636691,2019-09-19,18.0,,16.8,0.0
Neuss,152457,51.21265,6.636691,2019-09-20,22.0,,19.5,0.0
Neuss,152457,51.21265,6.636691,2019-09-21,13.0,,24.2,0.0
Neuss,152457,51.21265,6.636691,2019-09-22,15.0,,28.2,0.2
Neuss,152457,51.21265,6.636691,2019-09-23,14.0,,20.1,6.6
Neuss,152457,51.21265,6.636691,2019-09-24,14.0,,20.0,3.3
Neuss,152457,51.21265,6.636691,2019-09-25,26.0,,18.7,5.1
Neuss,152457,51.21265,6.636691,2019-09-26,35.0,,18.5,9.1
Neuss,152457,51.21265,6.636691,2019-09-27,28.0,,19.4,4.1
Neuss,152457,51.21265,6.636691,2019-09-28,9.0,,17.5,1.4
Neuss,152457,51.21265,6.636691,2019-09-29,9.0,,17.9,9.7
Neuss,152457,51.21265,6.636691,2019-09-30,20.0,,16.6,2.0
Neuss,152457,51.21265,6.636691,2019-10-01,30.0,,17.6,18.2
Neuss,152457,51.21265,6.636691,2019-10-02,11.0,,14.3,1.9
Neuss,152457,51.21265,6.636691,2019-10-03,14.0,,13.6,1.6
Neuss,152457,51.21265,6.636691,2019-10-04,15.0,,13.8,8.7
Neuss,152457,51.21265,6.636691,2019-10-05,9.0,,13.1,0.1
Neuss,152457,51.21265,6.636691,2019-10-06,9.0,,9.6,16.1
Neuss,152457,51.21265,6.636691,2019-10-07,11.0,,13.4,0.3
Neuss,152457,51.21265,6.636691,2019-10-08,23.0,,14.9,6.6
Neuss,152457,51.21265,6.636691,2019-10-09,19.0,,14.6,4.7
Neuss,152457,51.21265,6.636691,2019-10-10,17.0,,15.1,0.1
Neuss,152457,51.21265,6.636691,2019-10-11,35.0,,16.5,2.5
Neuss,152457,51.21265,6.636691,2019-10-12,34.0,,19.5,1.6
Neuss,152457,51.21265,6.636691,2019-10-13,24.0,,24.0,2.1
Neuss,152457,51.21265,6.636691,2019-10-14,19.0,,22.5,0.4
Neuss,152457,51.21265,6.636691,2019-10-15,22.0,,17.9,5.4
Neuss,152457,51.21265,6.636691,2019-10-16,32.0,,16.3,5.7
Neuss,152457,51.21265,6.636691,2019-10-17,17.0,,16.0,7.2
Neuss,152457,51.21265,6.636691,2019-10-18,29.0,,15.1,0.7
Neuss,152457,51.21265,6.636691,2019-10-19,22.0,,13.9,9.7
Neuss,152457,51.21265,6.636691,2019-10-20,12.0,,12.9,12.5
Neuss,152457,51.21265,6.636691,2019-10-21,31.0,,16.8,3.7
Neuss,152457,51.21265,6.636691,2019-10-22,43.0,,15.2,0.0
Neuss,152457,51.21265,6.636691,2019-10-23,24.0,,17.8,0.0
Neuss,152457,51.21265,6.636691,2019-10-24,40.0,,19.8,0.0
Neuss,152457,51.21265,6.636691,2019-10-25,23.0,,16.4,0.6
Neuss,152457,51.21265,6.636691,2019-10-26,41.0,,19.8,0.0
Neuss,152457,51.21265,6.636691,2019-10-27,15.0,,17.1,3.8
Neuss,152457,51.21265,6.636691,2019-10-28,32.0,,11.4,0.1
Neuss,152457,51.21265,6.636691,2019-10-29,20.0,,11.2,0.0
Neuss,152457,51.21265,6.636691,2019-10-30,20.0,,9.6,0.0
Neuss,152457,51.21265,6.636691,2019-10-31,20.0,,9.8,0.0
Neuss,152457,51.21265,6.636691,2019-11-01,17.0,,11.6,4.5
Neuss,152457,51.21265,6.636691,2019-11-02,38.0,,14.9,8.6
Neuss,152457,51.21265,6.636691,2019-11-03,7.0,,13.8,8.5
Neuss,152457,51.21265,6.636691,2019-11-04,25.0,,12.6,3.6
Neuss,152457,51.21265,6.636691,2019-11-05,26.0,,10.6,2.0
Neuss,152457,51.21265,6.636691,2019-11-06,17.0,,9.9,2.3
Neuss,152457,51.21265,6.636691,2019-11-07,32.0,,10.1,1.9
Neuss,152457,51.21265,6.636691,2019-11-08,23.0,,9.9,0.0
Neuss,152457,51.21265,6.636691,2019-11-09,24.0,,8.4,0.1
Neuss,152457,51.21265,6.636691,2019-11-10,22.0,,8.4,0.0
Neuss,152457,51.21265,6.636691,2019-11-11,24.0,,8.2,2.1
Neuss,152457,51.21265,6.636691,2019-11-12,40.0,,6.6,3.5
Neuss,152457,51.21265,6.636691,2019-11-13,25.0,,8.4,1.9
Neuss,152457,51.21265,6.636691,2019-11-14,15.0,,7.8,0.0
Neuss,152457,51.21265,6.636691,2019-11-15,23.0,,7.3,0.0
Neuss,152457,51.21265,6.636691,2019-11-16,27.0,,8.4,0.0
Neuss,152457,51.21265,6.636691,2019-11-17,22.0,,6.8,5.0
Neuss,152457,51.21265,6.636691,2019-11-18,12.0,,6.5,24.0
Neuss,152457,51.21265,6.636691,2019-11-19,18.0,,7.0,4.2
Neuss,152457,51.21265,6.636691,2019-11-20,20.0,,5.4,0.0
Neuss,152457,51.21265,6.636691,2019-11-21,20.0,,5.4,0.1
Neuss,152457,51.21265,6.636691,2019-11-22,18.0,,9.0,0.8
Neuss,152457,51.21265,6.636691,2019-11-23,18.0,,11.4,0.0
Neuss,152457,51.21265,6.636691,2019-11-24,23.0,,10.6,0.0
Neuss,152457,51.21265,6.636691,2019-11-25,30.0,,9.2,0.0
Neuss,152457,51.21265,6.636691,2019-11-26,17.0,,12.1,1.3
Neuss,152457,51.21265,6.636691,2019-11-27,35.0,,12.4,4.8
Neuss,152457,51.21265,6.636691,2019-11-28,11.0,,10.5,4.9
Neuss,152457,51.21265,6.636691,2019-11-29,20.0,,8.6,0.8
Neuss,152457,51.21265,6.636691,2019-11-30,28.0,,5.8,0.1
Neuss,152457,51.21265,6.636691,2019-12-01,19.0,,4.1,0.0
Neuss,152457,51.21265,6.636691,2019-12-02,29.0,,5.6,0.7
Neuss,152457,51.21265,6.636691,2019-12-03,33.0,,7.2,0.5
Neuss,152457,51.21265,6.636691,2019-12-04,21.0,,5.8,0.0
Neuss,152457,51.21265,6.636691,2019-12-05,56.0,,5.0,0.0
Neuss,152457,51.21265,6.636691,2019-12-06,33.0,,7.4,10.9
Neuss,152457,51.21265,6.636691,2019-12-07,18.0,,9.6,0.4
Neuss,152457,51.21265,6.636691,2019-12-08,19.0,,11.0,3.8
Neuss,152457,51.21265,6.636691,2019-12-09,17.0,,7.5,3.4
Neuss,152457,51.21265,6.636691,2019-12-10,32.0,,6.6,0.0
Neuss,152457,51.21265,6.636691,2019-12-11,15.0,,6.1,8.2
Neuss,152457,51.21265,6.636691,2019-12-12,28.0,,5.9,0.2
Neuss,152457,51.21265,6.636691,2019-12-13,12.0,,6.2,8.0
Neuss,152457,51.21265,6.636691,2019-12-14,30.0,,7.3,9.5
Neuss,152457,51.21265,6.636691,2019-12-15,15.0,,10.4,3.7
Neuss,152457,51.21265,6.636691,2019-12-16,16.0,,8.7,1.7
Neuss,152457,51.21265,6.636691,2019-12-17,,,14.6,5.3
Neuss,152457,51.21265,6.636691,2019-12-18,,,10.1,0.4
Neuss,152457,51.21265,6.636691,2019-12-19,,,12.9,0.0
Neuss,152457,51.21265,6.636691,2019-12-20,,,11.2,1.0
Neuss,152457,51.21265,6.636691,2019-12-21,,,8.9,0.3
Neuss,152457,51.21265,6.636691,2019-12-22,,,9.1,9.9
Neuss,152457,51.21265,6.636691,2019-12-23,,,8.4,0.4
Neuss,152457,51.21265,6.636691,2019-12-24,,,10.2,5.3
Neuss,152457,51.21265,6.636691,2019-12-25,,,8.1,1.9
Neuss,152457,51.21265,6.636691,2019-12-26,,,6.7,0.1
Neuss,152457,51.21265,6.636691,2019-12-27,,,6.9,2.6
Neuss,152457,51.21265,6.636691,2019-12-28,,,3.5,0.0
Neuss,152457,51.21265,6.636691,2019-12-29,,,3.4,0.0
Neuss,152457,51.21265,6.636691,2019-12-30,,,7.9,0.0
Neuss,152457,51.21265,6.636691,2019-12-31,,,5.6,0.0
Neuss,152457,51.21265,6.636691,2020-01-01,,,4.2,0.0
Neuss,152457,51.21265,6.636691,2020-01-02,,,3.6,0.0
Neuss,152457,51.21265,6.636691,2020-01-03,,,9.2,3.2
Neuss,152457,51.21265,6.636691,2020-01-04,,,6.9,1.0
Neuss,152457,51.21265,6.636691,2020-01-05,,,8.0,0.7
Neuss,152457,51.21265,6.636691,2020-01-06,,,5.8,0.0
Neuss,152457,51.21265,6.636691,2020-01-07,,,8.4,1.2
Neuss,152457,51.21265,6.636691,2020-01-08,,,11.4,4.9
