city,date,pm10,pm25,peak_temperature,precipitation_mm
Aachen,2016,18.28688524590164,,13.686338797814207,2.412568306010929
Aachen,2017,17.44931506849315,,13.839178082191781,2.4865753424657533
Aachen,2018,18.070054945054945,,15.122465753424658,2.055068493150685
Aachen,2019,16.165753424657535,,14.533972602739725,2.481917808219178
Aachen,2020,14.255464480874316,8.072948328267477,15.159016393442622,2.312295081967213
Aachen,2021,15.297260273972602,9.567335243553009,13.166027397260274,2.6621917808219178
Aachen,2022,17.715068493150685,9.972527472527473,15.337534246575341,2.22027397260274
Aachen,2023,15.515068493150684,8.476584022038567,14.796986301369863,3.1824657534246574
Aachen,2024,14.28825136612022,7.689075630252101,14.59672131147541,3.4183060109289616
Aachen,2025,16.019178082191782,7.997245179063361,15.00931506849315,1.9482191780821918
Augsburg,2016,18.19330601092896,11.515027322404372,13.705191256830602,2.7669398907103826
Augsburg,2017,17.92853881278539,11.854794520547944,13.648493150684931,2.522739726027397
Augsburg,2018,19.92214611872146,13.12054794520548,15.005753424657534,2.146849315068493
Augsburg,2019,17.41849315068493,10.543835616438356,14.435890410958905,2.575890410958904
Augsburg,2020,15.307377049180328,9.312841530054644,14.518032786885247,2.6704918032786886
Augsburg,2021,15.026712328767124,8.35068493150685,13.096712328767124,2.707397260273973
Augsburg,2022,15.474429223744293,9.694520547945206,14.972602739726028,2.239178082191781
Augsburg,2023,13.9175799086758,8.534246575342467,15.132876712328768,2.755068493150685
Augsburg,2024,14.351548269581057,7.397540983606557,15.075409836065575,3.000546448087432
Augsburg,2025,15.304566210045662,9.817808219178081,14.28027397260274,2.225753424657534
Berlin,2016,23.132988353480158,,14.027049180327868,1.398087431693989
Berlin,2017,22.509458281444584,15.790354424874973,13.504383561643836,2.2904109589041095
Berlin,2018,23.718829389788297,15.574545454545456,15.33041095890411,1.13013698630137
Berlin,2019,19.57283796872838,13.088963608689637,15.508219178082191,1.4575342465753425
Berlin,2020,18.109662195727772,11.739112435833746,15.148360655737706,1.471857923497268
Berlin,2021,19.902266500622662,13.049900373599003,13.518082191780822,1.811232876712329
Berlin,2022,19.244001660440016,12.242611041926109,15.16191780821918,1.3397260273972602
Berlin,2023,16.624564613468724,10.579772966759268,14.98904109589041,2.2764383561643835
Berlin,2024,18.07627759308087,11.319516094106259,15.636338797814206,1.7685792349726774
Berlin,2025,17.97812785388128,11.58062681610627,14.626027397260273,1.6726027397260275
Bielefeld,2016,20.740384615384617,,13.671038251366122,1.8986338797814206
Bielefeld,2017,21.2760989010989,,13.527397260273972,2.8915068493150686
Bielefeld,2018,22.652968036529682,,15.179178082191779,1.907123287671233
Bielefeld,2019,18.78021978021978,,14.62794520547945,2.4238356164383563
Bielefeld,2020,16.936986301369863,,14.695081967213113,2.4330601092896176
Bielefeld,2021,15.835164835164836,10.121951219512194,13.363287671232877,2.4295890410958902
Bielefeld,2022,15.844780219780219,9.938186813186814,15.172876712328769,2.158904109589041
Bielefeld,2023,13.666666666666666,9.016528925619834,14.58109589041096,3.532054794520548
Bielefeld,2024,13.030219780219781,8.837912087912088,14.793989071038252,3.014207650273224
Bielefeld,2025,14.512396694214877,9.758953168044076,14.93808219178082,2.0306849315068494
Bonn,2016,17.47658402203857,,14.526775956284153,2.083879781420765
Bonn,2017,16.86426592797784,,14.937534246575343,2.4416438356164383
Bonn,2018,19.2292817679558,,16.19835616438356,1.8802739726027395
Bonn,2019,15.28888888888889,,15.535616438356165,2.2673972602739725
Bonn,2020,15.777472527472527,,16.15,1.7844262295081967
Bonn,2021,15.217630853994491,,14.327945205479452,2.5364383561643833
Bonn,2022,13.8,8.721264367816092,16.50054794520548,2.3169863013698633
Bonn,2023,12.182320441988951,7.997237569060774,16.007671232876714,3.1871232876712328
Bonn,2024,12.0,8.173553719008265,15.797814207650273,2.9311475409836065
Bonn,2025,13.751396648044693,9.337988826815643,15.936438356164384,2.144657534246575
Bottrop,2016,21.718232044198896,,14.23606557377049,2.160928961748634
Bottrop,2017,21.57967032967033,,14.540000000000001,2.573972602739726
Bottrop,2018,21.060439560439562,,16.002465753424655,1.7846575342465754
Bottrop,2019,19.32967032967033,,15.382739726027397,2.203013698630137
Bottrop,2020,16.50137741046832,,15.536612021857923,2.2295081967213113
Bottrop,2021,16.51396648044693,,13.945205479452055,2.461917808219178
Bottrop,2022,17.47008547008547,,15.826849315068493,2.0786301369863014
Bottrop,2023,15.674094707520892,8.32,15.494520547945205,3.487945205479452
Bottrop,2024,15.398891966759003,10.12087912087912,15.387431693989072,3.1505464480874315
Bottrop,2025,16.947222222222223,10.967836257309942,15.507397260273972,2.172328767123288
Braunschweig,2016,17.031420765027324,13.191176470588236,13.689071038251365,1.5062841530054643
Braunschweig,2017,17.475342465753425,12.545722713864306,13.49123287671233,2.5178082191780824
Braunschweig,2018,18.076712328767123,12.23728813559322,15.295616438356163,1.3506849315068492
Braunschweig,2019,15.008219178082191,9.660112359550562,14.947123287671232,1.903835616438356
Braunschweig,2020,13.525956284153006,7.923497267759563,15.0172131147541,1.830601092896175
Braunschweig,2021,14.53013698630137,8.802197802197803,13.478904109589042,1.9797260273972603
Braunschweig,2022,14.835616438356164,9.511049723756907,15.286027397260273,1.5076712328767121
Braunschweig,2023,12.054794520547945,7.315068493150685,14.877260273972603,2.768219178082192
Braunschweig,2024,13.762295081967213,8.237704918032787,15.33879781420765,2.32103825136612
Braunschweig,2025,14.621917808219179,8.902739726027397,14.79205479452055,1.5947945205479452
Bremen,2016,18.77030965391621,11.506830601092895,13.378142076502732,1.8816939890710385
Bremen,2017,18.683013698630138,11.653424657534247,13.543287671232877,2.586027397260274
Bremen,2018,19.87123287671233,12.95068493150685,15.023835616438356,1.5065753424657533
Bremen,2019,17.971872146118724,11.198173515981736,14.695342465753425,2.0257534246575344
Bremen,2020,16.1658014571949,9.56511839708561,14.742896174863388,2.058196721311475
Bremen,2021,15.942100456621004,9.882648401826483,13.47150684931507,2.286849315068493
Bremen,2022,16.403561643835616,9.681735159817352,14.978356164383563,1.9813698630136987
Bremen,2023,13.833744292237443,8.494977168949772,14.73013698630137,3.157808219178082
Bremen,2024,14.104605776736925,8.819216757741348,15.093715846994536,2.6527322404371585
Bremen,2025,15.742348336594912,8.534931506849315,14.610958904109589,1.673150684931507
Bremerhaven,2016,20.703551912568305,12.197771587743732,12.733879781420766,2.0510928961748633
Bremerhaven,2017,18.96027397260274,11.519444444444444,13.022191780821919,2.871232876712329
Bremerhaven,2018,20.395890410958906,12.322314049586776,14.262739726027396,1.8315068493150686
Bremerhaven,2019,18.247945205479454,11.144846796657381,13.947945205479453,2.3084931506849315
Bremerhaven,2020,16.128415300546447,8.972677595628415,14.086612021857922,2.416393442622951
Bremerhaven,2021,16.27260273972603,9.254847645429363,12.910684931506848,2.6364383561643834
Bremerhaven,2022,17.363013698630137,9.2986301369863,14.183835616438357,2.4964383561643837
Bremerhaven,2023,15.053424657534247,8.656593406593407,14.075342465753424,3.5397260273972604
Bremerhaven,2024,15.099726775956285,9.164835164835164,14.544535519125684,3.044808743169399
Bremerhaven,2025,15.80631868131868,8.301369863013699,13.803835616438356,2.217260273972603
Chemnitz,2016,18.546448087431695,,12.82486338797814,2.5598360655737706
Chemnitz,2017,16.206849315068492,,13.221369863013699,2.563013698630137
Chemnitz,2018,18.294520547945204,,14.742739726027398,1.6764383561643834
Chemnitz,2019,14.972602739726028,,14.563013698630137,2.270958904109589
Chemnitz,2020,13.650273224043715,,14.472131147540985,2.0207650273224043
Chemnitz,2021,14.01917808219178,9.957386363636363,12.642465753424657,2.615068493150685
Chemnitz,2022,13.901369863013699,8.783333333333333,14.5786301369863,2.0257534246575344
Chemnitz,2023,11.121212121212121,7.530612244897959,14.497534246575343,2.8145205479452056
Chemnitz,2024,12.945054945054945,8.340782122905027,15.313114754098361,2.482786885245902
Chemnitz,2025,13.6353591160221,9.153314917127071,14.316986301369862,1.8986301369863015
Darmstadt,2016,19.19672131147541,,14.406284153005464,2.1704918032786886
Darmstadt,2017,19.197260273972603,,15.001095890410959,2.5871232876712327
Darmstadt,2018,18.44109589041096,,16.65232876712329,1.7567123287671234
Darmstadt,2019,15.226027397260275,9.063517915309447,15.779726027397261,2.1956164383561645
Darmstadt,2020,14.01775956284153,8.545081967213115,16.1551912568306,1.8972677595628415
Darmstadt,2021,13.705479452054794,9.047945205479452,14.443561643835615,2.136712328767123
Darmstadt,2022,14.612328767123287,8.408219178082192,16.66931506849315,2.055890410958904
Darmstadt,2023,13.384931506849314,7.791780821917809,16.148767123287673,2.839452054794521
Darmstadt,2024,13.168032786885245,8.153005464480874,15.746994535519125,2.6483606557377053
Darmstadt,2025,14.520547945205479,9.197260273972603,15.892328767123287,1.892054794520548
Dortmund,2016,20.93943533697632,14.336088154269973,13.910109289617488,2.267213114754098
Dortmund,2017,21.647488584474885,14.341597796143251,14.161643835616438,2.7054794520547945
Dortmund,2018,20.778538812785385,13.130193905817174,15.795068493150685,1.744109589041096
Dortmund,2019,18.78538812785388,10.986149584487535,15.088493150684933,2.3684931506849316
Dortmund,2020,17.572859744990893,9.76775956284153,15.293989071038252,2.343169398907104
Dortmund,2021,18.020661157024794,10.905219780219781,13.641917808219178,2.5901369863013697
Dortmund,2022,17.43013698630137,10.426027397260274,15.578356164383562,2.1873972602739724
Dortmund,2023,14.705479452054794,9.32054794520548,15.084383561643836,3.654794520547945
Dortmund,2024,14.849315068493151,9.802739726027397,15.179234972677596,3.083879781420765
Dortmund,2025,18.18044077134986,11.382920110192838,15.253424657534246,2.069041095890411
Dresden,2016,20.757285974499087,,13.752732240437158,2.3489071038251366
Dresden,2017,19.359817351598174,,13.804931506849316,2.1032876712328767
Dresden,2018,21.198630136986303,,15.691232876712329,1.4205479452054794
Dresden,2019,17.09269406392694,,15.406849315068493,1.6882191780821918
Dresden,2020,15.76047358834244,,15.357650273224042,1.6639344262295082
Dresden,2021,16.181278538812787,10.12283105022831,13.444383561643836,2.0246575342465754
Dresden,2022,16.446575342465753,10.44337899543379,15.217260273972602,1.7506849315068493
Dresden,2023,13.149267399267398,8.242465753424657,15.23890410958904,2.5197260273972604
Dresden,2024,15.425774134790528,10.281420765027322,15.970491803278689,2.10327868852459
Dresden,2025,16.02106227106227,10.462809917355372,14.661095890410959,1.6936986301369865
Duisburg,2016,22.08214936247723,11.869080779944289,14.379781420765028,2.0636612021857923
Duisburg,2017,22.600365296803652,10.957142857142857,14.542739726027397,2.6956164383561645
Duisburg,2018,22.116568819308547,12.213483146067416,15.976986301369864,1.9057534246575343
Duisburg,2019,19.561552511415524,11.309859154929578,15.356986301369863,2.36958904109589
Duisburg,2020,19.927803799115274,13.956284153005464,15.617759562841531,2.3849726775956284
Duisburg,2021,19.85303326810176,14.878453038674033,13.873972602739727,2.713698630136986
Duisburg,2022,19.811232876712328,14.553719008264462,15.801369863013699,2.324657534246575
Duisburg,2023,16.934337899543376,11.947075208913649,15.446301369863013,3.6895890410958905
Duisburg,2024,16.541939890710385,10.281512605042018,15.322131147540983,3.290983606557377
Duisburg,2025,18.879543378995432,10.592032967032967,15.570410958904109,2.180821917808219
Düsseldorf,2016,20.933060109289617,12.156424581005586,14.514754098360655,2.3379781420765027
Düsseldorf,2017,20.682191780821917,12.25068870523416,14.751506849315069,2.824383561643836
Düsseldorf,2018,21.22739726027397,10.903954802259888,16.2227397260274,1.8624657534246574
Düsseldorf,2019,18.65205479452055,9.467032967032967,15.481369863013699,2.343561643835616
Düsseldorf,2020,16.298269581056466,8.665730337078651,15.965300546448088,2.148633879781421
Düsseldorf,2021,18.13972602739726,11.598066298342541,14.170410958904109,2.717260273972603
Düsseldorf,2022,19.021461187214612,11.263013698630138,16.175616438356165,2.329041095890411
Düsseldorf,2023,15.252739726027396,9.161415525114155,15.709315068493149,3.5802739726027397
Düsseldorf,2024,14.326047358834243,9.286657559198542,15.505464480874316,3.3275956284153008
Düsseldorf,2025,16.07351598173516,10.121461187214612,15.793698630136985,2.129041095890411
Erfurt,2016,17.48633879781421,11.337016574585636,13.480601092896174,1.6024590163934427
Erfurt,2017,16.130593607305933,10.421917808219177,13.793972602739727,2.1265753424657534
Erfurt,2018,18.763013698630136,11.889807162534435,15.45890410958904,1.3356164383561644
Erfurt,2019,15.078310502283104,9.498173515981735,15.16027397260274,1.6824657534246577
Erfurt,2020,14.768897996357014,9.569444444444445,15.061475409836065,1.7349726775956285
Erfurt,2021,15.412328767123288,8.791324200913243,13.219178082191782,2.107397260273973
Erfurt,2022,16.019178082191782,9.23904109589041,15.37205479452055,1.5756164383561644
Erfurt,2023,13.402054794520549,7.685616438356164,15.057534246575342,2.1767123287671235
Erfurt,2024,14.502276867030965,8.364981785063753,15.51639344262295,2.151639344262295
Erfurt,2025,15.504794520547945,9.17876712328767,14.992328767123286,1.5010958904109588
Essen,2016,21.1316029143898,13.763661202185792,14.118579234972676,2.160928961748634
Essen,2017,21.764383561643836,12.861263736263735,14.222465753424657,2.8736986301369867
Essen,2018,22.307305936073057,14.134246575342466,15.709041095890411,1.9923287671232879
Essen,2019,19.739269406392694,11.584931506849315,15.083561643835617,2.495890410958904
Essen,2020,19.490437158469945,9.995901639344263,15.27295081967213,2.5153005464480875
Essen,2021,20.758447488584473,11.417808219178083,13.598904109589043,2.8668493150684933
Essen,2022,19.597716894977168,11.764383561643836,15.540821917808218,2.3016438356164386
Essen,2023,16.573972602739726,9.115068493150686,15.121917808219179,3.8043835616438355
Essen,2024,16.07650273224044,8.595173041894354,15.077595628415299,3.3341530054644806
Essen,2025,17.685616438356163,10.071689497716894,15.382739726027397,2.181917808219178
Frankfurt am Main,2017,13.007751937984496,9.271317829457365,15.063835616438357,2.321095890410959
Frankfurt am Main,2018,16.876712328767123,10.997260273972604,16.742191780821916,1.6317808219178083
Frankfurt am Main,2019,14.754847645429363,9.869806094182826,16.052602739726026,2.0687671232876714
Frankfurt am Main,2020,14.527777777777779,9.22632058287796,16.25327868852459,1.7868852459016393
Frankfurt am Main,2021,13.501369863013698,8.874429223744292,14.522191780821919,2.0263013698630137
Frankfurt am Main,2022,14.238356164383562,7.965753424657534,16.656438356164383,1.8904109589041096
Frankfurt am Main,2023,12.719178082191782,7.267123287671233,16.20164383561644,2.4279452054794524
Frankfurt am Main,2024,13.084699453551913,7.560109289617486,15.89016393442623,2.322950819672131
Frankfurt am Main,2025,15.612637362637363,9.285714285714286,15.962465753424658,1.7835616438356163
Freiburg,2016,16.09426229508197,,14.85136612021858,3.0144808743169396
Freiburg,2017,16.356164383561644,,15.285205479452056,3.1131506849315067
Freiburg,2018,15.973972602739726,,16.28109589041096,2.3876712328767122
Freiburg,2019,14.026027397260274,8.389041095890411,15.536986301369863,2.826027397260274
Freiburg,2020,13.004098360655737,7.476775956284153,16.527595628415302,2.1934426229508195
Freiburg,2021,12.553424657534247,7.336986301369863,14.484383561643837,3.1561643835616437
Freiburg,2022,13.978082191780821,7.950684931506849,17.015890410958903,2.6635616438356164
Freiburg,2023,11.726027397260275,6.857534246575343,16.728219178082192,3.2468493150684927
Freiburg,2024,10.907103825136613,6.35655737704918,16.024043715846997,3.6207650273224044
Freiburg,2025,13.280821917808218,8.66027397260274,16.076986301369864,3.106027397260274
Gelsenkirchen,2016,25.566939890710383,14.447802197802197,14.352185792349726,2.160928961748634
Gelsenkirchen,2017,25.975342465753425,16.43801652892562,14.345205479452055,2.561917808219178
Gelsenkirchen,2018,26.149315068493152,16.587570621468927,15.97150684931507,1.776986301369863
Gelsenkirchen,2019,23.0,13.955555555555556,15.247945205479452,2.3389041095890413
Gelsenkirchen,2020,23.752136752136753,10.91988950276243,15.381967213114754,2.308743169398907
Gelsenkirchen,2021,25.295580110497237,12.252747252747254,13.753972602739726,2.6731506849315068
Gelsenkirchen,2022,21.922865013774103,12.352054794520548,15.703287671232877,2.234794520547945
Gelsenkirchen,2023,18.403314917127073,10.217630853994491,15.23095890410959,3.6624657534246574
Gelsenkirchen,2024,16.315573770491802,10.154794520547945,15.226775956284152,3.0756830601092897
Gelsenkirchen,2025,18.291780821917808,11.146575342465754,15.521917808219179,2.0512328767123287
Gera,2016,16.473684210526315,,13.609016393442621,1.8822404371584698
Gera,2017,15.850828729281767,,13.464657534246577,2.049041095890411
Gera,2018,20.462809917355372,,15.001095890410959,1.2602739726027397
Gera,2019,15.447058823529412,,14.75945205479452,1.8654794520547944
Gera,2020,13.758904109589041,,14.729781420765029,1.7920765027322403
Gera,2021,13.535911602209945,,12.780821917808218,2.388493150684931
Gera,2022,16.068870523415978,,14.876438356164382,1.496986301369863
Gera,2023,13.267217630853995,6.484848484848484,14.659178082191781,2.178904109589041
Gera,2024,14.751366120218579,8.442622950819672,15.280054644808743,2.0333333333333337
Gera,2025,16.655555555555555,9.523287671232877,14.434794520547944,1.5912328767123287
Göttingen,2016,16.461748633879782,11.34016393442623,13.496448087431693,1.8524590163934427
Göttingen,2017,16.92054794520548,10.991758241758241,13.515616438356163,2.239178082191781
Göttingen,2018,18.621917808219177,12.108219178082193,15.143013698630137,1.5336986301369862
Göttingen,2019,15.632876712328768,9.583561643835617,14.584109589041095,2.101917808219178
Göttingen,2020,13.9275956284153,7.297814207650274,14.70191256830601,1.7379781420765028
Göttingen,2021,14.404432132963988,8.032876712328767,13.244657534246576,1.9843835616438354
Göttingen,2022,14.167123287671233,8.327397260273973,15.161095890410959,1.8043835616438357
Göttingen,2023,13.331506849315069,7.102739726027397,14.824931506849316,2.695068493150685
Göttingen,2024,13.882513661202186,7.7923497267759565,15.121038251366121,2.431693989071038
Göttingen,2025,14.693150684931506,8.484931506849316,14.673150684931507,1.644109589041096
Hagen,2016,26.469740634005763,,13.766939890710383,2.818306010928962
Hagen,2017,27.14730878186969,,13.975068493150683,2.8583561643835615
Hagen,2018,27.501392757660167,,15.580821917808219,2.0175342465753423
Hagen,2019,23.706703910614525,,14.866575342465755,2.672328767123288
Hagen,2020,21.182825484764543,,15.12950819672131,2.5442622950819676
Hagen,2021,20.81615598885794,11.4375,13.443835616438356,2.8367123287671236
Hagen,2022,17.952112676056338,10.780281690140844,15.5413698630137,2.461917808219178
Hagen,2023,15.328729281767956,9.853591160220995,14.915068493150685,3.8071232876712324
Hagen,2024,14.81043956043956,9.947802197802197,15.064754098360655,3.375956284153005
Hagen,2025,16.77094972067039,11.14245810055866,15.36986301369863,2.138356164383562
Hamburg,2016,18.86664734779489,13.918715846994536,13.387978142076502,1.8448087431693991
Hamburg,2017,18.39159817351598,13.645890410958904,13.18164383561644,2.6556164383561645
Hamburg,2018,20.999753701397537,12.877671232876713,14.84191780821918,1.4964383561643837
Hamburg,2019,18.967024649627387,11.391369863013699,14.41890410958904,2.1786301369863015
Hamburg,2020,16.278348473020607,9.660245901639344,14.637431693989072,2.080054644808743
Hamburg,2021,16.271048053924765,10.354794520547944,13.284657534246575,2.308767123287671
Hamburg,2022,17.351043705153295,10.314155251141552,14.663013698630136,1.8775342465753424
Hamburg,2023,14.620069580343552,9.079589041095891,14.376164383561644,2.9575342465753423
Hamburg,2024,15.15759783628636,8.98046122820713,14.717759562841529,2.6795081967213115
Hamburg,2025,16.043378995433788,9.89128180039139,14.226027397260275,2.033972602739726
Hannover,2016,18.637978142076502,12.310109289617486,13.842349726775957,1.610928961748634
Hannover,2017,18.293150684931508,11.888121546961326,13.68109589041096,2.406575342465753
Hannover,2018,19.32191780821918,12.691988950276244,15.337808219178083,1.3556164383561644
Hannover,2019,16.094520547945205,9.526027397260274,15.045753424657534,1.8706849315068492
Hannover,2020,14.137978142076502,8.056010928961749,15.128415300546449,1.8040983606557375
Hannover,2021,15.5,8.991780821917809,13.595616438356164,2.003835616438356
Hannover,2022,16.012328767123286,9.32054794520548,15.47917808219178,1.6506849315068493
Hannover,2023,14.246575342465754,7.554794520547945,15.004109589041096,2.9717808219178083
Hannover,2024,14.203551912568306,8.363387978142077,15.297540983606556,2.289617486338798
Hannover,2025,14.971232876712328,8.952054794520548,15.004383561643836,1.6649315068493151
Heidelberg,2016,15.941988950276244,,14.945628415300547,2.4030054644808745
Heidelberg,2017,16.52054794520548,,14.906027397260273,3.191506849315069
Heidelberg,2018,15.93646408839779,,16.861095890410958,1.9186301369863012
Heidelberg,2019,14.692520775623269,9.476712328767123,15.683287671232875,2.3654794520547946
Heidelberg,2020,13.3551912568306,8.721311475409836,16.033879781420765,2.226502732240437
Heidelberg,2021,12.854794520547944,9.202739726027398,14.33095890410959,2.44027397260274
Heidelberg,2022,13.33983286908078,7.810198300283286,16.617260273972605,2.3545205479452056
Heidelberg,2023,10.780821917808218,6.512328767123288,16.225479452054795,2.9871232876712326
Heidelberg,2024,11.090659340659341,7.065934065934066,15.787704918032787,3.2010928961748633
Heidelberg,2025,13.4593837535014,9.022598870056497,15.79041095890411,2.218630136986301
Heilbronn,2016,21.68032786885246,,14.906284153005464,2.168032786885246
Heilbronn,2017,21.9010989010989,,14.807123287671233,2.6890410958904107
Heilbronn,2018,22.16849315068493,,16.478356164383563,1.91013698630137
Heilbronn,2019,20.436986301369863,10.819178082191781,15.598082191780822,2.3934246575342466
Heilbronn,2020,16.546448087431695,9.1731843575419,15.958743169398906,2.1114754098360655
Heilbronn,2021,15.121917808219179,8.983561643835616,14.193150684931506,2.430958904109589
Heilbronn,2022,16.835616438356166,9.827397260273973,16.44054794520548,2.136986301369863
Heilbronn,2023,13.986301369863014,7.6136986301369864,16.28082191780822,2.7805479452054795
Heilbronn,2024,14.78415300546448,7.934065934065934,15.900819672131147,2.6540983606557376
Heilbronn,2025,17.013698630136986,11.373626373626374,15.459999999999999,2.197260273972603
Hildesheim,2019,17.15868263473054,9.829971181556196,14.534794520547944,1.944931506849315
Hildesheim,2020,14.413698630136986,7.811475409836065,14.63087431693989,1.8092896174863389
Hildesheim,2021,15.449315068493151,8.778082191780822,13.102465753424656,2.0202739726027397
Hildesheim,2022,17.25,9.134615384615385,15.049589041095892,1.510958904109589
Hildesheim,2023,13.941988950276244,7.676712328767123,14.633424657534245,2.835890410958904
Hildesheim,2024,14.98360655737705,8.531506849315068,14.977322404371584,2.2997267759562843
Hildesheim,2025,16.28808864265928,9.030470914127424,14.733150684931507,1.6526027397260274
Ingolstadt,2016,16.778688524590162,12.1775956284153,13.999180327868851,1.9633879781420767
Ingolstadt,2017,18.389041095890413,13.56986301369863,14.08164383561644,2.3109589041095893
Ingolstadt,2018,19.112328767123287,13.876712328767123,15.678630136986301,1.7838356164383562
Ingolstadt,2019,16.49041095890411,10.683333333333334,14.990958904109588,2.0383561643835617
Ingolstadt,2020,15.336065573770492,10.297814207650273,14.808196721311475,2.2866120218579233
Ingolstadt,2021,14.623595505617978,10.211267605633802,13.45945205479452,2.372602739726027
Ingolstadt,2022,17.093406593406595,11.67945205479452,15.442191780821917,1.9791780821917808
Ingolstadt,2023,16.36986301369863,11.093150684931507,15.53068493150685,2.367945205479452
Ingolstadt,2024,16.90684931506849,9.459016393442623,15.621857923497268,2.5204918032786887
Ingolstadt,2025,16.85989010989011,11.706849315068494,14.516712328767124,1.8098630136986302
Jena,2016,16.41551246537396,,13.904918032786885,1.6480874316939893
Jena,2017,15.379888268156424,,14.396438356164383,1.9446575342465753
Jena,2018,17.771349862258955,,15.994794520547947,1.3071232876712329
Jena,2019,14.11634349030471,,15.824383561643835,1.8304109589041095
Jena,2020,13.263736263736265,,15.610382513661202,1.8005464480874316
Jena,2021,13.138810198300284,9.549019607843137,13.786575342465754,2.1764383561643834
Jena,2022,15.538461538461538,9.063186813186814,15.767671232876712,1.4328767123287671
Jena,2023,14.098630136986301,7.9150684931506845,15.558356164383563,2.1027397260273974
Jena,2024,14.828729281767956,9.403314917127071,16.12349726775956,2.2401639344262296
Jena,2025,14.35890410958904,9.347945205479451,15.358082191780822,1.4687671232876713
Karlsruhe,2016,17.241803278688526,,15.10983606557377,2.151912568306011
Karlsruhe,2017,17.713698630136985,,15.568767123287673,2.701917808219178
Karlsruhe,2018,17.34931506849315,,17.171780821917807,1.8808219178082193
Karlsruhe,2019,15.501369863013698,10.395890410958904,16.26684931506849,2.2643835616438355
Karlsruhe,2020,14.148907103825136,8.66120218579235,16.755464480874316,1.998087431693989
Karlsruhe,2021,13.972602739726028,8.86986301369863,14.832054794520548,2.366027397260274
Karlsruhe,2022,15.117808219178082,9.202739726027398,17.284109589041094,2.0624657534246573
Karlsruhe,2023,12.36986301369863,7.52054794520548,16.96027397260274,2.332602739726027
Karlsruhe,2024,12.091530054644808,7.204918032786885,16.341256830601093,2.985792349726776
Karlsruhe,2025,15.29041095890411,10.695890410958905,16.27780821917808,2.1312328767123287
Kassel,2016,20.684426229508198,,13.543715846994536,1.8469945355191257
Kassel,2017,21.11917808219178,,13.476438356164383,2.4293150684931506
Kassel,2018,20.84109589041096,,15.204109589041096,1.6104109589041096
Kassel,2019,18.5972602739726,,14.566849315068492,2.2093150684931504
Kassel,2020,17.37945205479452,,14.672950819672131,1.8816939890710385
Kassel,2021,17.28219178082192,12.233333333333333,13.121917808219179,2.1424657534246574
Kassel,2022,16.911845730027547,9.150137741046832,15.339178082191781,1.8364383561643833
Kassel,2023,14.824657534246576,8.66027397260274,14.77917808219178,2.801095890410959
Kassel,2024,15.9275956284153,9.353825136612022,14.992622950819673,2.499726775956284
Kassel,2025,17.802739726027397,10.983561643835616,14.722465753424657,1.5835616438356164
Kiel,2016,18.759562841530055,12.333333333333334,12.701092896174865,1.8120218579234975
Kiel,2017,18.55890410958904,12.472140762463344,12.384657534246575,2.3432876712328765
Kiel,2018,18.649315068493152,13.312328767123288,13.625205479452054,1.5517808219178082
Kiel,2019,18.82054794520548,12.191780821917808,13.166027397260274,2.2906849315068496
Kiel,2020,15.613387978142077,9.93655589123867,13.469398907103825,2.0718579234972676
Kiel,2021,15.272602739726027,7.5,12.447123287671232,2.4024657534246576
Kiel,2022,15.824657534246576,7.983561643835617,13.62794520547945,2.0342465753424657
Kiel,2023,13.697260273972603,6.671232876712328,13.481095890410959,2.7564383561643835
Kiel,2024,13.599726775956285,6.8183060109289615,13.802185792349729,2.455464480874317
Kiel,2025,14.020547945205479,7.123287671232877,13.394246575342464,1.9775342465753423
Koblenz,2016,17.85,11.96358543417367,14.352185792349726,1.9497267759562842
Koblenz,2017,19.01159420289855,11.730659025787965,14.945479452054796,2.779178082191781
Koblenz,2018,19.412979351032448,11.92732558139535,16.412328767123288,1.981917808219178
Koblenz,2019,17.534285714285716,10.927374301675977,15.806027397260273,2.3808219178082193
Koblenz,2020,15.09142857142857,8.533519553072626,16.260655737704916,2.0628415300546448
Koblenz,2021,16.483974358974358,10.096317280453258,14.374246575342466,2.4838356164383564
Koblenz,2022,16.825301204819276,9.991202346041055,16.624931506849315,2.0553424657534247
Koblenz,2023,14.552238805970148,8.778425655976676,16.270958904109587,3.2112328767123284
Koblenz,2024,14.08235294117647,8.905027932960893,15.99672131147541,2.7653005464480875
Koblenz,2025,15.986301369863014,9.528767123287672,16.104383561643836,1.8465753424657534
Krefeld,2016,18.957650273224044,14.845070422535212,14.43224043715847,2.201912568306011
Krefeld,2017,17.305479452054794,13.972602739726028,14.77013698630137,2.326301369863014
Krefeld,2018,18.84109589041096,16.6991643454039,16.055342465753423,1.6791780821917808
Krefeld,2019,17.878082191780823,13.685950413223141,15.530958904109589,2.0871232876712327
Krefeld,2020,16.814207650273225,12.117808219178082,15.883606557377048,2.11120218579235
Krefeld,2021,18.228169014084507,13.76388888888889,14.130684931506849,2.3139726027397263
Krefeld,2022,18.303621169916436,14.696378830083566,16.0813698630137,2.1010958904109587
Krefeld,2023,15.336088154269973,11.710743801652892,15.6586301369863,3.19013698630137
Krefeld,2024,15.455922865013774,10.589779005524862,15.449726775956286,2.863934426229508
Krefeld,2025,18.35164835164835,11.090659340659341,15.572876712328767,1.9501369863013698
Köln,2016,19.875,14.96398891966759,14.371311475409835,2.4166666666666665
Köln,2017,20.12214611872146,14.761772853185596,14.935890410958905,2.4632876712328766
Köln,2018,21.013470319634703,13.448179271708684,16.34794520547945,1.8123287671232877
Köln,2019,18.45799086757991,12.733893557422968,15.594246575342465,2.4638356164383564
Köln,2020,15.966985428051002,8.78393351800554,16.1603825136612,1.8991803278688526
Köln,2021,15.796575342465754,10.19041095890411,14.413698630136986,2.784657534246575
Köln,2022,16.90684931506849,9.960055096418733,16.455068493150687,2.344657534246575
Köln,2023,14.300228310502282,9.212121212121213,15.96109589041096,3.2709589041095892
Köln,2024,13.23360655737705,8.916211293260474,15.723770491803277,3.1153005464480876
Köln,2025,15.257534246575343,9.64269406392694,15.975616438356166,2.200821917808219
Leipzig,2016,22.555555555555557,,14.137978142076502,1.6418032786885246
Leipzig,2017,21.31689497716895,,14.30958904109589,1.9416438356164385
Leipzig,2018,23.537442922374428,,15.857534246575343,1.2761643835616439
Leipzig,2019,18.779908675799085,,15.646027397260275,1.5627397260273972
Leipzig,2020,16.714936247723134,,15.575136612021858,1.5658469945355191
Leipzig,2021,17.03744292237443,9.501381215469614,13.49835616438356,2.0906849315068494
Leipzig,2022,16.86027397260274,10.331506849315069,15.454520547945204,1.4868493150684934
Leipzig,2023,13.857077625570776,8.07123287671233,15.337534246575341,2.295616438356164
Leipzig,2024,15.653424657534247,9.1775956284153,15.812841530054644,1.969672131147541
Leipzig,2025,16.003663003663004,9.955707762557077,14.95095890410959,1.5827397260273974
Leverkusen,2016,17.48497267759563,,14.48606557377049,2.4166666666666665
Leverkusen,2017,17.850684931506848,,14.735342465753424,2.815890410958904
Leverkusen,2018,15.753462603878116,15.163793103448276,16.306849315068494,1.9523287671232876
Leverkusen,2019,13.291316526610645,11.606145251396647,15.474520547945206,2.493150684931507
Leverkusen,2020,13.674863387978142,9.07945205479452,15.960655737704919,2.0751366120218577
Leverkusen,2021,14.391483516483516,9.994490358126722,14.241095890410959,2.8649315068493153
Leverkusen,2022,14.49586776859504,9.247237569060774,16.26109589041096,2.6331506849315067
Leverkusen,2023,12.488950276243093,7.966850828729282,15.78027397260274,3.5657534246575344
Leverkusen,2024,12.172651933701658,8.237569060773481,15.565300546448086,3.2972677595628412
Leverkusen,2025,13.524725274725276,9.002747252747254,15.77068493150685,2.3704109589041096
Lübeck,2016,16.43032786885246,10.438356164383562,13.059289617486339,1.739344262295082
Lübeck,2017,16.45068493150685,10.623268698060942,12.796438356164384,2.426027397260274
Lübeck,2018,17.334254143646408,10.949860724233984,14.193424657534248,1.5117808219178082
Lübeck,2019,18.064383561643837,9.917808219178083,13.81890410958904,2.0024657534246573
Lübeck,2020,15.42896174863388,7.726775956284153,14.044535519125684,1.8882513661202187
Lübeck,2021,14.356164383561644,7.406849315068493,12.93972602739726,2.196712328767123
Lübeck,2022,14.998630136986302,7.6208791208791204,14.173150684931507,1.5756164383561644
Lübeck,2023,12.815068493150685,6.550684931506849,13.884931506849314,2.446027397260274
Lübeck,2024,12.939890710382514,6.691256830601093,14.38087431693989,2.3808743169398907
Lübeck,2025,13.601369863013698,7.304945054945055,13.858356164383562,1.7684931506849315
Magdeburg,2016,20.06375227686703,13.62431693989071,14.210382513661202,1.4057377049180328
Magdeburg,2017,19.830593607305936,14.001369863013698,13.984109589041095,1.887945205479452
Magdeburg,2018,21.771689497716892,13.835164835164836,15.718082191780823,1.107123287671233
Magdeburg,2019,18.490867579908674,10.92797783933518,15.575616438356166,1.429041095890411
Magdeburg,2020,17.12295081967213,10.095628415300547,15.454098360655736,1.6278688524590164
Magdeburg,2021,17.241552511415524,10.915068493150685,14.005753424657534,1.6665753424657532
Magdeburg,2022,17.11689497716895,9.49862258953168,15.624931506849316,1.2797260273972604
Magdeburg,2023,14.233333333333334,9.273059360730594,15.295068493150685,2.247123287671233
Magdeburg,2024,15.212204007285976,9.240437158469945,15.915300546448087,1.9972677595628416
Magdeburg,2025,15.947945205479453,9.90593607305936,15.110684931506848,1.3975342465753424
Mainz,2016,19.506375227686704,12.53825136612022,14.409562841530054,1.8450819672131147
Mainz,2017,20.071689497716893,12.565753424657535,15.405479452054795,2.201917808219178
Mainz,2018,20.584931506849315,12.62054794520548,16.974246575342466,1.4863013698630136
Mainz,2019,18.739269406392694,11.276712328767124,16.224109589041095,1.9298630136986301
Mainz,2020,16.833333333333332,10.087431693989071,16.439071038251367,1.5497267759562843
Mainz,2021,16.41346153846154,10.4,14.756712328767122,1.9991780821917808
Mainz,2022,17.591324200913242,10.389041095890411,16.907123287671233,1.773972602739726
Mainz,2023,14.892265193370166,8.979166666666666,16.39205479452055,2.5326027397260273
Mainz,2024,14.944899817850636,9.583333333333334,16.110928961748634,2.2060109289617484
Mainz,2025,16.3675799086758,10.987671232876712,16.015616438356165,1.6832876712328766
Mannheim,2016,19.153005464480874,,14.834153005464481,1.9972677595628416
Mannheim,2017,19.83013698630137,,15.432328767123288,2.8284931506849316
Mannheim,2018,19.771978021978022,,17.30082191780822,1.7893150684931507
Mannheim,2019,17.843835616438355,11.306849315068494,16.167397260273972,2.093424657534247
Mannheim,2020,16.69672131147541,9.71311475409836,16.524590163934427,1.9620218579234974
Mannheim,2021,16.10958904109589,9.723287671232876,14.806301369863014,2.1810958904109587
Mannheim,2022,17.29041095890411,9.415068493150685,17.068493150684933,2.1482191780821918
Mannheim,2023,14.847945205479451,8.03013698630137,16.63972602739726,2.652328767123288
Mannheim,2024,14.616120218579235,8.610655737704919,16.109016393442623,2.9491803278688526
Mannheim,2025,16.864383561643837,11.24931506849315,16.19041095890411,2.0405479452054793
Mönchengladbach,2016,19.890482695810565,13.327777777777778,14.416666666666666,2.201912568306011
Mönchengladbach,2017,20.12876712328767,13.72191011235955,14.745479452054795,2.211232876712329
Mönchengladbach,2018,20.71780821917808,12.179558011049723,16.013698630136986,1.6501369863013697
Mönchengladbach,2019,18.878082191780823,10.642659279778393,15.436164383561643,2.0654794520547943
Mönchengladbach,2020,16.755464480874316,8.181058495821727,15.903551912568306,1.9568306010928962
Mönchengladbach,2021,17.387671232876713,9.84958217270195,14.141369863013699,2.2753424657534245
Mönchengladbach,2022,16.81917808219178,9.79532967032967,16.062191780821916,2.0087671232876714
Mönchengladbach,2023,13.975342465753425,7.978021978021978,15.62054794520548,3.0128767123287674
Mönchengladbach,2024,13.58879781420765,8.445054945054945,15.412295081967212,2.978688524590164
Mönchengladbach,2025,15.85890410958904,9.610192837465565,15.490410958904109,2.0476712328767124
Mülheim,2016,19.200819672131146,,14.309562841530056,2.160928961748634
Mülheim,2017,18.93013698630137,,14.542739726027397,2.6956164383561645
Mülheim,2018,18.79722222222222,,15.976986301369864,1.9057534246575343
Mülheim,2019,16.302197802197803,,15.356986301369863,2.36958904109589
Mülheim,2020,15.460055096418733,9.206997084548105,15.617759562841531,2.3849726775956284
Mülheim,2021,15.201101928374655,10.751381215469614,13.873972602739727,2.713698630136986
Mülheim,2022,15.664835164835164,10.307262569832401,15.801369863013699,2.324657534246575
Mülheim,2023,12.975138121546962,9.057851239669422,15.446301369863013,3.6895890410958905
Mülheim,2024,12.597222222222221,8.69889502762431,15.322131147540983,3.290983606557377
Mülheim,2025,15.005524861878452,9.673130193905816,15.570410958904109,2.180821917808219
München,2016,21.544171220400727,12.937158469945356,13.480054644808742,2.6669398907103825
München,2017,23.691324200913243,14.522374429223746,13.623561643835618,2.9019178082191783
München,2018,21.353424657534248,14.130593607305936,15.011232876712329,2.6435616438356164
München,2019,19.186757990867576,10.97716894977169,14.493424657534247,3.0194520547945203
München,2020,18.096994535519126,10.174408014571949,14.489890710382515,2.8617486338797815
München,2021,17.71232876712329,9.451598173515983,13.206849315068494,3.105753424657534
München,2022,17.200456621004566,10.187671232876712,15.148767123287671,2.9717808219178083
München,2023,16.173515981735157,9.207305936073059,15.128219178082192,3.1441095890410957
München,2024,16.785974499089253,8.027322404371585,15.19672131147541,3.5461748633879786
München,2025,17.7324200913242,10.162100456621005,14.445479452054796,2.303287671232877
Münster,2016,19.056010928961747,,14.017486338797813,1.9254098360655738
Münster,2017,19.405479452054795,,14.21178082191781,2.3408219178082192
Münster,2018,22.397260273972602,,15.735342465753424,1.5953424657534245
Münster,2019,18.265753424657536,,15.19095890410959,2.0682191780821917
Münster,2020,17.866120218579233,,15.204098360655736,2.0166666666666666
Münster,2021,17.074175824175825,10.161812297734627,13.832328767123288,2.276712328767123
Münster,2022,18.115702479338843,10.20891364902507,15.623287671232877,1.937808219178082
Münster,2023,15.14423076923077,9.309722222222222,15.14904109589041,3.1147945205479455
Münster,2024,13.684065934065934,9.527472527472527,15.21448087431694,2.887704918032787
Münster,2025,15.830578512396695,10.731404958677686,15.086027397260272,1.7717808219178084
Neuss,2017,18.436893203883496,,14.828493150684931,2.3364383561643836
Neuss,2018,21.560439560439562,,16.213698630136985,1.6717808219178083
Neuss,2019,19.348837209302324,,15.590136986301369,2.133972602739726
Neuss,2020,,,7.1875,1.375
Nürnberg,2016,23.905817174515235,,13.841803278688525,1.9803278688524588
Nürnberg,2017,23.31388888888889,,13.975068493150683,2.785205479452055
Nürnberg,2018,26.46556473829201,12.647668393782384,15.903287671232876,1.9030136986301371
Nürnberg,2019,21.596638655462186,11.123626373626374,15.15150684931507,2.1775342465753424
Nürnberg,2020,20.7292817679558,10.721311475409836,14.908743169398909,2.18551912568306
Nürnberg,2021,20.805479452054794,11.158904109589042,13.566575342465754,2.5016438356164383
Nürnberg,2022,19.492836676217767,11.008241758241759,15.685753424657534,1.9723287671232876
Nürnberg,2023,16.325,9.394520547945206,15.353972602739725,2.503835616438356
Nürnberg,2024,17.198347107438018,8.718579234972678,15.639890710382513,2.57103825136612
Nürnberg,2025,18.818941504178273,10.463013698630137,15.204931506849315,1.822191780821918
Oberhausen,2016,24.449035812672175,,14.336065573770492,2.0636612021857923
Oberhausen,2017,25.930939226519335,,14.605479452054794,2.5791780821917807
Oberhausen,2018,25.01388888888889,,16.080547945205478,1.7906849315068494
Oberhausen,2019,21.958791208791208,,15.484109589041095,2.255616438356164
Oberhausen,2020,21.659779614325068,6.866666666666666,15.676229508196721,2.2295081967213113
Oberhausen,2021,20.23489010989011,12.197513812154696,13.985205479452055,2.5131506849315066
Oberhausen,2022,18.5,11.197802197802197,15.901917808219178,2.1616438356164385
Oberhausen,2023,15.03581267217631,9.679063360881543,15.529041095890411,3.5416438356164384
Oberhausen,2024,14.811813186813186,9.938186813186814,15.404371584699453,3.0775956284153008
Oberhausen,2025,16.431318681318682,10.712912087912088,15.623287671232877,2.1372602739726028
Offenbach,2016,20.23756906077348,,14.536612021857923,1.748360655737705
Offenbach,2017,21.83656509695291,,15.03972602739726,2.478904109589041
Offenbach,2018,22.58953168044077,,16.721095890410957,1.6386301369863014
Offenbach,2019,21.81542699724518,,15.978082191780821,2.1805479452054795
Offenbach,2020,20.535911602209946,,16.332513661202185,1.8292349726775956
Offenbach,2021,20.415977961432507,,14.535890410958904,2.148493150684932
Offenbach,2022,21.290858725761773,,16.764931506849315,2.0767123287671234
Offenbach,2023,15.619444444444444,7.853242320819112,16.23835616438356,2.5843835616438353
Offenbach,2024,16.77260273972603,9.353424657534246,15.937704918032786,2.3262295081967213
Offenbach,2025,19.610958904109587,10.926027397260274,16.046849315068496,1.7843835616438355
Oldenburg,2016,21.620218579234972,14.819718309859155,13.450273224043716,2.1005464480874316
Oldenburg,2017,21.41592920353982,14.87202380952381,13.40164383561644,2.5712328767123287
Oldenburg,2018,21.608815426997246,13.818435754189943,14.771780821917808,1.5476712328767124
Oldenburg,2019,18.383977900552487,11.3109243697479,14.375342465753425,2.207945205479452
Oldenburg,2020,15.472527472527473,8.423497267759563,14.537158469945355,2.2994535519125683
Oldenburg,2021,16.178571428571427,8.922865013774105,13.27013698630137,2.562191780821918
Oldenburg,2022,17.746397694524497,10.095890410958905,14.822739726027399,2.1323287671232873
Oldenburg,2023,15.212034383954155,9.057534246575342,14.495068493150685,3.176438356164384
Oldenburg,2024,16.147727272727273,9.78415300546448,14.861748633879781,2.7565573770491802
Oldenburg,2025,18.12054794520548,10.476712328767123,14.41123287671233,1.9460273972602737
Osnabrück,2016,19.67349726775956,13.189041095890412,13.823497267759562,2.015846994535519
Osnabrück,2017,20.041095890410958,13.060773480662984,13.592054794520548,2.5643835616438357
Osnabrück,2018,19.931506849315067,13.241046831955924,15.04986301369863,1.7734246575342465
Osnabrück,2019,17.372602739726027,10.401369863013699,14.63945205479452,2.195068493150685
Osnabrück,2020,14.830601092896174,8.392076502732241,14.687978142076503,2.350273224043716
Osnabrück,2021,16.252054794520546,10.001369863013698,13.401369863013699,2.3358904109589043
Osnabrück,2022,16.7,9.987671232876712,15.12931506849315,2.026027397260274
Osnabrück,2023,14.57123287671233,8.391780821917807,14.64054794520548,3.4441095890410955
Osnabrück,2024,14.71174863387978,8.259562841530055,14.834153005464481,2.8275956284153008
Osnabrück,2025,15.62054794520548,9.431506849315069,14.695342465753425,1.933972602739726
Pforzheim,2016,15.32876712328767,,14.71448087431694,2.2631147540983605
Pforzheim,2017,15.617079889807162,,14.89013698630137,2.5542465753424657
Pforzheim,2018,16.153846153846153,,16.227671232876713,1.9306849315068495
Pforzheim,2019,14.479452054794521,10.44475138121547,15.63945205479452,2.381643835616438
Pforzheim,2020,16.10958904109589,8.298050139275766,16.225409836065573,2.1292349726775956
Pforzheim,2021,13.764383561643836,8.01095890410959,14.216712328767125,2.580821917808219
Pforzheim,2022,14.391780821917807,8.26849315068493,16.586575342465753,2.096712328767123
Pforzheim,2023,11.756164383561643,6.704109589041096,16.336986301369862,2.4942465753424656
Pforzheim,2024,11.449315068493151,6.691256830601093,16.084699453551913,2.848360655737705
Pforzheim,2025,13.436813186813186,9.219178082191782,16.046301369863013,2.081917808219178
Potsdam,2016,20.88479052823315,15.07103825136612,14.06448087431694,1.4204918032786884
Potsdam,2017,18.79132420091324,14.63744292237443,13.552054794520547,2.224109589041096
Potsdam,2018,19.496803652968037,13.747031963470318,15.343013698630136,1.12986301369863
Potsdam,2019,17.423287671232877,10.945662100456621,15.295890410958904,1.4835616438356165
Potsdam,2020,13.788706739526413,9.07832422586521,15.099180327868853,1.4691256830601094
Potsdam,2021,15.017808219178082,10.669863013698631,13.547123287671232,1.8490410958904109
Potsdam,2022,15.878538812785388,9.915068493150685,15.011232876712329,1.2967123287671234
Potsdam,2023,13.584018264840184,7.936986301369863,14.945205479452055,2.27041095890411
Potsdam,2024,14.468123861566484,8.902550091074682,15.640437158469945,1.7363387978142077
Potsdam,2025,14.585388127853882,9.052511415525114,14.70027397260274,1.5635616438356166
Recklinghausen,2017,18.807365439093484,,14.368493150684932,2.3967123287671233
Regensburg,2016,18.14835164835165,,14.08551912568306,2.093169398907104
Regensburg,2017,18.744505494505493,,13.75945205479452,2.17041095890411
Regensburg,2018,19.923076923076923,,15.52082191780822,1.6863013698630136
Regensburg,2019,19.63013698630137,,14.915616438356164,1.8276712328767124
Regensburg,2020,17.68232044198895,,14.523224043715848,1.966120218579235
Regensburg,2021,17.065934065934066,,13.185753424657534,2.1421917808219177
Regensburg,2022,16.016574585635357,,15.05041095890411,1.7586301369863013
Regensburg,2023,13.866666666666667,,15.044931506849315,2.3649315068493153
Regensburg,2024,12.732044198895027,,15.209016393442623,2.3756830601092895
Regensburg,2025,13.640883977900552,,14.408219178082192,1.7082191780821918
Reutlingen,2016,22.333333333333332,,14.111202185792349,2.460109289617486
Reutlingen,2017,22.08219178082192,,14.596164383561645,2.827671232876712
Reutlingen,2018,19.502747252747252,,15.92054794520548,2.1293150684931508
Reutlingen,2019,17.432876712328767,10.790055248618785,15.305753424657535,2.5865753424657534
Reutlingen,2020,15.51775956284153,9.758904109589041,15.976775956284152,2.2344262295081965
Reutlingen,2021,14.863013698630137,8.105479452054794,13.856986301369863,2.9246575342465753
Reutlingen,2022,16.143835616438356,8.835616438356164,16.22876712328767,2.1350684931506847
Reutlingen,2023,13.172602739726027,7.26986301369863,16.002465753424655,2.7199999999999998
Reutlingen,2024,13.352459016393443,7.55327868852459,15.931967213114755,2.9606557377049176
Reutlingen,2025,14.852054794520548,9.576712328767123,15.709315068493149,2.1506849315068495
Rostock,2016,22.128415300546447,13.256830601092895,12.98551912568306,1.4592896174863388
Rostock,2017,21.215068493150685,13.913698630136986,12.314246575342466,2.586027397260274
Rostock,2018,22.568493150684933,14.016438356164384,13.786849315068492,1.456986301369863
Rostock,2019,20.96301369863014,12.373972602739727,13.630410958904111,2.0767123287671234
Rostock,2020,17.957650273224044,9.592896174863387,13.541803278688525,2.000546448087432
Rostock,2021,17.353424657534248,10.732876712328768,12.51917808219178,2.168219178082192
Rostock,2022,17.846575342465755,10.521917808219179,13.601369863013698,1.778904109589041
Rostock,2023,16.31917808219178,9.128767123287671,13.611780821917808,2.292054794520548
Rostock,2024,16.851092896174862,9.51775956284153,14.222677595628415,2.213934426229508
Rostock,2025,17.24109589041096,9.838356164383562,13.556986301369864,1.7608219178082194
Saarbrücken,2016,17.463570127504553,11.778082191780822,14.247267759562842,2.2967213114754097
Saarbrücken,2017,17.188584474885843,11.572602739726028,14.407397260273973,2.8265753424657536
Saarbrücken,2018,17.314611872146116,11.922651933701658,15.7586301369863,2.3863013698630136
Saarbrücken,2019,16.05799086757991,10.245179063360881,14.955068493150685,2.424109589041096
Saarbrücken,2020,13.686703096539162,8.726775956284152,15.70928961748634,2.451912568306011
Saarbrücken,2021,13.934246575342465,9.516483516483516,13.635890410958906,2.6010958904109587
Saarbrücken,2022,15.1324200913242,9.667597765363128,16.06027397260274,2.226301369863014
Saarbrücken,2023,12.865753424657534,8.196022727272727,15.438630136986303,3.0882191780821917
Saarbrücken,2024,12.301912568306012,8.05464480874317,14.953005464480874,2.95464480874317
Saarbrücken,2025,13.823287671232876,8.95,15.492328767123286,2.3282191780821915
Salzgitter,2016,15.209631728045325,11.0835734870317,13.529508196721311,1.5062841530054643
Salzgitter,2017,15.300835654596101,10.770348837209303,13.511232876712329,2.3298630136986302
Salzgitter,2018,15.893854748603353,12.111801242236025,15.227397260273973,1.3402739726027397
Salzgitter,2019,13.297752808988765,8.31830985915493,14.886027397260273,1.8443835616438358
Salzgitter,2020,12.172222222222222,7.306406685236769,14.956284153005464,1.6994535519125684
Salzgitter,2021,13.747945205479452,8.179063360881543,13.438904109589041,1.9802739726027396
Salzgitter,2022,13.614958448753463,8.238095238095237,15.268767123287672,1.4421917808219178
Salzgitter,2023,12.239010989010989,6.664835164835165,14.863835616438356,2.697808219178082
Salzgitter,2024,12.986338797814208,7.9289617486338795,15.29808743169399,2.239617486338798
Salzgitter,2025,14.2986301369863,8.282191780821918,14.850410958904108,1.5380821917808218
Solingen,2016,15.795580110497237,,13.361748633879781,2.648633879781421
Solingen,2017,19.09752747252747,,13.583287671232876,3.8482191780821915
Solingen,2018,19.035714285714285,,15.094520547945205,2.5654794520547943
Solingen,2019,16.297260273972604,,14.374246575342466,3.152876712328767
Solingen,2020,15.295081967213115,,14.71174863387978,2.930874316939891
Solingen,2021,16.10989010989011,11.197879858657243,13.04986301369863,3.2945205479452055
Solingen,2022,15.502747252747254,10.807162534435262,15.111780821917808,3.102465753424658
Solingen,2023,13.208333333333334,10.906862745098039,14.506575342465753,4.715068493150685
Solingen,2024,11.5,,14.378961748633879,4.119672131147541
Solingen,2025,12.174515235457063,,14.79972602739726,2.6843835616438354
Stuttgart,2016,25.973816029143897,,14.697814207650271,2.180054644808743
Stuttgart,2017,25.242237442922374,,14.515068493150684,2.5975342465753424
Stuttgart,2018,23.06392694063927,,15.829589041095891,2.004109589041096
Stuttgart,2019,21.65570776255708,11.416438356164383,15.252602739726028,2.312054794520548
Stuttgart,2020,19.185792349726775,9.864298724954462,15.65655737704918,2.1721311475409837
Stuttgart,2021,18.07191780821918,9.266666666666667,13.899452054794521,2.496164383561644
Stuttgart,2022,19.05296803652968,9.813698630136987,16.03095890410959,2.151780821917808
Stuttgart,2023,15.837899543378995,8.263013698630138,15.922739726027398,2.5271232876712326
Stuttgart,2024,16.127276867030965,8.575591985428051,15.674590163934425,2.7901639344262295
Stuttgart,2025,19.93082191780822,11.30799086757991,15.29041095890411,2.4876712328767123
Ulm,2016,16.572602739726026,,13.408743169398909,2.4707650273224044
Ulm,2017,17.25,,13.533972602739725,2.4761643835616436
Ulm,2018,17.265753424657536,,14.824109589041097,1.8876712328767122
Ulm,2019,15.225274725274724,10.39010989010989,14.22,2.192876712328767
Ulm,2020,13.734972677595628,8.95890410958904,14.387431693989072,2.3882513661202185
Ulm,2021,13.779005524861878,9.061111111111112,12.865479452054794,2.5506849315068494
Ulm,2022,14.414835164835164,8.969696969696969,14.885479452054794,2.27972602739726
Ulm,2023,12.178082191780822,7.671232876712328,14.976164383561644,2.6142465753424657
Ulm,2024,12.912328767123288,7.945355191256831,14.686338797814207,2.740710382513661
Ulm,2025,15.401098901098901,10.687671232876712,13.797808219178082,2.125753424657534
Wiesbaden,2016,17.842896174863387,12.291208791208792,14.567486338797814,1.8450819672131147
Wiesbaden,2017,18.422619047619047,12.947222222222223,14.713972602739727,2.2786301369863016
Wiesbaden,2018,17.916438356164385,12.35681399631676,16.274794520547946,1.6898630136986301
Wiesbaden,2019,15.495890410958904,10.102283105022831,15.544109589041097,2.1293150684931508
Wiesbaden,2020,15.085388127853882,9.281735159817352,15.945628415300547,1.7980874316939892
Wiesbaden,2021,15.423287671232877,9.937899543378995,14.126849315068494,2.2794520547945205
Wiesbaden,2022,14.86986301369863,8.64566210045662,16.29013698630137,1.84
Wiesbaden,2023,13.72283105022831,7.773059360730593,15.793698630136985,2.648493150684932
Wiesbaden,2024,14.09744990892532,8.381602914389799,15.559289617486339,2.4185792349726776
Wiesbaden,2025,15.033789954337898,9.726027397260275,15.426849315068493,1.7350684931506848
Wolfsburg,2016,16.997267759562842,,13.928142076502732,1.3740437158469945
Wolfsburg,2017,16.23835616438356,,13.458356164383563,2.3416438356164386
Wolfsburg,2018,18.293150684931508,,15.167123287671233,1.2509589041095892
Wolfsburg,2019,15.147945205479452,,14.882191780821918,1.787945205479452
Wolfsburg,2020,13.258196721311476,,14.933606557377049,1.8434426229508198
Wolfsburg,2021,14.146575342465754,,13.472876712328768,2.112876712328767
Wolfsburg,2022,14.580821917808219,,15.237534246575342,1.3572602739726027
Wolfsburg,2023,12.898630136986302,,14.864657534246577,2.9276712328767123
Wolfsburg,2024,13.791780821917808,8.177777777777777,15.276229508196723,2.203551912568306
Wolfsburg,2025,14.646575342465754,8.775342465753425,14.446849315068494,1.5413698630136987
Wuppertal,2016,18.66256830601093,12.533149171270718,13.710655737704919,2.7469945355191254
Wuppertal,2017,18.405479452054795,12.880886426592797,13.157808219178083,3.4523287671232876
Wuppertal,2018,19.208219178082192,12.36111111111111,14.723835616438356,2.372054794520548
Wuppertal,2019,17.654794520547945,11.97752808988764,14.06986301369863,3.0005479452054797
Wuppertal,2020,16.09426229508197,8.06060606060606,14.325409836065575,2.971857923497268
Wuppertal,2021,15.746556473829202,9.654696132596685,12.636438356164383,3.3060273972602743
Wuppertal,2022,18.565934065934066,8.925619834710744,14.67780821917808,2.863013698630137
Wuppertal,2023,15.057851239669422,8.512465373961218,14.084657534246574,4.307397260273973
Wuppertal,2024,13.317808219178081,9.204109589041096,14.102459016393443,3.8781420765027326
Wuppertal,2025,14.264462809917354,9.685950413223141,14.48027397260274,2.42986301369863
Würzburg,2016,18.956284153005466,10.699453551912569,14.152185792349727,1.8505464480874316
Würzburg,2017,20.334246575342465,11.515068493150684,13.917534246575341,2.2635616438356165
Würzburg,2018,19.495890410958904,11.902506963788301,15.558082191780821,1.5679452054794518
Würzburg,2019,17.584931506849315,9.452054794520548,14.83095890410959,2.0235616438356163
Würzburg,2020,15.269125683060109,9.09641873278237,14.87704918032787,1.896448087431694
Würzburg,2021,16.163013698630138,7.526170798898072,13.39917808219178,2.3019178082191782
Würzburg,2022,16.327397260273973,9.498630136986302,15.588219178082191,1.8646575342465754
Würzburg,2023,13.821917808219178,8.438356164383562,15.3,2.336712328767123
Würzburg,2024,13.431693989071038,7.513736263736264,15.314754098360655,2.2939890710382516
Würzburg,2025,13.804109589041095,9.857142857142858,14.727671232876713,1.726027397260274
