,date,pm10,pm25,no2
60,2016-03-01,28.263313609467456,21.07258064516129,29.500880687127538
61,2016-03-02,11.37910447761194,9.398373983739836,25.14981391059073
62,2016-03-03,13.83679525222552,10.03225806451613,31.56109789848547
63,2016-03-04,16.91394658753709,13.491935483870968,30.46109527483905
64,2016-03-05,19.96130952380953,19.365853658536587,29.868897296117005
65,2016-03-06,19.47005988023952,17.878048780487806,22.137095762983694
66,2016-03-07,18.571428571428573,14.455284552845528,33.47947507426797
67,2016-03-08,26.95252225519288,20.08130081300813,38.2266989508514
68,2016-03-09,29.00297619047619,24.804878048780488,31.46082572790575
69,2016-03-10,40.9789156626506,34.642276422764226,33.619600043708054
70,2016-03-11,35.082840236686394,26.943089430894307,27.953611064808445
71,2016-03-12,21.82248520710059,17.467741935483872,20.011264362105383
72,2016-03-13,18.2433234421365,16.048387096774192,13.992252068096688
73,2016-03-14,23.89020771513353,20.317073170731707,26.11395902315777
74,2016-03-15,24.44345238095238,19.235772357723576,29.564842330733
75,2016-03-16,19.65773809523809,15.631147540983608,21.74311129234071
76,2016-03-17,30.817109144542773,24.821138211382117,37.84918622080462
77,2016-03-18,32.88495575221239,23.42276422764228,35.016581653307426
78,2016-03-19,23.902366863905325,17.653225806451612,24.446183767653284
79,2016-03-20,17.541666666666668,11.75,15.889756965409571
80,2016-03-21,16.608955223880596,10.723577235772357,24.23981810778057
81,2016-03-22,18.639880952380956,12.227642276422763,26.4429954815329
82,2016-03-23,14.433234421364984,9.83739837398374,27.07447388910553
83,2016-03-24,23.436578171091444,17.065040650406505,31.208232454772265
84,2016-03-25,21.28994082840237,20.056451612903224,20.02726729690559
85,2016-03-26,17.482142857142858,14.35483870967742,19.675571281037318
86,2016-03-27,13.86053412462908,13.336065573770492,16.491371046673528
87,2016-03-28,7.548961424332345,5.801652892561983,13.847639584899584
88,2016-03-29,8.736526946107784,4.875,20.129178911775973
89,2016-03-30,11.19345238095238,7.105691056910569,27.160092204319884
90,2016-03-31,15.928571428571429,10.080645161290322,28.58089061386718
91,2016-04-01,12.44807121661721,8.666666666666666,26.589909835231538
92,2016-04-02,20.82195845697329,14.178861788617889,24.688066492854567
93,2016-04-03,24.823880597014924,15.62295081967213,24.98108049160166
94,2016-04-04,25.98809523809524,15.89344262295082,32.69506235655051
95,2016-04-05,21.843657817109143,15.96774193548387,31.46835018209524
96,2016-04-06,14.692307692307692,10.991869918699187,21.21252082918949
97,2016-04-07,10.684365781710914,6.19672131147541,22.620071209099542
98,2016-04-08,14.970501474926252,10.040983606557376,30.09690483910662
99,2016-04-09,20.235294117647054,16.123966942148762,25.133588052705125
100,2016-04-10,18.914454277286136,14.40650406504065,17.322187870055963
101,2016-04-11,19.74480712166172,12.878048780487806,23.44863502058405
102,2016-04-12,20.75449101796407,15.370967741935484,27.91762504825145
103,2016-04-13,20.940652818991097,16.983870967741936,29.352072540824725
104,2016-04-14,20.144970414201183,15.129032258064516,28.471382596311265
105,2016-04-15,14.023529411764706,11.549180327868852,27.844627092038376
106,2016-04-16,8.610619469026549,6.691056910569106,18.394530448883707
107,2016-04-17,8.420118343195266,5.811475409836065,15.199676675291023
108,2016-04-18,14.047619047619047,8.024390243902438,25.35770159279769
109,2016-04-19,17.28486646884273,9.885245901639344,23.33559221664945
110,2016-04-20,18.06547619047619,8.435483870967742,23.964392744465712
111,2016-04-21,20.55952380952381,9.894308943089433,29.968926604526164
112,2016-04-22,19.803571428571427,9.84297520661157,26.126814112485683
113,2016-04-23,13.330383480825958,6.819672131147541,17.910238694590166
114,2016-04-24,7.497023809523809,4.371900826446281,13.292049836431213
115,2016-04-25,9.529761904761903,6.512396694214876,20.17714912219021
116,2016-04-26,7.146268656716418,4.934959349593496,20.228811476131096
117,2016-04-27,8.294985250737463,6.121951219512195,19.75952870185173
118,2016-04-28,10.920118343195266,7.379032258064516,25.79773266467849
119,2016-04-29,13.219584569732936,9.344262295081966,29.477747783504142
120,2016-04-30,15.716814159292037,11.233870967741936,24.830693883243235
121,2016-05-01,17.35103244837758,12.71774193548387,15.112343716752044
122,2016-05-02,19.83283582089552,14.235772357723578,30.001384217285672
123,2016-05-03,16.781710914454276,11.479674796747968,26.36549234666924
124,2016-05-04,13.943952802359885,6.737704918032787,25.436035939858453
125,2016-05-05,12.510385756676556,8.243697478991596,18.068092146581343
126,2016-05-06,17.464285714285715,11.322033898305085,24.698053156052755
127,2016-05-07,18.11676646706587,11.267241379310343,21.36754008450588
128,2016-05-08,15.987951807228916,10.389380530973453,14.307262957005374
129,2016-05-09,18.11550151975684,11.582608695652176,22.241655247439063
130,2016-05-10,20.12874251497006,12.816666666666666,26.10471642636205
131,2016-05-11,19.886567164179105,12.96694214876033,22.149494696735378
132,2016-05-12,18.949253731343283,12.549180327868852,21.574745506819767
133,2016-05-13,17.526627218934912,9.764705882352942,23.551244418738133
134,2016-05-14,16.194690265486727,7.169354838709677,14.20013969758191
135,2016-05-15,9.525222551928785,4.57258064516129,10.306337047526124
136,2016-05-16,9.25297619047619,5.172131147540983,12.32708144403945
137,2016-05-17,13.25373134328358,7.278688524590164,24.55847275394196
138,2016-05-18,17.764880952380953,11.896,28.841791575609506
139,2016-05-19,15.629850746268655,12.032520325203253,27.02327653109949
140,2016-05-20,16.916666666666668,12.336,24.42123023540166
141,2016-05-21,14.211940298507464,9.57377049180328,20.017366720074065
142,2016-05-22,14.0688622754491,9.268907563025213,16.214844150542252
143,2016-05-23,11.76737160120846,8.933884297520661,19.787402490958605
144,2016-05-24,14.837349397590362,9.71774193548387,19.66935666610802
145,2016-05-25,19.80415430267062,13.656,23.404418524655217
146,2016-05-26,19.737313432835823,14.28,21.12865532006668
147,2016-05-27,20.661721068249257,15.161290322580646,25.838218147179912
148,2016-05-28,18.67751479289941,14.008,20.280898805436543
149,2016-05-29,18.26409495548961,15.824,14.25874740790389
150,2016-05-30,15.701219512195122,12.032520325203253,19.84516435639605
151,2016-05-31,11.791540785498489,8.991596638655462,20.61699369225844
425,2017-03-01,8.691394658753708,6.835820895522388,20.67631773121832
426,2017-03-02,11.545454545454543,6.590909090909091,19.33378748965468
427,2017-03-03,17.941860465116278,9.030075187969924,33.70415107425828
428,2017-03-04,16.57894736842105,11.432835820895525,29.05106435380593
429,2017-03-05,7.932153392330384,6.929133858267717,13.486551915514772
430,2017-03-06,10.997005988023952,8.5,24.636402326579518
431,2017-03-07,13.502958579881655,10.619402985074627,25.533820230317247
432,2017-03-08,15.802941176470588,12.447761194029852,26.77392855005563
433,2017-03-09,11.367647058823527,9.045112781954888,25.05088265427769
434,2017-03-10,14.128654970760234,6.932330827067669,25.8270801807248
435,2017-03-11,17.194767441860463,10.77037037037037,29.467070600107807
436,2017-03-12,16.425219941348974,14.28888888888889,20.3207389390243
437,2017-03-13,24.97058823529412,21.149253731343283,35.16066727302757
438,2017-03-14,30.253687315634217,21.169117647058822,34.815430778744464
439,2017-03-15,29.647058823529413,18.860294117647054,30.81892598688592
440,2017-03-16,31.51764705882353,17.074074074074073,37.64932952488015
441,2017-03-17,28.708823529411763,18.903703703703705,28.305276569349797
442,2017-03-18,8.383480825958703,6.115384615384615,13.373842556513235
443,2017-03-19,7.882697947214076,5.134328358208955,12.319949024405544
444,2017-03-20,9.538235294117648,6.48062015503876,17.88761158916808
445,2017-03-21,9.056379821958457,6.3203125,22.321019404256013
446,2017-03-22,13.52046783625731,8.522727272727273,27.288911000915608
447,2017-03-23,19.94186046511628,15.474074074074077,23.91228628495454
448,2017-03-24,21.2296511627907,14.441176470588236,24.938567045422317
449,2017-03-25,17.843023255813954,12.059701492537313,22.70333569022389
450,2017-03-26,16.31286549707602,12.133333333333333,21.13982419604477
451,2017-03-27,18.26822157434402,11.656716417910449,36.08736951258926
452,2017-03-28,26.332361516034982,17.68148148148148,38.5450928640878
453,2017-03-29,23.217391304347824,16.6,27.740317226685207
454,2017-03-30,21.081632653061224,14.808823529411764,31.434011656417383
455,2017-03-31,21.635568513119534,13.962686567164178,34.081948312395625
456,2017-04-01,23.011627906976745,18.503649635036496,27.387637862172863
457,2017-04-02,18.73546511627907,15.32116788321168,17.66973842748095
458,2017-04-03,20.29154518950437,14.451127819548873,25.063186754757005
459,2017-04-04,22.68804664723032,16.49264705882353,27.74538119585505
460,2017-04-05,24.145772594752188,16.35820895522388,25.45962847323484
461,2017-04-06,15.675438596491228,6.625,20.17109467051237
462,2017-04-07,22.98546511627907,12.235294117647058,24.497172046882547
463,2017-04-08,25.693877551020407,16.095588235294116,24.186074655702804
464,2017-04-09,25.694767441860463,18.861313868613134,26.6129833344252
465,2017-04-10,23.04069767441861,15.007407407407408,25.25934684498376
466,2017-04-11,14.87463556851312,6.903703703703704,21.96637656414473
467,2017-04-12,21.25872093023256,14.57037037037037,23.78060975542383
468,2017-04-13,14.883720930232558,7.9185185185185185,19.831473579134173
469,2017-04-14,16.037790697674417,9.956204379562044,17.950838412287993
470,2017-04-15,17.808139534883722,14.065217391304348,17.35016839477039
471,2017-04-16,11.59356725146199,8.015037593984962,13.338338499378745
472,2017-04-17,9.988304093567251,7.462121212121212,13.61333039598176
473,2017-04-18,9.351906158357773,7.348148148148148,18.09687952507113
474,2017-04-19,9.775811209439528,7.044444444444444,20.3189295210996
475,2017-04-20,17.16320474777448,12.154411764705882,29.936994132597277
476,2017-04-21,26.855029585798817,19.96296296296296,29.56327087835342
477,2017-04-22,12.635294117647058,6.145985401459854,15.965610948316693
478,2017-04-23,9.397058823529411,4.678832116788321,14.070147705192657
479,2017-04-24,15.501466275659824,8.710144927536232,27.40172046781539
480,2017-04-25,12.591176470588236,7.888059701492537,24.45426932770836
481,2017-04-26,12.251461988304094,6.635036496350365,26.458198225547097
482,2017-04-27,16.11661807580175,9.404411764705882,28.292179272858903
483,2017-04-28,19.93313953488372,13.92753623188406,28.99849643586772
484,2017-04-29,14.36842105263158,10.18796992481203,22.243851170189654
485,2017-04-30,12.988269794721408,9.4014598540146,15.221416187848655
486,2017-05-01,15.014749262536872,13.656934306569344,14.600712872395626
487,2017-05-02,15.27927927927928,11.773722627737229,23.010244013053043
488,2017-05-03,16.108823529411765,13.644927536231885,22.332160088378732
489,2017-05-04,15.852941176470589,10.079710144927535,21.50545052777983
490,2017-05-05,14.096774193548388,10.855072463768115,22.860516516666625
491,2017-05-06,16.54385964912281,13.744525547445257,18.93535609792806
492,2017-05-07,17.014619883040936,13.343065693430656,15.865448778600154
493,2017-05-08,13.866863905325443,8.133333333333333,20.251594835543287
494,2017-05-09,11.72289156626506,5.613636363636363,22.707807774432894
495,2017-05-10,16.168639053254438,9.108695652173912,27.045287090048447
496,2017-05-11,16.281065088757398,10.185185185185183,27.401903042505506
497,2017-05-12,16.153846153846153,13.305970149253731,24.472961371053945
498,2017-05-13,14.183431952662724,13.356589147286822,20.08147156073854
499,2017-05-14,12.187683284457478,10.389705882352942,15.969775917185046
500,2017-05-15,12.578313253012048,8.184615384615384,23.331187234221805
501,2017-05-16,16.099397590361445,9.134328358208956,28.45558224222672
502,2017-05-17,17.99700598802395,10.642857142857142,25.18965298537906
503,2017-05-18,20.00597014925373,13.14179104477612,25.855479002922
504,2017-05-19,16.178041543026705,12.533834586466163,22.398783706626464
505,2017-05-20,10.056379821958457,7.567164179104478,15.646792219622329
506,2017-05-21,10.940119760479044,7.888059701492537,15.857235960031504
507,2017-05-22,15.092814371257486,9.795454545454543,24.45987821093109
508,2017-05-23,18.94362017804154,12.451127819548873,24.331115511253863
509,2017-05-24,14.208211143695015,7.601503759398496,20.035454744462797
510,2017-05-25,13.005882352941176,8.864661654135338,12.953352197651965
511,2017-05-26,12.565088757396447,8.75,18.08551150155672
512,2017-05-27,12.928143712574853,8.1015625,17.335550807355474
513,2017-05-28,16.391691394658753,10.27906976744186,18.47310712504505
514,2017-05-29,20.75147928994083,12.87121212121212,27.24262930664737
515,2017-05-30,22.56756756756757,16.503649635036496,23.603050279282197
516,2017-05-31,14.27710843373494,9.186567164179104,17.82196995650441
790,2018-03-01,31.09011627906977,23.965986394557824,20.33279038322256
791,2018-03-02,48.66472303206997,40.07482993197279,26.529379340992303
792,2018-03-03,53.683284457478,45.57823129251701,28.305369716408563
793,2018-03-04,45.12573099415204,44.013698630136986,26.19692227616764
794,2018-03-05,29.72106824925816,30.552447552447557,34.97730593251399
795,2018-03-06,48.04093567251462,44.50684931506849,40.624643052230745
796,2018-03-07,32.83720930232558,33.4041095890411,32.959982751749926
797,2018-03-08,14.673529411764706,13.23448275862069,23.970628276251297
798,2018-03-09,16.028901734104046,11.404109589041097,31.368982360501285
799,2018-03-10,18.18713450292398,16.97163120567376,27.84749041508422
800,2018-03-11,15.175953079178884,13.753521126760564,23.661922450392947
801,2018-03-12,15.570588235294116,15.097902097902098,28.91893684439346
802,2018-03-13,7.633136094674557,6.535211267605634,19.10327715454483
803,2018-03-14,12.355882352941176,9.33103448275862,24.46555481748171
804,2018-03-15,18.110119047619047,14.46938775510204,22.60187020290135
805,2018-03-16,16.73177842565598,13.797297297297296,22.577631569599284
806,2018-03-17,15.16326530612245,11.074324324324325,12.654367981266454
807,2018-03-18,17.26530612244898,12.37837837837838,10.136542920365978
808,2018-03-19,21.166180758017493,14.864864864864863,24.402092963693764
809,2018-03-20,20.096209912536445,13.780821917808218,31.139171560985048
810,2018-03-21,17.79360465116279,11.54054054054054,33.316699060306505
811,2018-03-22,21.07536231884058,16.33108108108108,31.919003667422103
812,2018-03-23,18.430635838150287,15.156462585034014,29.354187902945878
813,2018-03-24,21.571014492753623,18.033783783783782,26.07931077543278
814,2018-03-25,28.6463768115942,25.45945945945946,27.367677037661
815,2018-03-26,30.285714285714285,23.79591836734694,31.30590217676325
816,2018-03-27,24.03235294117647,18.10958904109589,26.887814283611583
817,2018-03-28,16.660869565217393,16.205479452054796,22.61566666857792
818,2018-03-29,11.419354838709678,9.476190476190476,24.697518570495063
819,2018-03-30,13.405797101449275,12.006849315068491,19.352831875638607
820,2018-03-31,15.950581395348838,15.335616438356164,19.62612555135476
821,2018-04-01,15.893063583815028,14.006802721088436,13.741532050180442
822,2018-04-02,21.212209302325583,18.86394557823129,18.01746287565059
823,2018-04-03,15.680232558139537,9.23021582733813,26.22692077970648
824,2018-04-04,16.26300578034682,7.357142857142857,24.704286424926515
825,2018-04-05,8.942028985507246,5.277777777777778,18.26569556719066
826,2018-04-06,14.038011695906432,7.212328767123288,23.98313253671653
827,2018-04-07,17.77259475218659,11.379310344827584,23.8856631472722
828,2018-04-08,22.57309941520468,15.724137931034482,24.31243116786595
829,2018-04-09,35.38304093567251,23.636986301369863,35.474021768254
830,2018-04-10,26.173529411764704,20.034246575342465,25.276235549685083
831,2018-04-11,20.21238938053097,16.643835616438356,22.99333265551316
832,2018-04-12,26.117302052785924,18.82312925170068,23.889153592516905
833,2018-04-13,26.430232558139537,21.17567567567568,29.15231179648565
834,2018-04-14,21.481159420289856,19.027210884353742,22.89275214232121
835,2018-04-15,18.367346938775512,15.58108108108108,20.225643430104736
836,2018-04-16,20.02915451895044,16.47945205479452,27.237563828851403
837,2018-04-17,22.049562682215743,14.212328767123289,28.75087190151812
838,2018-04-18,24.577712609970675,16.28082191780822,32.01949028822631
839,2018-04-19,24.474926253687315,15.123287671232877,31.816953187440845
840,2018-04-20,28.01453488372093,16.486486486486488,34.12167604661
841,2018-04-21,31.82658959537572,21.905405405405407,25.50630062733792
842,2018-04-22,22.87209302325581,14.63013698630137,19.937663735113407
843,2018-04-23,22.32944606413994,13.64,22.27670324897877
844,2018-04-24,17.63450292397661,11.13013698630137,21.88802082517053
845,2018-04-25,16.138328530259365,9.312925170068027,18.96207210668567
846,2018-04-26,11.11304347826087,6.1866666666666665,19.508585042379643
847,2018-04-27,15.478134110787172,8.651006711409396,25.587872532443843
848,2018-04-28,17.15406976744186,10.506849315068491,20.78986424338238
849,2018-04-29,19.205202312138727,12.945578231292515,16.939307099740997
850,2018-04-30,15.909356725146198,9.854166666666666,15.149427401336338
851,2018-05-01,9.39941690962099,5.347222222222222,11.296293509725546
852,2018-05-02,15.59824046920821,9.312925170068027,25.2980559658234
853,2018-05-03,17.07871720116618,10.91891891891892,22.9690320139442
854,2018-05-04,16.203488372093023,8.619047619047619,21.734528463620247
855,2018-05-05,16.315028901734102,9.212328767123289,17.473609401239283
856,2018-05-06,14.222873900293257,7.809859154929577,14.687328805225045
857,2018-05-07,17.365781710914455,8.429577464788732,23.25457348977645
858,2018-05-08,20.51038575667656,9.643356643356643,24.85506634018661
859,2018-05-09,25.692753623188405,12.736486486486486,27.2983331618207
860,2018-05-10,23.9971181556196,17.210884353741495,15.11840355509793
861,2018-05-11,16.7296511627907,11.891891891891891,18.7159267139914
862,2018-05-12,19.49421965317919,14.630872483221475,18.384873743566423
863,2018-05-13,20.294797687861276,15.47972972972973,14.282234401082404
864,2018-05-14,21.513274336283185,12.66891891891892,20.35087999239544
865,2018-05-15,20.94134897360704,12.428571428571429,22.13124156572558
866,2018-05-16,19.56342182890856,14.476510067114091,21.282501378945888
867,2018-05-17,24.150442477876105,13.201342281879194,17.40595599550634
868,2018-05-18,24.99122807017544,13.906666666666666,19.05242811049103
869,2018-05-19,22.43313953488372,13.353333333333332,17.50605772944041
870,2018-05-20,15.947521865889213,9.167785234899329,13.59262701363302
871,2018-05-21,13.351906158357773,7.436241610738255,12.93253352913766
872,2018-05-22,17.50147492625369,10.12751677852349,24.055694828450054
873,2018-05-23,18.67751479289941,11.095890410958903,22.34845019427539
874,2018-05-24,18.562130177514792,11.157534246575343,21.309065400476328
875,2018-05-25,17.6955223880597,10.97945205479452,20.702814099052787
876,2018-05-26,17.471641791044775,11.236486486486486,18.38188818126405
877,2018-05-27,18.86135693215339,14.308724832214764,16.467172815107595
878,2018-05-28,22.419161676646706,15.317567567567568,22.205903915060983
879,2018-05-29,24.36716417910448,15.36111111111111,22.334331245317664
880,2018-05-30,21.19047619047619,13.571428571428571,23.32756222169802
881,2018-05-31,21.242603550295858,15.22972972972973,19.095935970227437
1155,2019-03-01,21.75574712643678,15.217171717171718,21.6588365944835
1156,2019-03-02,19.105714285714285,14.595959595959595,18.428763927847903
1157,2019-03-03,10.063037249283669,6.969543147208122,10.82345733541633
1158,2019-03-04,8.155619596541786,4.01522842639594,13.533508307279796
1159,2019-03-05,7.9508670520231215,4.573604060913706,17.29889941087982
1160,2019-03-06,12.130434782608695,7.869346733668341,23.991256529435564
1161,2019-03-07,7.536443148688047,4.331632653061225,17.053125430067052
1162,2019-03-08,9.358166189111747,4.5,16.23420633569186
1163,2019-03-09,7.838616714697406,4.477157360406092,10.86147412948339
1164,2019-03-10,8.083815028901734,4.147208121827411,9.910501393157295
1165,2019-03-11,7.419825072886297,4.0456852791878175,15.689569916422476
1166,2019-03-12,10.728571428571428,5.696969696969697,19.008444351769214
1167,2019-03-13,7.212034383954155,3.555555555555556,13.389693304592624
1168,2019-03-14,7.5706051873198845,4.101010101010101,15.393385820087534
1169,2019-03-15,8.313218390804598,4.190954773869347,15.36966336029184
1170,2019-03-16,7.287356321839081,4.221105527638191,13.006758092596977
1171,2019-03-17,6.504322766570605,3.8241206030150754,10.816880907652203
1172,2019-03-18,9.154727793696274,4.849246231155779,18.371119887141884
1173,2019-03-19,16.521489971346703,8.336683417085426,28.927737173605426
1174,2019-03-20,21.971181556195965,13.328282828282829,33.59824567242426
1175,2019-03-21,25.181556195965417,17.21608040201005,33.36384242600264
1176,2019-03-22,29.07471264367816,20.36180904522613,33.71956789898585
1177,2019-03-23,39.10951008645533,30.045226130653266,26.26125385757256
1178,2019-03-24,27.9768115942029,21.641414141414145,18.21089647381638
1179,2019-03-25,11.604651162790695,7.616161616161616,18.817017621814355
1180,2019-03-26,13.020231213872831,7.155778894472362,20.2631253288748
1181,2019-03-27,17.905172413793103,11.050251256281408,24.82612257993108
1182,2019-03-28,18.491329479768787,12.21608040201005,26.156703795989824
1183,2019-03-29,18.466666666666665,13.52284263959391,27.45394936264063
1184,2019-03-30,23.26224783861672,17.651515151515152,28.405459382443954
1185,2019-03-31,22.985590778097983,16.41919191919192,18.948160622602884
1186,2019-04-01,19.476878612716764,13.42211055276382,21.73108210076503
1187,2019-04-02,25.778097982708932,17.116161616161616,24.792810255562618
1188,2019-04-03,18.628242074927957,13.715736040609135,24.99464489186152
1189,2019-04-04,19.292753623188407,14.79896907216495,24.01465521318224
1190,2019-04-05,29.685878962536023,23.18274111675127,24.7462667619811
1191,2019-04-06,31.46086956521739,25.237373737373737,22.132342231828183
1192,2019-04-07,27.50144927536232,21.121827411167512,19.797456750228488
1193,2019-04-08,29.90751445086705,21.624365482233504,25.82635312849641
1194,2019-04-09,27.36521739130435,20.362244897959183,21.07606102286816
1195,2019-04-10,23.046511627906977,19.086294416243653,19.46395009474899
1196,2019-04-11,16.844380403458214,13.137055837563452,18.77181540486416
1197,2019-04-12,16.026011560693643,12.893939393939394,18.01866276229337
1198,2019-04-13,19.45821325648415,17.050505050505052,15.126972212456216
1199,2019-04-14,19.89337175792507,17.646464646464647,13.021686934886278
1200,2019-04-15,19.8299711815562,15.505050505050503,18.93291049696036
1201,2019-04-16,20.95402298850575,14.79591836734694,23.9681417032504
1202,2019-04-17,20.24495677233429,13.700507614213198,24.44621964295584
1203,2019-04-18,21.469914040114613,12.787878787878787,23.69634725924172
1204,2019-04-19,18.96,12.131979695431472,17.813621588708486
1205,2019-04-20,21.305714285714284,13.309644670050762,21.89081319345386
1206,2019-04-21,23.536231884057973,16.123076923076923,19.22548618223831
1207,2019-04-22,17.95639534883721,10.969072164948454,13.47159078164837
1208,2019-04-23,31.416184971098264,15.646153846153846,17.058920633773322
1209,2019-04-24,24.95086705202312,13.39795918367347,17.757514346832366
1210,2019-04-25,12.149122807017545,5.642487046632124,18.84576327237199
1211,2019-04-26,14.653179190751445,8.28061224489796,19.937022309348748
1212,2019-04-27,10.332378223495702,7.383838383838384,14.972615786277252
1213,2019-04-28,8.472622478386167,5.50761421319797,12.365051095512229
1214,2019-04-29,14.311239193083573,9.730964467005077,19.68406289674945
1215,2019-04-30,21.20916905444126,14.328282828282829,21.05756289473187
1216,2019-05-01,25.85014409221902,18.218274111675125,17.135649617714833
1217,2019-05-02,25.43352601156069,17.517766497461928,20.17739651090427
1218,2019-05-03,10.988505747126435,6.681818181818182,16.909874702534704
1219,2019-05-04,7.793696275071634,4.847715736040609,14.687829397720703
1220,2019-05-05,10.005730659025788,6.01015228426396,13.604786045381012
1221,2019-05-06,13.898843930635838,8.040609137055837,20.346683817211478
1222,2019-05-07,14.98533724340176,8.938461538461539,22.92696183851895
1223,2019-05-08,14.38150289017341,9.51269035532995,24.285665161427552
1224,2019-05-09,8.05232558139535,4.58080808080808,18.19654914925858
1225,2019-05-10,10.76231884057971,6.53030303030303,20.386463738574907
1226,2019-05-11,11.434402332361516,6.918781725888325,16.24053431066492
1227,2019-05-12,9.31686046511628,4.994897959183674,10.911807681003248
1228,2019-05-13,10.253644314868804,4.394871794871795,16.264348618208192
1229,2019-05-14,9.869186046511627,4.4646464646464645,16.547161911122135
1230,2019-05-15,9.831395348837209,4.553846153846154,17.35516380064481
1231,2019-05-16,11.135446685878962,6.762626262626263,18.90173705768025
1232,2019-05-17,14.521489971346703,10.818181818181818,18.9593416825931
1233,2019-05-18,14.922857142857143,11.0,18.74991339477099
1234,2019-05-19,15.634285714285712,12.095959595959595,15.314031859506686
1235,2019-05-20,21.34971098265896,15.538071065989849,19.31489161042794
1236,2019-05-21,14.265129682997118,10.6497461928934,16.993393029024674
1237,2019-05-22,13.10632183908046,9.723076923076922,16.837635830987377
1238,2019-05-23,15.054755043227663,9.071428571428571,22.557480110456403
1239,2019-05-24,17.78962536023055,10.603015075376884,25.119840628286514
1240,2019-05-25,14.025787965616043,8.819095477386934,16.16869640377249
1241,2019-05-26,12.630372492836676,8.422110552763819,13.113186106346484
1242,2019-05-27,11.778097982708934,7.163265306122449,17.214063676274506
1243,2019-05-28,11.644314868804663,6.764102564102564,17.461682853716724
1244,2019-05-29,9.553314121037465,5.020725388601036,18.117160513299847
1245,2019-05-30,10.742774566473988,6.412371134020619,13.50961111577416
1246,2019-05-31,13.13157894736842,8.284974093264248,17.136365201378183
1521,2020-03-01,5.946022727272728,3.168269230769231,10.673304179003688
1522,2020-03-02,9.014245014245017,5.135265700483092,21.938583557860195
1523,2020-03-03,11.1,6.975728155339806,21.75004615350121
1524,2020-03-04,14.863636363636363,10.07729468599034,25.81964400741809
1525,2020-03-05,12.085714285714284,8.855072463768115,23.81917984569194
1526,2020-03-06,10.638176638176638,9.35265700483092,17.93006067040697
1527,2020-03-07,15.022857142857143,12.48792270531401,17.337935853981612
1528,2020-03-08,12.076923076923077,9.159420289855072,14.8722878715682
1529,2020-03-09,9.917142857142856,6.590243902439024,20.41635920667302
1530,2020-03-10,6.106936416184971,3.898058252427184,15.942403922122912
1531,2020-03-11,6.591836734693878,3.5294117647058822,14.595143175755725
1532,2020-03-12,7.051724137931035,3.5098039215686274,11.889627557459807
1533,2020-03-13,10.547550432276656,4.932038834951456,14.491316528657183
1534,2020-03-14,13.749287749287747,7.713592233009709,19.97793110501031
1535,2020-03-15,11.282051282051285,7.79126213592233,15.371698730515316
1536,2020-03-16,16.774285714285714,9.873170731707315,28.438123028065924
1537,2020-03-17,23.102564102564106,15.402912621359222,28.063263215706023
1538,2020-03-18,20.926136363636363,14.309178743961352,24.75303613649064
1539,2020-03-19,22.228571428571428,14.451456310679612,23.56891445452044
1540,2020-03-20,21.72159090909091,14.947115384615383,17.091971565703272
1541,2020-03-21,7.997142857142857,6.0048076923076925,7.610767366982397
1542,2020-03-22,6.684813753581662,4.908212560386473,6.7247789334942745
1543,2020-03-23,10.968571428571428,7.454106280193237,14.307761845920734
1544,2020-03-24,17.125,12.63768115942029,17.922223698438533
1545,2020-03-25,22.85754985754986,16.74757281553398,17.55164139317243
1546,2020-03-26,25.82471264367816,19.067307692307693,16.551575376051538
1547,2020-03-27,39.98857142857143,26.028708133971293,20.51434737992
1548,2020-03-28,43.71225071225072,29.02403846153846,16.84508940330769
1549,2020-03-29,11.98,9.409756097560976,7.461169979296066
1550,2020-03-30,8.93142857142857,4.995145631067961,17.10694571366674
1551,2020-03-31,12.422413793103448,7.893719806763285,18.08247914751757
1552,2020-04-01,15.771428571428572,10.317307692307692,22.572606123980265
1553,2020-04-02,22.44985673352436,15.341346153846152,21.948819900833225
1554,2020-04-03,20.60857142857143,12.95673076923077,18.08622795526365
1555,2020-04-04,18.340974212034386,11.27536231884058,18.071997208105905
1556,2020-04-05,19.826210826210826,13.975961538461538,13.318368293923214
1557,2020-04-06,23.793696275071632,14.942583732057416,23.498047409595237
1558,2020-04-07,23.881844380403457,14.533653846153848,21.486346080500017
1559,2020-04-08,25.96857142857143,14.75598086124402,25.57489515480556
1560,2020-04-09,27.18285714285714,15.277511961722489,23.98571383454244
1561,2020-04-10,16.608069164265128,9.803827751196172,12.062379880729493
1562,2020-04-11,17.037790697674417,9.841346153846152,16.406417266268825
1563,2020-04-12,18.956521739130437,11.725961538461538,14.942839891670328
1564,2020-04-13,15.561959654178674,8.645933014354068,8.22449896388639
1565,2020-04-14,14.147826086956522,6.196172248803828,13.290784708238622
1566,2020-04-15,20.12280701754386,10.078048780487803,20.36677307464973
1567,2020-04-16,24.02915451895044,11.946601941747574,23.65468086343892
1568,2020-04-17,24.028735632183903,11.27536231884058,20.15581779019353
1569,2020-04-18,21.951149425287355,10.516908212560386,15.973579227053142
1570,2020-04-19,15.166666666666666,8.75598086124402,8.45210375325158
1571,2020-04-20,14.2507204610951,5.875598086124402,10.79082212547178
1572,2020-04-21,19.227011494252874,8.197115384615385,10.500825230110072
1573,2020-04-22,18.62536023054755,8.382775119617225,12.976174559257167
1574,2020-04-23,21.84149855907781,10.555023923444976,21.7122005569026
1575,2020-04-24,26.364942528735632,13.167464114832535,20.979973705492934
1576,2020-04-25,15.792022792022792,8.626794258373206,11.21840453381963
1577,2020-04-26,14.274285714285714,7.610576923076923,12.510275270726329
1578,2020-04-27,19.945558739255013,10.14354066985646,21.944897015879057
1579,2020-04-28,19.410404624277454,10.576923076923077,19.538541822268844
1580,2020-04-29,11.242774566473988,7.458937198067633,14.30924438559268
1581,2020-04-30,7.682857142857143,4.769230769230769,13.87277367116826
1582,2020-05-01,5.7,3.1770334928229667,7.243814326125706
1583,2020-05-02,8.031518624641834,5.298076923076923,10.112731843545898
1584,2020-05-03,10.160458452722064,7.221153846153846,11.065271025302154
1585,2020-05-04,12.42406876790831,8.41826923076923,17.798424935137863
1586,2020-05-05,10.069164265129682,5.85024154589372,14.45925163259488
1587,2020-05-06,10.401709401709402,5.105263157894737,17.21358824605346
1588,2020-05-07,15.174285714285714,8.884615384615385,21.799495727460947
1589,2020-05-08,19.68285714285714,11.83732057416268,24.77554316331012
1590,2020-05-09,19.53125,13.024038461538462,20.35692914653784
1591,2020-05-10,17.408571428571427,12.053140096618357,13.500974376994778
1592,2020-05-11,9.52906976744186,5.521739130434782,11.409589490363889
1593,2020-05-12,10.15606936416185,4.721153846153846,14.891584048371191
1594,2020-05-13,12.816091954022989,7.711538461538462,17.21960870474256
1595,2020-05-14,12.03735632183908,7.44976076555024,13.82596261860184
1596,2020-05-15,12.351428571428572,7.29665071770335,16.437771175105087
1597,2020-05-16,12.608571428571429,7.642512077294686,14.480840281071584
1598,2020-05-17,12.13960113960114,7.536231884057971,11.802371259464376
1599,2020-05-18,15.683760683760685,8.665071770334928,19.82676125227429
1600,2020-05-19,16.448275862068964,8.711538461538462,18.56562517915471
1601,2020-05-20,14.98005698005698,7.869565217391305,17.49620230704121
1602,2020-05-21,12.56980056980057,7.581730769230769,12.748108970977372
1603,2020-05-22,17.859598853868196,9.392344497607656,18.630356738430653
1604,2020-05-23,13.444126074498568,7.875598086124402,10.581945367724838
1605,2020-05-24,11.43839541547278,5.4688995215311005,7.230369481067634
1606,2020-05-25,11.235632183908049,6.264423076923077,12.124216949434556
1607,2020-05-26,12.81896551724138,7.339805825242719,15.747488443528026
1608,2020-05-27,13.855072463768115,7.35609756097561,17.653172041485085
1609,2020-05-28,12.644508670520231,6.096618357487923,12.78693439107587
1610,2020-05-29,11.31896551724138,5.082125603864735,14.859904942656094
1611,2020-05-30,10.117816091954024,4.868292682926829,11.19981429798127
1612,2020-05-31,9.095375722543352,4.137254901960785,8.09147537903297
1886,2021-03-01,18.18258426966292,13.180672268907562,23.80595208143281
1887,2021-03-02,24.92957746478873,16.637130801687764,30.317815989202465
1888,2021-03-03,37.41176470588236,24.041666666666668,33.50374414505567
1889,2021-03-04,31.626404494382022,21.410041841004183,24.37841333140171
1890,2021-03-05,11.885474860335195,7.418410041841004,18.901284438456617
1891,2021-03-06,13.879213483146067,9.020833333333334,20.76901985983636
1892,2021-03-07,16.19327731092437,11.6,17.837003104766712
1893,2021-03-08,20.75842696629213,13.564853556485357,25.480513573084565
1894,2021-03-09,22.37183098591549,15.432773109243698,25.93515953859057
1895,2021-03-10,24.50422535211268,18.47083333333333,22.592259655413244
1896,2021-03-11,11.132022471910112,8.146443514644352,12.30076039072954
1897,2021-03-12,7.456090651558074,3.573221757322176,10.62598816328789
1898,2021-03-13,4.492917847025495,2.5708333333333333,7.852938095014338
1899,2021-03-14,6.273504273504273,3.683333333333333,8.572214944089101
1900,2021-03-15,7.475920679886686,4.542016806722689,14.102555927160337
1901,2021-03-16,9.769886363636363,5.286919831223629,15.33246407065726
1902,2021-03-17,9.894886363636363,6.512711864406779,20.34555589021611
1903,2021-03-18,14.704225352112676,9.5125,22.728529125551223
1904,2021-03-19,11.186440677966102,7.979423868312757,17.109786577234622
1905,2021-03-20,9.149295774647888,5.818930041152264,14.708605024915364
1906,2021-03-21,13.595505617977528,8.0,10.39726450815935
1907,2021-03-22,15.039325842696629,7.757201646090535,17.585459128092534
1908,2021-03-23,20.45762711864407,13.260330578512397,22.889194426887173
1909,2021-03-24,32.79320113314448,23.704166666666666,28.25694713406968
1910,2021-03-25,32.971830985915496,22.950413223140497,28.93075624434348
1911,2021-03-26,27.3623595505618,19.96296296296296,24.74249565026369
1912,2021-03-27,10.879213483146067,7.460905349794238,12.170591861757636
1913,2021-03-28,11.019553072625698,6.261410788381743,13.011641652184275
1914,2021-03-29,16.32112676056338,8.294605809128631,23.276610196756053
1915,2021-03-30,23.58309859154929,12.62396694214876,32.39939401248017
1916,2021-03-31,29.698591549295774,16.136929460580912,35.88630706611278
1917,2021-04-01,32.13202247191011,18.84297520661157,26.586361983038078
1918,2021-04-02,12.47191011235955,8.115702479338843,8.917612024131474
1919,2021-04-03,12.502808988764045,6.429752066115703,10.548591654531586
1920,2021-04-04,17.3135593220339,10.49377593360996,12.709752397870444
1921,2021-04-05,13.892045454545457,8.408333333333333,9.019446296246054
1922,2021-04-06,7.017045454545454,3.7041666666666666,11.96380343753295
1923,2021-04-07,8.257062146892656,4.768595041322314,12.414633438811633
1924,2021-04-08,13.005649717514125,7.454545454545454,16.509329128934333
1925,2021-04-09,18.100840336134453,11.119341563786008,22.38646730179424
1926,2021-04-10,15.624649859943975,10.716049382716047,16.926648930116095
1927,2021-04-11,11.331460674157304,9.08713692946058,11.88164100231281
1928,2021-04-12,8.087570621468927,4.891213389121339,16.001227921098874
1929,2021-04-13,11.906515580736544,6.783333333333333,18.09888763198721
1930,2021-04-14,11.689265536723164,6.154166666666667,19.053164532606186
1931,2021-04-15,11.247887323943662,6.338912133891213,18.60309056790225
1932,2021-04-16,10.516949152542374,5.962655601659751,17.243959133381225
1933,2021-04-17,13.353107344632768,8.2,15.035755681199044
1934,2021-04-18,17.40730337078652,12.611570247933884,13.959885360634788
1935,2021-04-19,20.09322033898305,14.633333333333333,20.61620088399852
1936,2021-04-20,20.780281690140846,14.396694214876034,21.44784540424
1937,2021-04-21,21.876404494382022,13.369294605809127,19.893683442752224
1938,2021-04-22,17.701408450704225,8.669421487603305,13.42736121047554
1939,2021-04-23,17.044817927170868,8.355371900826446,16.984826967522448
1940,2021-04-24,14.963483146067416,8.647302904564315,13.725937040181414
1941,2021-04-25,11.410112359550562,6.563025210084033,9.452580062574665
1942,2021-04-26,12.602857142857143,5.957983193277311,16.29928225881098
1943,2021-04-27,15.702005730659026,8.125523012552302,16.522325568563172
1944,2021-04-28,22.37183098591549,12.912133891213388,19.361982778360534
1945,2021-04-29,18.414772727272727,12.736401673640168,15.849165440689411
1946,2021-04-30,18.78470254957507,14.029045643153529,18.78754087015855
1947,2021-05-01,19.28370786516854,15.683127572016462,12.402168900882277
1948,2021-05-02,12.745098039215684,10.020576131687244,10.191332042864556
1949,2021-05-03,11.231638418079095,6.921161825726141,16.517289743664456
1950,2021-05-04,11.789325842696629,5.7012448132780085,11.560230873209472
1951,2021-05-05,7.590909090909091,3.600840336134454,10.59450207724884
1952,2021-05-06,8.81638418079096,5.025,14.576363369667655
1953,2021-05-07,8.630985915492957,5.413223140495868,15.211050806757044
1954,2021-05-08,10.268361581920905,6.5578512396694215,14.754722130248537
1955,2021-05-09,10.15954415954416,5.2217573221757325,11.977574104368069
1956,2021-05-10,12.57834757834758,5.485355648535565,16.791077940822493
1957,2021-05-11,11.728813559322036,6.896694214876033,15.849991746314169
1958,2021-05-12,11.884180790960452,7.9125,15.37478249800495
1959,2021-05-13,8.872521246458923,6.120833333333334,10.154286770884632
1960,2021-05-14,9.177142857142858,5.735294117647059,13.354965947109047
1961,2021-05-15,7.511299435028248,4.723140495867769,10.701392339544514
1962,2021-05-16,6.206798866855524,3.5702479338842976,8.024520230500494
1963,2021-05-17,6.2175141242937855,3.1708333333333334,12.883086277508813
1964,2021-05-18,8.108262108262108,4.8429752066115705,13.79446096513141
1965,2021-05-19,8.751428571428571,5.435146443514644,14.55989371531663
1966,2021-05-20,8.82808022922636,5.563025210084033,14.58247450725488
1967,2021-05-21,9.571022727272728,4.146443514644352,12.472040572365012
1968,2021-05-22,6.570224719101123,2.9545454545454546,7.814857209620185
1969,2021-05-23,6.248587570621469,3.446280991735537,7.972730705914101
1970,2021-05-24,6.517045454545454,3.33195020746888,8.92301701899158
1971,2021-05-25,5.771186440677966,2.720833333333333,11.03879877591927
1972,2021-05-26,6.64957264957265,3.622406639004149,12.497883729340256
1973,2021-05-27,7.997167138810198,4.443514644351464,13.31955983129617
1974,2021-05-28,10.26345609065156,6.140495867768595,13.897228846747998
1975,2021-05-29,10.679083094555876,7.037344398340249,11.532264180907951
1976,2021-05-30,11.112994350282486,7.431535269709544,9.580360529835168
1977,2021-05-31,12.988472622478389,6.859574468085106,15.62035432430208
2251,2022-03-01,21.91899441340782,15.86923076923077,27.45426456919296
2252,2022-03-02,29.298882681564248,21.24904214559387,34.48341397338534
2253,2022-03-03,28.77715877437326,20.97328244274809,30.34953915513416
2254,2022-03-04,22.85754189944134,16.885057471264368,23.7150387720722
2255,2022-03-05,18.12742382271468,14.057251908396946,19.670382957998147
2256,2022-03-06,16.022222222222222,13.238461538461538,15.45856198166995
2257,2022-03-07,17.480555555555554,12.884615384615383,21.61716721853888
2258,2022-03-08,19.52908587257618,12.9618320610687,27.63303223407406
2259,2022-03-09,25.941340782122904,16.103053435114504,32.48489345267758
2260,2022-03-10,26.185082872928177,17.66412213740458,26.12832276998311
2261,2022-03-11,22.98891966759003,14.743295019157088,17.58556703959103
2262,2022-03-12,21.132963988919663,14.330769230769231,18.24715333710744
2263,2022-03-13,22.647222222222226,16.675675675675677,18.492267567606124
2264,2022-03-14,18.38309859154929,13.272373540856032,23.709977042556343
2265,2022-03-15,19.83008356545961,13.312977099236642,28.30358611627878
2266,2022-03-16,21.714285714285715,15.758620689655173,20.20472589640064
2267,2022-03-17,31.211699164345404,23.519083969465647,22.68068743286483
2268,2022-03-18,19.991643454039,14.561068702290076,18.90312681533255
2269,2022-03-19,19.838440111420613,15.095419847328245,13.041073159588027
2270,2022-03-20,27.630252100840337,22.28735632183908,13.509468743339726
2271,2022-03-21,27.87955182072829,19.401544401544403,26.042703879344646
2272,2022-03-22,32.1927374301676,21.011494252873565,32.49421787428067
2273,2022-03-23,37.49299719887955,24.724137931034484,35.65136168093164
2274,2022-03-24,43.667597765363126,29.007662835249043,35.48621047856386
2275,2022-03-25,45.38611111111111,30.12213740458015,30.97200321930645
2276,2022-03-26,33.70555555555556,22.80534351145038,21.21666213509875
2277,2022-03-27,20.622222222222224,13.919847328244275,18.012221021888177
2278,2022-03-28,24.08055555555556,14.850574712643676,22.584051358955367
2279,2022-03-29,31.441666666666663,18.796934865900383,20.874901428732606
2280,2022-03-30,22.688022284122564,13.88030888030888,19.06897537685069
2281,2022-03-31,17.529411764705884,12.142857142857142,15.264590185811842
2282,2022-04-01,12.929971988795518,7.942528735632184,13.15133755774525
2283,2022-04-02,9.629526462395544,6.440613026819923,10.86305001897574
2284,2022-04-03,9.936111111111112,6.778625954198473,13.010954382256807
2285,2022-04-04,14.377777777777778,9.656370656370656,14.962392957346776
2286,2022-04-05,8.59375,5.60077519379845,14.354629856361296
2287,2022-04-06,9.432960893854748,6.118773946360153,12.341263414321904
2288,2022-04-07,5.756373937677054,2.9578544061302683,9.111126681984649
2289,2022-04-08,7.453521126760563,3.927480916030534,13.819680080711784
2290,2022-04-09,8.147632311977716,4.634241245136187,10.851893283458969
2291,2022-04-10,9.047619047619047,5.376923076923077,12.307634004033748
2292,2022-04-11,11.78370786516854,6.760617760617761,20.90264628080604
2293,2022-04-12,14.84873949579832,8.476744186046512,22.502643510152502
2294,2022-04-13,22.86968838526912,11.992217898832685,26.924133997981407
2295,2022-04-14,20.43342776203966,13.303846153846154,20.784952444616785
2296,2022-04-15,12.56056338028169,9.494252873563218,11.039290291395035
2297,2022-04-16,9.308988764044944,6.46360153256705,11.001042312269131
2298,2022-04-17,12.224719101123595,8.965384615384615,12.753054239752505
2299,2022-04-18,11.419263456090652,8.180769230769231,13.902431809823677
2300,2022-04-19,12.307692307692308,6.750972762645914,16.99037119212919
2301,2022-04-20,13.742937853107344,7.5852713178294575,15.72677462182044
2302,2022-04-21,16.014044943820224,9.415384615384616,15.572705110493226
2303,2022-04-22,18.678770949720672,13.0,13.199942563568944
2304,2022-04-23,16.880555555555556,12.787644787644789,11.005623719413425
2305,2022-04-24,13.440111420612814,9.546153846153846,9.78923668360625
2306,2022-04-25,13.764044943820224,9.78076923076923,15.425842156233706
2307,2022-04-26,14.349295774647889,9.988416988416988,17.571865187655845
2308,2022-04-27,15.450424929178473,9.864341085271318,17.445699262537488
2309,2022-04-28,18.522727272727277,11.015625,19.26691484714241
2310,2022-04-29,20.35211267605634,11.60919540229885,20.433884402407312
2311,2022-04-30,17.162011173184357,11.377862595419847,13.846622890232092
2312,2022-05-01,16.50974930362117,11.757692307692308,12.311737986988604
2313,2022-05-02,18.719887955182077,11.572519083969466,18.261881050249475
2314,2022-05-03,18.10112359550562,10.490421455938698,17.570166721514273
2315,2022-05-04,18.388101983002837,10.603846153846154,17.811667499837444
2316,2022-05-05,18.76123595505618,11.296992481203008,18.39805223798886
2317,2022-05-06,17.803370786516854,10.492424242424242,19.74915985466384
2318,2022-05-07,17.207865168539325,10.913207547169812,15.973591063087111
2319,2022-05-08,14.467787114845938,9.041509433962265,10.461226549268948
2320,2022-05-09,17.017094017094017,9.34351145038168,17.161376006036026
2321,2022-05-10,21.25770308123249,11.46743295019157,19.56276982527413
2322,2022-05-11,20.977272727272727,10.316,16.007917053211713
2323,2022-05-12,13.711428571428572,6.496124031007752,12.5436630882763
2324,2022-05-13,15.569405099150142,7.45136186770428,14.98969346824038
2325,2022-05-14,16.646067415730336,8.535849056603773,13.747675436165986
2326,2022-05-15,14.825352112676056,8.226415094339623,11.942347487541989
2327,2022-05-16,18.514204545454547,8.865900383141762,16.82111428359361
2328,2022-05-17,15.867605633802818,8.698473282442748,15.751634055360572
2329,2022-05-18,17.316384180790962,8.762452107279694,16.155628587884276
2330,2022-05-19,19.81615598885794,9.992217898832685,17.566687805507616
2331,2022-05-20,17.45098039215686,10.567567567567568,13.836081134239604
2332,2022-05-21,9.910863509749303,5.553846153846154,8.981490173473869
2333,2022-05-22,10.511173184357542,5.892307692307693,10.595469128640834
2334,2022-05-23,13.792717086834736,7.281853281853282,13.897519887472727
2335,2022-05-24,9.01699716713881,4.9272030651340994,12.138207462998118
2336,2022-05-25,9.0,4.2965779467680605,14.01592027709342
2337,2022-05-26,9.345505617977528,4.748091603053435,7.409879240868765
2338,2022-05-27,10.109550561797754,4.9543726235741445,8.696830002711113
2339,2022-05-28,9.76123595505618,4.466165413533835,8.29652451206857
2340,2022-05-29,8.136871508379889,4.460377358490566,8.782903276759244
2341,2022-05-30,8.623595505617978,4.575757575757576,13.67256857093385
2342,2022-05-31,10.698591549295775,5.645283018867924,16.7259214988403
2616,2023-03-01,23.24590163934426,17.289285714285715,25.56951235734732
2617,2023-03-02,24.715068493150685,18.32258064516129,23.88116122665684
2618,2023-03-03,26.504109589041096,20.320143884892087,22.116780403198007
2619,2023-03-04,19.67582417582417,13.032490974729242,15.395228975705246
2620,2023-03-05,11.745901639344265,8.025179856115107,12.693626702802868
2621,2023-03-06,14.030303030303031,10.374545454545457,18.930437265663294
2622,2023-03-07,11.36986301369863,8.472924187725631,14.604434998449625
2623,2023-03-08,10.57103825136612,8.089605734767025,19.728606529540883
2624,2023-03-09,12.005449591280652,9.028673835125447,18.449073779836606
2625,2023-03-10,7.324175824175824,5.658273381294964,13.122944188962604
2626,2023-03-11,9.330601092896174,5.290322580645161,13.981832403437402
2627,2023-03-12,11.846575342465751,7.615107913669065,16.270400723958545
2628,2023-03-13,8.53185595567867,4.7153284671532845,11.628669150213517
2629,2023-03-14,6.6,3.1563636363636363,10.828372700425907
2630,2023-03-15,9.944444444444445,5.333333333333333,17.793766928291706
2631,2023-03-16,11.09065934065934,6.408602150537634,19.33614239079185
2632,2023-03-17,14.753462603878116,8.185714285714285,22.9371234388024
2633,2023-03-18,16.458791208791208,10.54121863799283,22.31467325284151
2634,2023-03-19,14.145604395604396,10.591397849462366,18.14203461522949
2635,2023-03-20,13.2292817679558,9.376344086021506,16.667109901083272
2636,2023-03-21,14.638121546961326,10.088967971530248,19.66255656827249
2637,2023-03-22,11.617079889807162,7.412811387900356,16.07556221790193
2638,2023-03-23,8.137741046831955,4.542553191489362,14.31998421084644
2639,2023-03-24,7.784153005464481,4.564912280701755,12.51616511710246
2640,2023-03-25,5.391780821917808,2.8732394366197185,7.714054093911189
2641,2023-03-26,7.263013698630137,3.9679715302491103,8.634522099965528
2642,2023-03-27,7.663013698630137,3.637323943661972,11.3560440823031
2643,2023-03-28,10.399449035812673,5.151408450704225,16.194306855365642
2644,2023-03-29,13.4060773480663,7.370629370629371,19.10123496603912
2645,2023-03-30,13.40934065934066,7.085106382978723,15.37204177539157
2646,2023-03-31,7.33879781420765,4.2027972027972025,13.806531375519487
2647,2023-04-01,4.46866485013624,2.965156794425087,9.091762439168678
2648,2023-04-02,5.455040871934605,3.6223776223776234,7.525879055119016
2649,2023-04-03,7.602739726027397,4.303886925795053,12.394187593588343
2650,2023-04-04,10.54016620498615,6.310714285714286,17.17192237414048
2651,2023-04-05,15.46111111111111,10.021201413427562,23.48584370321432
2652,2023-04-06,18.543956043956044,12.874564459930314,22.464529397382865
2653,2023-04-07,12.759668508287293,10.389473684210529,12.927763913755546
2654,2023-04-08,16.87878787878788,13.845070422535212,13.457662042033594
2655,2023-04-09,19.761904761904763,17.285211267605632,12.875118424965407
2656,2023-04-10,14.024793388429751,11.690391459074734,11.577519377804984
2657,2023-04-11,8.588732394366197,4.813620071684587,12.969143610459048
2658,2023-04-12,7.033333333333333,4.141342756183746,14.073301583999523
2659,2023-04-13,7.980716253443526,4.304964539007092,14.917183567423702
2660,2023-04-14,10.892561983471074,6.607017543859649,18.825247938371724
2661,2023-04-15,12.486187845303869,9.27719298245614,13.714262666013411
2662,2023-04-16,15.601648351648352,12.437062937062937,10.111330096103
2663,2023-04-17,17.636111111111113,13.22695035460993,13.47763461934641
2664,2023-04-18,15.486187845303869,11.562277580071177,11.94084692663614
2665,2023-04-19,12.692957746478871,7.695035460992908,11.30896181293735
2666,2023-04-20,14.670360110803324,10.475352112676056,14.28462110002376
2667,2023-04-21,18.669444444444444,13.041958041958042,15.654780387723186
2668,2023-04-22,15.15193370165746,9.529824561403508,14.547903577423828
2669,2023-04-23,9.848484848484848,7.199300699300699,9.407110041066318
2670,2023-04-24,7.5777777777777775,4.508833922261484,11.58451655776811
2671,2023-04-25,10.50140056022409,5.832142857142857,12.56267008937406
2672,2023-04-26,12.412742382271468,6.6571428571428575,15.325895102997178
2673,2023-04-27,14.363888888888887,8.395017793594306,17.957851161375
2674,2023-04-28,15.24517906336088,9.75886524822695,18.943152124823214
2675,2023-04-29,13.796703296703296,10.278169014084508,12.38738303621844
2676,2023-04-30,12.06043956043956,7.925795053003534,10.454559447226096
2677,2023-05-01,14.18457300275482,10.032142857142857,12.847239890285037
2678,2023-05-02,14.268698060941828,9.261648745519713,13.178119036330015
2679,2023-05-03,13.327777777777778,7.402826855123675,14.384922335913588
2680,2023-05-04,16.481994459833796,8.809352517985612,17.1451398648564
2681,2023-05-05,17.20391061452514,8.935483870967742,16.755859139899353
2682,2023-05-06,11.808333333333334,7.874551971326165,11.593664791631266
2683,2023-05-07,11.03601108033241,7.96415770609319,9.191627974956951
2684,2023-05-08,13.288461538461538,8.829181494661922,12.683398996202532
2685,2023-05-09,15.186813186813186,8.964664310954063,12.674394783694334
2686,2023-05-10,10.740947075208911,6.187943262411348,13.12807096182107
2687,2023-05-11,12.1900826446281,7.838028169014085,14.657652055706755
2688,2023-05-12,14.472527472527473,8.185314685314685,14.465844188264272
2689,2023-05-13,16.12054794520548,9.545454545454543,13.352471438109404
2690,2023-05-14,14.677777777777775,9.680851063829786,11.95577396085927
2691,2023-05-15,17.925824175824175,11.663157894736845,15.336416890922957
2692,2023-05-16,12.337912087912088,7.2596491228070175,10.590317189094591
2693,2023-05-17,13.11634349030471,6.366197183098592,11.695025278410478
2694,2023-05-18,13.022038567493112,6.88421052631579,8.42114115835855
2695,2023-05-19,13.171270718232044,6.796491228070176,11.42614665819744
2696,2023-05-20,15.157894736842104,10.07394366197183,9.18560566115748
2697,2023-05-21,20.29805013927577,14.098939929328624,10.338196925353849
2698,2023-05-22,23.374647887323945,14.432142857142855,15.79662708815881
2699,2023-05-23,16.78932584269663,10.676156583629894,11.262419079349486
2700,2023-05-24,16.0,8.508960573476703,11.918452504779737
2701,2023-05-25,16.71625344352617,10.0,12.50398110813487
2702,2023-05-26,19.03021978021978,10.498245614035088,11.556376533236882
2703,2023-05-27,16.184065934065934,8.746478873239436,11.212826951020858
2704,2023-05-28,14.488826815642458,8.175438596491228,10.681433177167914
2705,2023-05-29,13.424157303370787,7.26241134751773,7.792197742118514
2706,2023-05-30,14.80281690140845,7.075268817204301,10.859409201356597
2707,2023-05-31,15.239554317548746,6.8120567375886525,13.04970661996416
2982,2024-03-01,22.684931506849317,17.576923076923077,20.11274188623608
2983,2024-03-02,17.420765027322403,14.37299035369775,16.704353641147474
2984,2024-03-03,21.49180327868853,17.090032154340836,15.475303503738376
2985,2024-03-04,28.416438356164385,22.80844155844156,18.737274283397955
2986,2024-03-05,23.81095890410959,18.545161290322586,18.870858637059538
2987,2024-03-06,20.55801104972376,16.225080385852092,18.61642185467011
2988,2024-03-07,25.83835616438356,19.7524115755627,16.026012673241976
2989,2024-03-08,24.53698630136986,19.78778135048232,16.182089101686824
2990,2024-03-09,21.989071038251367,17.987179487179485,15.976326672522324
2991,2024-03-10,20.46448087431694,17.435897435897434,13.19109055531157
2992,2024-03-11,15.287671232876711,11.342948717948715,18.5478355955774
2993,2024-03-12,17.52617079889807,13.009646302250804,19.19750826770877
2994,2024-03-13,13.192837465564738,10.00967741935484,18.12110532054048
2995,2024-03-14,13.312154696132596,8.53074433656958,18.173859458717097
2996,2024-03-15,11.774725274725276,7.398713826366559,16.406805336918975
2997,2024-03-16,7.391780821917808,4.274193548387097,10.812515919276102
2998,2024-03-17,10.699724517906336,6.676375404530744,14.081970739313888
2999,2024-03-18,12.317679558011047,8.029220779220779,18.691170297848988
3000,2024-03-19,15.93628808864266,10.618122977346278,20.864652624481188
3001,2024-03-20,19.833795013850416,12.27741935483871,25.085847520997746
3002,2024-03-21,17.781767955801104,12.0,20.35322088935798
3003,2024-03-22,18.14010989010989,12.406349206349208,18.926062896010613
3004,2024-03-23,8.811475409836065,5.520634920634921,11.291532610669346
3005,2024-03-24,5.491803278688525,3.7579617834394905,7.0580243942914045
3006,2024-03-25,9.231404958677686,5.347266881028939,14.549842528699523
3007,2024-03-26,12.214876033057852,7.009646302250804,18.9113146437878
3008,2024-03-27,14.035616438356165,8.0,19.93205169241377
3009,2024-03-28,7.907103825136612,4.772435897435898,13.944902793540948
3010,2024-03-29,7.574931880108992,4.522292993630574,12.971320007841657
3011,2024-03-30,55.51226158038147,25.161812297734627,19.46207310079386
3012,2024-03-31,48.02465753424657,25.16612377850163,15.22957979166146
3013,2024-04-01,18.78904109589041,11.920127795527156,11.08087276154662
3014,2024-04-02,6.837912087912088,3.6677316293929714,10.429759384677418
3015,2024-04-03,6.802739726027397,3.7763578274760383,14.23143242039753
3016,2024-04-04,6.560109289617486,3.550955414012739,12.460189097460914
3017,2024-04-05,9.6,4.813504823151125,14.231882135103133
3018,2024-04-06,11.025,5.587662337662338,16.505013538289855
3019,2024-04-07,15.815934065934066,6.803858520900322,14.191411719156344
3020,2024-04-08,31.194520547945206,11.864951768488746,20.946707144747872
3021,2024-04-09,22.581967213114755,9.271565495207668,14.206625365445744
3022,2024-04-10,10.553719008264462,5.2200647249190935,14.250411622032416
3023,2024-04-11,12.900826446280991,6.516129032258065,17.983224018773626
3024,2024-04-12,14.515068493150684,7.9743589743589745,16.980496379424554
3025,2024-04-13,13.873972602739729,7.5910543130990416,14.349381598990966
3026,2024-04-14,11.558011049723756,5.773462783171521,9.847627528200077
3027,2024-04-15,11.728531855955678,5.405844155844156,11.723516255471203
3028,2024-04-16,5.703296703296704,3.1286173633440515,10.232847019014722
3029,2024-04-17,7.275482093663911,4.286173633440514,13.378605291015909
3030,2024-04-18,8.088888888888889,4.958466453674121,13.945864054186488
3031,2024-04-19,6.2837465564738295,3.891373801916933,11.362809454302775
3032,2024-04-20,5.36986301369863,3.270096463022508,9.1474896269877
3033,2024-04-21,6.42896174863388,4.347266881028939,8.110194048979823
3034,2024-04-22,8.523545706371191,5.538709677419355,14.761474014005897
3035,2024-04-23,11.551532033426184,7.735483870967742,17.001526169217716
3036,2024-04-24,10.497222222222222,7.480645161290322,14.651658166243507
3037,2024-04-25,8.732044198895027,5.772435897435898,14.354301400571613
3038,2024-04-26,11.146408839779005,6.980707395498392,18.135463942002232
3039,2024-04-27,10.375342465753423,6.652733118971061,15.98232355278675
3040,2024-04-28,8.210958904109589,4.353896103896104,11.68940005047871
3041,2024-04-29,10.12707182320442,4.293159609120521,15.791355008798982
3042,2024-04-30,22.60164835164835,9.689320388349516,19.37666378268357
3043,2024-05-01,27.18406593406593,12.684887459807074,12.40230708653518
3044,2024-05-02,21.27777777777778,9.59546925566343,13.023511900047666
3045,2024-05-03,10.662983425414364,5.557692307692308,12.054970847826803
3046,2024-05-04,10.521978021978022,6.843450479233227,12.0670980884182
3047,2024-05-05,7.947802197802198,5.54983922829582,8.822414480732602
3048,2024-05-06,9.186629526462395,5.370967741935484,14.305952970087253
3049,2024-05-07,11.259052924791089,7.201923076923077,12.972243562601266
3050,2024-05-08,14.853591160220995,9.371428571428572,14.493065809244117
3051,2024-05-09,15.126373626373626,9.596825396825396,12.12384506320564
3052,2024-05-10,16.038567493112946,10.07936507936508,15.59325115598372
3053,2024-05-11,14.605555555555556,9.640127388535031,12.011483911696336
3054,2024-05-12,12.223463687150838,7.336538461538462,9.646639150234112
3055,2024-05-13,13.671309192200557,6.588424437299035,14.19450829379949
3056,2024-05-14,15.256906077348066,6.393548387096774,13.110287425521092
3057,2024-05-15,16.089385474860336,6.837662337662338,13.011101488428377
3058,2024-05-16,15.066298342541437,6.987179487179487,11.752218759897447
3059,2024-05-17,13.950413223140496,6.876190476190477,12.24768873934724
3060,2024-05-18,11.269754768392373,6.473015873015873,10.881995505411853
3061,2024-05-19,11.633879781420765,8.115015974440894,10.263222497401088
3062,2024-05-20,11.341530054644808,8.143312101910828,10.329290284817288
3063,2024-05-21,12.744505494505496,8.215189873417721,13.381133953078272
3064,2024-05-22,10.877437325905293,6.897435897435898,12.087101085404932
3065,2024-05-23,12.363888888888887,7.8789808917197455,13.749233504689975
3066,2024-05-24,12.099173553719009,8.218354430379748,14.94989415586081
3067,2024-05-25,9.898351648351648,7.041009463722397,11.282621803378545
3068,2024-05-26,9.082644628099173,5.974603174603175,9.671778576508215
3069,2024-05-27,9.812154696132596,5.824281150159744,12.603215093719044
3070,2024-05-28,7.931318681318682,4.482428115015974,11.09080325833715
3071,2024-05-29,8.002754820936639,4.203821656050955,11.8630905980364
3072,2024-05-30,7.899182561307902,4.749216300940439,10.390547269873192
3073,2024-05-31,9.469945355191255,6.245283018867925,11.555235308717128
3347,2025-03-01,12.587131367292224,9.857566765578635,15.926308876811596
3348,2025-03-02,13.594086021505376,10.970326409495549,16.425093852758494
3349,2025-03-03,18.38814016172507,11.952380952380953,26.13954162941527
3350,2025-03-04,24.5633423180593,15.961309523809524,30.959758197017106
3351,2025-03-05,27.919571045576408,18.011834319526628,32.63497215090879
3352,2025-03-06,29.152815013404823,19.00887573964497,33.234726782725346
3353,2025-03-07,29.9489247311828,19.338278931750743,34.31984437149521
3354,2025-03-08,33.83109919571046,25.074404761904763,29.16869962774224
3355,2025-03-09,40.50134048257373,32.50892857142857,26.565700181159414
3356,2025-03-10,43.86290322580645,34.210682492581604,29.75179882822732
3357,2025-03-11,35.668449197860966,28.91150442477876,22.944004989087507
3358,2025-03-12,21.10427807486631,15.366863905325443,18.9139184923502
3359,2025-03-13,15.89572192513369,11.079881656804734,19.49661995110564
3360,2025-03-14,14.733333333333333,10.581120943952802,17.316972449474903
3361,2025-03-15,16.829333333333334,13.79646017699115,12.28726863851728
3362,2025-03-16,15.647058823529411,12.934911242603553,13.621448369565217
3363,2025-03-17,11.109625668449198,6.310650887573964,15.55108781088193
3364,2025-03-18,13.633423180592992,6.661676646706587,21.980654927990656
3365,2025-03-19,21.013404825737265,11.589285714285714,29.322424695414306
3366,2025-03-20,26.20855614973262,15.002958579881655,31.21987987596031
3367,2025-03-21,27.505347593582886,15.25519287833828,24.652709672506106
3368,2025-03-22,23.52546916890081,15.12759643916914,14.159834110376233
3369,2025-03-23,21.970509383378012,16.674556213017752,14.980343044184076
3370,2025-03-24,26.454301075268816,19.08284023668639,22.482262582714757
3371,2025-03-25,35.55733333333333,28.26548672566372,17.819162368200242
3372,2025-03-26,19.674666666666667,14.28023598820059,15.010567343508017
3373,2025-03-27,16.858666666666668,11.36283185840708,18.9563171556507
3374,2025-03-28,22.848,15.831858407079649,21.88899100240177
3375,2025-03-29,19.467914438502675,14.13353115727003,14.868210540794063
3376,2025-03-30,11.601604278074866,6.886904761904762,10.67898189262596
3377,2025-03-31,9.94638069705094,5.234421364985163,12.175840251672138
3378,2025-04-01,10.628726287262872,6.226190476190476,14.1876597668547
3379,2025-04-02,14.758713136729222,9.219584569732936,12.895733702337616
3380,2025-04-03,16.970509383378015,9.62797619047619,18.643015778359484
3381,2025-04-04,19.284182305630026,9.946428571428571,22.734289100794037
3382,2025-04-05,13.39572192513369,7.299703264094956,12.74037300523395
3383,2025-04-06,6.2600536193029495,2.780780780780781,8.358177701397128
3384,2025-04-07,10.943396226415096,4.4324324324324325,16.27073890940777
3385,2025-04-08,15.314516129032258,6.93993993993994,19.552539707149965
3386,2025-04-09,19.115281501340483,10.035608308605342,17.604689753038723
3387,2025-04-10,20.41711229946524,11.606508875739644,14.67177287846957
3388,2025-04-11,23.812332439678283,13.359050445103858,17.36520059205986
3389,2025-04-12,21.45675675675676,11.55820895522388,17.21789483261434
3390,2025-04-13,15.135135135135137,9.002985074626865,12.037553684304848
3391,2025-04-14,17.013440860215052,10.9375,16.55554394862872
3392,2025-04-15,17.37265415549598,9.828402366863903,15.82566322655447
3393,2025-04-16,13.037940379403794,7.767857142857143,14.976642839749877
3394,2025-04-17,16.604336043360433,11.15223880597015,12.663788251417168
3395,2025-04-18,8.839142091152816,6.416666666666667,9.161479202188122
3396,2025-04-19,10.908602150537634,7.608955223880597,12.5760342886201
3397,2025-04-20,14.408602150537634,11.1437125748503,12.64161474172916
3398,2025-04-21,9.618279569892474,6.904191616766467,12.066358171449703
3399,2025-04-22,11.902964959568733,7.984894259818731,15.906047668062612
3400,2025-04-23,13.611859838274931,8.886227544910179,15.704402076364262
3401,2025-04-24,11.163978494623656,8.25,13.605244064293023
3402,2025-04-25,12.745308310991955,9.464285714285714,12.168916689938651
3403,2025-04-26,11.211796246648792,6.964391691394659,11.119074224073236
3404,2025-04-27,10.2722371967655,5.709580838323354,11.847741431841284
3405,2025-04-28,15.208108108108108,8.235820895522387,19.883386363156458
3406,2025-04-29,16.869565217391305,9.209580838323353,18.74741716091516
3407,2025-04-30,16.670299727520437,8.489425981873111,19.233709697239583
3408,2025-05-01,16.579945799457995,9.89156626506024,15.896956569304558
3409,2025-05-02,19.907608695652176,10.463636363636365,17.529058636144285
3410,2025-05-03,17.758064516129032,10.52694610778443,11.180395418089107
3411,2025-05-04,9.158602150537634,4.75748502994012,6.767131434953844
3412,2025-05-05,8.78167115902965,4.105421686746988,10.078329339591567
3413,2025-05-06,10.105405405405405,4.798192771084337,11.654079126429156
3414,2025-05-07,12.471389645776568,6.125382262996942,12.301464082808293
3415,2025-05-08,12.401639344262296,5.227963525835866,13.314566011800911
3416,2025-05-09,12.183288409703504,5.372727272727273,14.730900408480814
3417,2025-05-10,11.247978436657682,5.778787878787878,12.685050169471168
3418,2025-05-11,9.449864498644986,4.984802431610942,9.897692910563435
3419,2025-05-12,12.128065395095367,5.247706422018348,11.437567707878562
3420,2025-05-13,15.016260162601624,6.993957703927492,14.562338773387095
3421,2025-05-14,18.82258064516129,8.54380664652568,15.165131070420252
3422,2025-05-15,16.749326145552562,6.777777777777778,9.966212248878124
3423,2025-05-16,13.903225806451612,5.764350453172206,12.286330485937874
3424,2025-05-17,12.90348525469169,6.819277108433735,9.854843555900622
3425,2025-05-18,11.46341463414634,7.048929663608563,8.640604484062372
3426,2025-05-19,12.48360655737705,5.987804878048781,13.166962571769066
3427,2025-05-20,14.092896174863387,6.857575757575757,15.159338549800228
3428,2025-05-21,16.372972972972974,8.051204819277109,12.49422690633424
3429,2025-05-22,15.68108108108108,7.0362537764350455,9.693536344142052
3430,2025-05-23,10.303763440860216,4.367469879518072,11.399190840862037
3431,2025-05-24,10.669354838709678,5.60960960960961,10.66187454710145
3432,2025-05-25,8.327956989247312,5.408408408408408,7.734224588274045
3433,2025-05-26,11.37027027027027,5.825301204819277,10.728872965041012
3434,2025-05-27,11.564864864864864,5.831325301204819,11.75620221936746
3435,2025-05-28,7.024456521739131,3.528700906344411,9.87267933142797
3436,2025-05-29,8.872282608695652,4.873873873873874,7.837445319656154
3437,2025-05-30,11.157608695652174,6.246246246246246,11.217355150506911
3438,2025-05-31,13.287262872628729,7.921921921921922,12.70712233052
3712,2026-03-01,,,10.781830146855084
