,date,pm10,pm25
0,2016-01-01,59.34925373134328,43.312
1,2016-01-02,21.050898203592816,19.846774193548388
2,2016-01-03,23.486567164179103,25.227642276422763
3,2016-01-04,27.759036144578317,30.95967741935484
4,2016-01-05,32.68154761904762,33.8
5,2016-01-06,42.54302670623145,41.264
6,2016-01-07,43.94642857142857,44.00806451612903
7,2016-01-08,16.168141592920353,11.338709677419354
8,2016-01-09,19.64985163204748,14.208
9,2016-01-10,13.61904761904762,13.298387096774194
10,2016-01-11,8.72754491017964,7.752
11,2016-01-12,8.946587537091988,8.146341463414634
12,2016-01-13,8.313432835820896,6.163934426229508
13,2016-01-14,13.4375,9.129032258064516
14,2016-01-15,14.473214285714286,13.508064516129032
15,2016-01-16,16.71513353115727,14.728
16,2016-01-17,13.510385756676556,11.416
17,2016-01-18,21.49112426035503,17.88617886178862
18,2016-01-19,31.571428571428573,24.558333333333334
19,2016-01-20,32.80769230769231,25.43548387096774
20,2016-01-21,31.05341246290801,25.736
21,2016-01-22,33.99704142011834,28.456
22,2016-01-23,27.071005917159763,20.888
23,2016-01-24,17.88955223880597,13.46774193548387
24,2016-01-25,18.461077844311376,13.28225806451613
25,2016-01-26,20.91097922848665,13.512
26,2016-01-27,13.772189349112423,7.413223140495868
27,2016-01-28,15.218934911242604,8.28099173553719
28,2016-01-29,13.63905325443787,8.528455284552846
29,2016-01-30,6.504451038575668,4.327731092436975
30,2016-01-31,8.359050445103858,4.878048780487805
31,2016-02-01,8.707462686567164,5.776859504132231
32,2016-02-02,8.053731343283582,4.585365853658536
33,2016-02-03,11.18452380952381,5.975806451612903
34,2016-02-04,9.85207100591716,6.713114754098361
35,2016-02-05,13.867256637168142,10.776
36,2016-02-06,12.70796460176991,9.42741935483871
37,2016-02-07,10.482248520710058,7.754098360655738
38,2016-02-08,6.563421828908554,3.1463414634146343
39,2016-02-09,7.851632047477745,4.25
40,2016-02-10,7.855855855855855,5.288
41,2016-02-11,11.988023952095809,7.682926829268292
42,2016-02-12,17.220238095238095,13.629032258064516
43,2016-02-13,20.54867256637168,19.065040650406505
44,2016-02-14,17.150442477876105,17.879032258064516
45,2016-02-15,13.899705014749262,12.089430894308943
46,2016-02-16,16.18154761904762,11.879032258064516
47,2016-02-17,22.1976401179941,17.830645161290324
48,2016-02-18,28.43195266272189,23.693548387096776
49,2016-02-19,29.08358208955224,24.959349593495936
50,2016-02-20,11.071856287425147,9.528455284552846
51,2016-02-21,4.314024390243903,3.0083333333333333
52,2016-02-22,11.105740181268882,4.262295081967213
53,2016-02-23,10.202380952380953,6.7073170731707314
54,2016-02-24,13.925149700598803,7.747967479674797
55,2016-02-25,17.516320474777448,11.617886178861788
56,2016-02-26,21.783382789317507,14.709677419354838
57,2016-02-27,24.75147928994083,19.32258064516129
58,2016-02-28,30.86725663716814,26.26829268292683
59,2016-02-29,30.03834808259587,23.0
335,2016-12-01,25.54491017964072,16.452380952380953
336,2016-12-02,19.12797619047619,10.023809523809524
337,2016-12-03,22.36904761904762,15.216
338,2016-12-04,25.01497005988024,20.84552845528455
339,2016-12-05,32.145833333333336,24.95967741935484
340,2016-12-06,32.651785714285715,23.865079365079364
341,2016-12-07,25.486646884273,20.03968253968254
342,2016-12-08,25.48948948948949,17.515873015873016
343,2016-12-09,29.40532544378698,21.141732283464567
344,2016-12-10,27.737463126843657,22.0078125
345,2016-12-11,14.824404761904765,10.640625
346,2016-12-12,17.805389221556887,9.9375
347,2016-12-13,23.194528875379937,16.078740157480315
348,2016-12-14,25.823353293413174,17.796875
349,2016-12-15,18.417910447761194,12.614173228346456
350,2016-12-16,23.112094395280234,18.6328125
351,2016-12-17,30.44674556213018,25.0
352,2016-12-18,27.84660766961652,21.3203125
353,2016-12-19,20.03834808259587,14.2734375
354,2016-12-20,26.61861861861862,21.140625
355,2016-12-21,30.21301775147929,24.765625
356,2016-12-22,22.902077151335316,17.5625
357,2016-12-23,19.391691394658757,15.0546875
358,2016-12-24,11.471471471471473,7.8671875
359,2016-12-25,11.050898203592814,5.15625
360,2016-12-26,7.343465045592705,4.412698412698413
361,2016-12-27,18.564564564564563,8.341269841269842
362,2016-12-28,21.36716417910448,10.362204724409448
363,2016-12-29,21.88358208955224,14.05511811023622
364,2016-12-30,24.579104477611946,18.84375
365,2016-12-31,28.95820895522388,22.094488188976374
366,2017-01-01,60.29166666666666,53.766917293233085
367,2017-01-02,19.82248520710059,15.666666666666666
368,2017-01-03,14.47787610619469,10.330827067669173
369,2017-01-04,9.191740412979351,5.3007518796992485
370,2017-01-05,10.456716417910448,5.303030303030303
371,2017-01-06,17.253687315634217,11.225563909774436
372,2017-01-07,22.705357142857142,17.150375939849624
373,2017-01-08,25.10619469026549,22.654135338345863
374,2017-01-09,25.431137724550897,21.466165413533837
375,2017-01-10,20.707100591715975,18.03731343283582
376,2017-01-11,18.050295857988164,16.918518518518518
377,2017-01-12,13.66472303206997,7.388059701492537
378,2017-01-13,7.922388059701492,6.0
379,2017-01-14,10.070175438596491,7.149253731343284
380,2017-01-15,11.748538011695906,7.992481203007519
381,2017-01-16,18.115384615384617,13.24626865671642
382,2017-01-17,21.37536656891496,17.622222222222224
383,2017-01-18,26.328445747800583,23.23134328358209
384,2017-01-19,35.868035190615835,28.488888888888887
385,2017-01-20,39.62352941176471,30.303703703703704
386,2017-01-21,40.04117647058823,32.12592592592593
387,2017-01-22,51.002932551319645,44.644444444444446
388,2017-01-23,63.17559523809524,52.47407407407408
389,2017-01-24,52.105571847507335,45.37777777777778
390,2017-01-25,40.43108504398827,32.67407407407408
391,2017-01-26,32.57434402332362,26.103703703703705
392,2017-01-27,41.924418604651166,32.669117647058826
393,2017-01-28,47.10174418604651,41.56617647058823
394,2017-01-29,40.65597667638484,38.5925925925926
395,2017-01-30,29.101744186046517,29.51851851851852
396,2017-01-31,27.80116959064328,29.34558823529412
397,2017-02-01,28.898255813953487,29.46323529411765
398,2017-02-02,29.862973760932945,29.24264705882353
399,2017-02-03,25.09011627906977,26.014814814814816
400,2017-02-04,16.91594202898551,17.933333333333334
401,2017-02-05,19.90144927536232,20.63235294117647
402,2017-02-06,26.07309941520468,22.933333333333334
403,2017-02-07,28.61516034985423,24.548148148148147
404,2017-02-08,37.19825072886297,32.644444444444446
405,2017-02-09,42.02906976744186,38.629629629629626
406,2017-02-10,56.19241982507289,52.45185185185185
407,2017-02-11,53.770348837209305,47.83088235294117
408,2017-02-12,47.06976744186046,43.669117647058826
409,2017-02-13,49.40350877192982,45.0
410,2017-02-14,54.60058309037901,47.407407407407405
411,2017-02-15,58.799410029498524,50.514925373134325
412,2017-02-16,44.78885630498534,34.97037037037037
413,2017-02-17,22.660818713450293,18.46212121212121
414,2017-02-18,18.29360465116279,13.577777777777778
415,2017-02-19,24.95562130177515,20.925925925925927
416,2017-02-20,17.42105263157895,14.218045112781954
417,2017-02-21,10.70262390670554,6.646616541353383
418,2017-02-22,7.3343373493975905,5.1328125
419,2017-02-23,8.431486880466473,5.59375
420,2017-02-24,9.33529411764706,4.393700787401575
421,2017-02-25,16.51169590643275,10.828358208955224
422,2017-02-26,13.642441860465116,9.93984962406015
423,2017-02-27,12.505847953216374,8.277777777777779
424,2017-02-28,6.434131736526946,4.283464566929134
700,2017-12-01,19.84057971014493,16.680851063829788
701,2017-12-02,22.50578034682081,17.75177304964539
702,2017-12-03,17.704347826086956,15.312056737588652
703,2017-12-04,13.962099125364432,9.2
704,2017-12-05,16.107871720116616,10.528571428571428
705,2017-12-06,17.396501457725947,12.347517730496454
706,2017-12-07,15.310144927536232,11.401408450704226
707,2017-12-08,9.008695652173913,5.843971631205674
708,2017-12-09,9.604651162790695,6.436619718309859
709,2017-12-10,8.21865889212828,6.408450704225352
710,2017-12-11,9.543859649122806,9.28368794326241
711,2017-12-12,9.313782991202348,7.070921985815603
712,2017-12-13,9.668604651162791,7.894366197183099
713,2017-12-14,7.0588235294117645,4.553191489361702
714,2017-12-15,12.801749271137028,10.2
715,2017-12-16,15.77906976744186,13.228571428571428
716,2017-12-17,11.343023255813954,8.471428571428572
717,2017-12-18,14.74561403508772,12.26950354609929
718,2017-12-19,21.03206997084548,17.338028169014084
719,2017-12-20,15.01457725947522,12.53900709219858
720,2017-12-21,11.282420749279538,8.8
721,2017-12-22,13.30835734870317,10.50354609929078
722,2017-12-23,11.469565217391304,10.212765957446807
723,2017-12-24,6.0,6.411347517730497
724,2017-12-25,6.806547619047619,5.721428571428572
725,2017-12-26,8.256559766763848,7.4071428571428575
726,2017-12-27,9.142441860465116,8.142857142857142
727,2017-12-28,10.193641618497107,8.141843971631205
728,2017-12-29,10.664739884393065,8.169014084507042
729,2017-12-30,9.93371757925072,7.147887323943662
730,2017-12-31,10.055072463768116,6.76978417266187
731,2018-01-01,14.498525073746311,12.394366197183098
732,2018-01-02,8.752212389380531,6.21830985915493
733,2018-01-03,6.821637426900585,3.9791666666666665
734,2018-01-04,10.725146198830409,6.055172413793104
735,2018-01-05,9.92463768115942,5.849315068493151
736,2018-01-06,13.341040462427744,9.841379310344829
737,2018-01-07,8.333333333333334,6.737931034482759
738,2018-01-08,14.79585798816568,12.143835616438356
739,2018-01-09,22.66568047337278,16.724137931034484
740,2018-01-10,22.555882352941172,19.33103448275862
741,2018-01-11,25.408695652173915,22.013793103448275
742,2018-01-12,31.107246376811595,26.46206896551724
743,2018-01-13,23.465317919075144,20.944444444444443
744,2018-01-14,19.20991253644315,17.363636363636363
745,2018-01-15,18.13623188405797,16.426573426573427
746,2018-01-16,5.649122807017544,4.774647887323944
747,2018-01-17,7.817391304347826,5.524475524475524
748,2018-01-18,7.31437125748503,4.756944444444445
749,2018-01-19,10.345238095238097,8.097222222222221
750,2018-01-20,11.613372093023257,10.719178082191782
751,2018-01-21,15.252906976744184,14.455172413793104
752,2018-01-22,14.748538011695906,13.482758620689657
753,2018-01-23,17.64306784660767,14.36551724137931
754,2018-01-24,8.963963963963964,5.6923076923076925
755,2018-01-25,12.771929824561404,7.931506849315069
756,2018-01-26,18.886297376093296,15.986206896551725
757,2018-01-27,23.08746355685131,18.938356164383563
758,2018-01-28,8.733137829912023,7.609589041095891
759,2018-01-29,6.038348082595871,4.375
760,2018-01-30,13.62280701754386,7.652777777777778
761,2018-01-31,8.737609329446064,7.193103448275863
762,2018-02-01,8.909620991253645,5.816326530612245
763,2018-02-02,11.44927536231884,8.761904761904763
764,2018-02-03,11.869942196531792,9.510204081632653
765,2018-02-04,12.052023121387284,11.136054421768709
766,2018-02-05,16.84593023255814,13.193103448275862
767,2018-02-06,24.296511627906977,17.848275862068967
768,2018-02-07,39.7667638483965,33.33103448275862
769,2018-02-08,55.361271676300575,45.04794520547945
770,2018-02-09,56.105571847507335,49.21232876712329
771,2018-02-10,37.21511627906977,37.71232876712329
772,2018-02-11,11.703488372093023,11.958620689655172
773,2018-02-12,11.373177842565598,7.772413793103448
774,2018-02-13,19.18075801749271,14.027586206896553
775,2018-02-14,25.900874635568517,20.197278911564627
776,2018-02-15,25.857142857142858,21.59183673469388
777,2018-02-16,22.03235294117647,16.081632653061224
778,2018-02-17,25.54385964912281,17.93793103448276
779,2018-02-18,25.31286549707602,18.04827586206897
780,2018-02-19,31.70175438596491,24.67832167832168
781,2018-02-20,41.38709677419355,34.479166666666664
782,2018-02-21,38.75581395348837,31.194444444444443
783,2018-02-22,23.62099125364432,19.82191780821918
784,2018-02-23,24.253644314868804,20.58503401360544
785,2018-02-24,18.726744186046517,14.379310344827584
786,2018-02-25,11.2332361516035,9.486301369863014
787,2018-02-26,14.219941348973608,11.256944444444445
788,2018-02-27,19.89149560117302,15.136986301369864
789,2018-02-28,31.037790697674417,24.7054794520548
1065,2018-12-01,16.40524781341108,14.164473684210526
1066,2018-12-02,6.849557522123894,6.068493150684931
1067,2018-12-03,7.7485207100591715,5.046666666666667
1068,2018-12-04,11.136627906976743,5.493333333333333
1069,2018-12-05,17.531976744186046,10.736842105263158
1070,2018-12-06,14.166666666666666,11.157894736842104
1071,2018-12-07,5.947214076246334,4.226027397260274
1072,2018-12-08,6.453488372093023,3.4
1073,2018-12-09,5.771929824561403,3.0408163265306123
1074,2018-12-10,8.714285714285714,4.268456375838926
1075,2018-12-11,11.534682080924856,5.493421052631579
1076,2018-12-12,14.144508670520231,9.251655629139073
1077,2018-12-13,14.67536231884058,12.098039215686274
1078,2018-12-14,19.0932944606414,15.657894736842104
1079,2018-12-15,20.67536231884058,17.947712418300654
1080,2018-12-16,23.576811594202898,21.151315789473685
1081,2018-12-17,20.29360465116279,19.039735099337747
1082,2018-12-18,16.306122448979593,13.49342105263158
1083,2018-12-19,17.348837209302324,15.282894736842104
1084,2018-12-20,13.848396501457726,13.546052631578949
1085,2018-12-21,6.625368731563422,4.854304635761589
1086,2018-12-22,7.759530791788856,4.62
1087,2018-12-23,9.95029239766082,6.52317880794702
1088,2018-12-24,5.896755162241888,4.442953020134228
1089,2018-12-25,11.002923976608187,7.853333333333333
1090,2018-12-26,17.087719298245613,13.666666666666666
1091,2018-12-27,20.343108504398828,16.138157894736842
1092,2018-12-28,23.695652173913043,18.68
1093,2018-12-29,19.48985507246377,17.223684210526315
1094,2018-12-30,11.037900874635568,6.0198675496688745
1095,2018-12-31,16.83478260869565,12.31578947368421
1096,2019-01-01,29.476608187134502,21.32460732984293
1097,2019-01-02,13.090643274853802,5.654450261780105
1098,2019-01-03,14.90144927536232,8.382978723404255
1099,2019-01-04,16.131195335276967,11.591623036649215
1100,2019-01-05,8.12280701754386,6.031413612565445
1101,2019-01-06,7.696793002915452,5.863157894736842
1102,2019-01-07,14.414492753623188,10.661458333333334
1103,2019-01-08,7.57514450867052,4.181347150259067
1104,2019-01-09,6.683139534883721,3.1518324607329844
1105,2019-01-10,10.878612716763003,6.310526315789474
1106,2019-01-11,15.057471264367816,10.890052356020943
1107,2019-01-12,9.965317919075144,6.932291666666667
1108,2019-01-13,5.060869565217391,2.952380952380953
1109,2019-01-14,9.52463768115942,4.361256544502618
1110,2019-01-15,12.67251461988304,7.168421052631579
1111,2019-01-16,13.935483870967742,9.748717948717948
1112,2019-01-17,8.339181286549708,5.922279792746114
1113,2019-01-18,12.874269005847951,7.606217616580311
1114,2019-01-19,21.25581395348837,16.528497409326423
1115,2019-01-20,31.157894736842103,26.847368421052632
1116,2019-01-21,38.65982404692082,31.905759162303664
1117,2019-01-22,36.6231884057971,31.3419689119171
1118,2019-01-23,45.146627565982406,39.89637305699482
1119,2019-01-24,45.72222222222222,39.78756476683938
1120,2019-01-25,39.75218658892128,32.97409326424871
1121,2019-01-26,12.45664739884393,10.917525773195877
1122,2019-01-27,5.4563953488372094,4.764102564102564
1123,2019-01-28,7.163265306122449,5.145833333333333
1124,2019-01-29,13.67732558139535,8.797927461139896
1125,2019-01-30,15.405797101449275,11.9375
1126,2019-01-31,18.63478260869565,15.087179487179489
1127,2019-02-01,27.251445086705203,25.746192893401016
1128,2019-02-02,36.08595988538682,33.5969387755102
1129,2019-02-03,21.512893982808023,18.494897959183675
1130,2019-02-04,16.2507204610951,11.89795918367347
1131,2019-02-05,21.92463768115942,17.117346938775512
1132,2019-02-06,27.495626822157437,21.3502538071066
1133,2019-02-07,22.0,17.751269035532996
1134,2019-02-08,12.435530085959885,8.33502538071066
1135,2019-02-09,9.057471264367816,5.215384615384616
1136,2019-02-10,6.63323782234957,4.106598984771574
1137,2019-02-11,9.79083094555874,4.525510204081633
1138,2019-02-12,16.37249283667622,8.076142131979696
1139,2019-02-13,23.507163323782237,16.117346938775512
1140,2019-02-14,27.752906976744185,19.21538461538461
1141,2019-02-15,25.35838150289017,16.907692307692308
1142,2019-02-16,27.034582132564843,19.051020408163264
1143,2019-02-17,30.777456647398843,24.15228426395939
1144,2019-02-18,30.34393063583815,21.666666666666668
1145,2019-02-19,24.38372093023256,16.785714285714285
1146,2019-02-20,24.85878962536023,16.790816326530614
1147,2019-02-21,31.34670487106017,22.40609137055837
1148,2019-02-22,20.29142857142857,14.533333333333331
1149,2019-02-23,16.597142857142856,12.642857142857142
1150,2019-02-24,18.65042979942693,15.151041666666666
1151,2019-02-25,26.595375722543352,18.6340206185567
1152,2019-02-26,32.79538904899135,23.685279187817255
1153,2019-02-27,31.60693641618497,20.6
1154,2019-02-28,40.05780346820809,27.76530612244898
1430,2019-12-01,17.370689655172413,13.589108910891088
1431,2019-12-02,17.403508771929825,12.56
1432,2019-12-03,19.8546511627907,13.671641791044776
1433,2019-12-04,23.245664739884397,17.480198019801982
1434,2019-12-05,29.84256559766764,23.48258706467662
1435,2019-12-06,19.208695652173912,16.049751243781095
1436,2019-12-07,7.689655172413793,5.074626865671642
1437,2019-12-08,6.294797687861272,3.935323383084577
1438,2019-12-09,7.689855072463768,3.875621890547264
1439,2019-12-10,17.776162790697676,8.248756218905474
1440,2019-12-11,13.495677233429396,8.443349753694582
1441,2019-12-12,11.97994269340974,9.13861386138614
1442,2019-12-13,10.982905982905985,9.526829268292683
1443,2019-12-14,8.458452722063038,5.269607843137255
1444,2019-12-15,7.888252148997134,4.142857142857143
1445,2019-12-16,13.344927536231884,7.985221674876847
1446,2019-12-17,17.665706051873197,10.865671641791044
1447,2019-12-18,17.857142857142858,10.465686274509803
1448,2019-12-19,21.873925501432662,14.595121951219513
1449,2019-12-20,15.854700854700855,12.580487804878048
1450,2019-12-21,10.0,6.990243902439024
1451,2019-12-22,9.433048433048434,8.13170731707317
1452,2019-12-23,8.381766381766381,5.658536585365853
1453,2019-12-24,10.201704545454543,5.921568627450981
1454,2019-12-25,7.336182336182336,5.200980392156863
1455,2019-12-26,10.22222222222222,7.5911330049261085
1456,2019-12-27,10.022857142857143,8.088235294117647
1457,2019-12-28,12.177650429799426,9.390243902439025
1458,2019-12-29,15.7621776504298,13.11219512195122
1459,2019-12-30,18.35734870317003,14.428571428571429
1460,2019-12-31,28.962857142857143,21.37254901960784
1461,2020-01-01,68.6064139941691,51.605
1462,2020-01-02,24.685878962536023,21.44117647058824
1463,2020-01-03,11.908045977011492,10.359223300970871
1464,2020-01-04,12.1994301994302,6.4731707317073175
1465,2020-01-05,14.205128205128204,9.12621359223301
1466,2020-01-06,14.879656160458453,12.480582524271844
1467,2020-01-07,18.198275862068964,14.223300970873789
1468,2020-01-08,12.773638968481375,9.49514563106796
1469,2020-01-09,10.595988538681947,8.2
1470,2020-01-10,7.775862068965517,5.189320388349515
1471,2020-01-11,12.02,7.640776699029126
1472,2020-01-12,12.080229226361032,10.398058252427184
1473,2020-01-13,13.002865329512892,10.2
1474,2020-01-14,11.349570200573066,8.29611650485437
1475,2020-01-15,12.58600583090379,7.769607843137255
1476,2020-01-16,17.44092219020173,10.177339901477833
1477,2020-01-17,19.2485549132948,15.117647058823527
1478,2020-01-18,10.727793696275072,7.409756097560976
1479,2020-01-19,14.864942528735632,9.673170731707318
1480,2020-01-20,19.468023255813957,11.073170731707316
1481,2020-01-21,22.82369942196532,16.12807881773399
1482,2020-01-22,26.764367816091955,20.45853658536585
1483,2020-01-23,22.2865329512894,17.570731707317073
1484,2020-01-24,30.714285714285715,24.91747572815534
1485,2020-01-25,29.32,23.246376811594203
1486,2020-01-26,24.077142857142857,20.111650485436893
1487,2020-01-27,19.32664756446992,14.99514563106796
1488,2020-01-28,5.578796561604585,3.903381642512077
1489,2020-01-29,8.891428571428571,4.753623188405797
1490,2020-01-30,11.080229226361032,5.79126213592233
1491,2020-01-31,7.901734104046243,4.611650485436893
1492,2020-02-01,6.27906976744186,3.66504854368932
1493,2020-02-02,8.370689655172415,4.270531400966184
1494,2020-02-03,10.64927536231884,5.233009708737864
1495,2020-02-04,8.686609686609687,4.456310679611651
1496,2020-02-05,12.570200573065902,6.058536585365854
1497,2020-02-06,21.95086705202312,12.53658536585366
1498,2020-02-07,22.057803468208093,15.100961538461538
1499,2020-02-08,23.757142857142856,18.33333333333333
1500,2020-02-09,15.482857142857142,11.140776699029129
1501,2020-02-10,7.623906705539358,3.6354679802955663
1502,2020-02-11,7.604584527220631,3.5170731707317078
1503,2020-02-12,9.515759312320917,4.492682926829269
1504,2020-02-13,10.02601156069364,5.695652173913044
1505,2020-02-14,12.561959654178674,8.971153846153847
1506,2020-02-15,13.189111747851005,8.912621359223301
1507,2020-02-16,7.780346820809249,4.713592233009709
1508,2020-02-17,6.901449275362319,3.4341463414634146
1509,2020-02-18,8.458452722063038,4.110576923076923
1510,2020-02-19,8.845714285714285,4.528846153846154
1511,2020-02-20,9.39541547277937,5.721153846153846
1512,2020-02-21,11.134670487106018,5.3478260869565215
1513,2020-02-22,9.985795454545457,5.4396135265700485
1514,2020-02-23,5.827586206896552,3.3480392156862746
1515,2020-02-24,8.302593659942364,4.402912621359223
1516,2020-02-25,6.081159420289855,3.5145631067961167
1517,2020-02-26,6.227920227920228,4.293269230769231
1518,2020-02-27,8.914285714285715,5.859223300970874
1519,2020-02-28,10.891428571428571,6.677884615384615
1520,2020-02-29,14.290598290598291,7.120192307692308
1796,2020-12-01,18.057471264367816,16.14975845410628
1797,2020-12-02,23.525714285714287,22.18357487922705
1798,2020-12-03,21.299145299145295,20.373205741626798
1799,2020-12-04,17.818181818181817,15.923444976076556
1800,2020-12-05,19.262108262108264,18.110576923076923
1801,2020-12-06,20.923295454545453,18.971153846153847
1802,2020-12-07,15.097142857142858,12.711538461538462
1803,2020-12-08,21.922636103151863,18.86602870813397
1804,2020-12-09,28.34659090909091,25.01428571428572
1805,2020-12-10,23.946175637393768,20.91387559808613
1806,2020-12-11,19.56657223796034,16.94736842105263
1807,2020-12-12,18.34560906515581,17.666666666666668
1808,2020-12-13,17.51274787535411,15.790476190476191
1809,2020-12-14,12.67806267806268,9.98095238095238
1810,2020-12-15,15.54727793696275,12.0
1811,2020-12-16,16.98857142857143,13.870813397129186
1812,2020-12-17,15.330508474576272,11.611374407582938
1813,2020-12-18,15.592067988668555,11.18009478672986
1814,2020-12-19,14.336158192090396,11.459715639810426
1815,2020-12-20,13.745762711864408,11.691943127962086
1816,2020-12-21,11.308781869688383,9.601895734597155
1817,2020-12-22,5.254285714285714,3.641148325358852
1818,2020-12-23,8.142857142857142,5.495192307692308
1819,2020-12-24,4.900568181818182,3.146919431279621
1820,2020-12-25,7.324858757062147,4.76303317535545
1821,2020-12-26,11.062146892655369,8.495238095238095
1822,2020-12-27,5.87536231884058,4.908653846153846
1823,2020-12-28,7.422857142857143,6.788461538461538
1824,2020-12-29,9.594900849858355,8.567307692307692
1825,2020-12-30,10.192634560906516,8.54066985645933
1826,2020-12-31,10.97457627118644,10.331707317073173
1827,2021-01-01,21.24068767908309,19.04741379310345
1828,2021-01-02,17.864553314121036,16.1
1829,2021-01-03,12.931232091690545,12.27038626609442
1830,2021-01-04,12.278735632183908,11.060344827586206
1831,2021-01-05,12.536931818181818,11.36480686695279
1832,2021-01-06,8.250704225352113,6.900862068965517
1833,2021-01-07,11.549295774647888,9.291845493562231
1834,2021-01-08,10.325779036827196,8.713675213675213
1835,2021-01-09,13.31638418079096,10.815450643776824
1836,2021-01-10,16.565714285714286,13.64069264069264
1837,2021-01-11,17.522988505747126,14.576419213973798
1838,2021-01-12,8.017045454545455,6.460869565217391
1839,2021-01-13,9.983050847457626,5.313304721030043
1840,2021-01-14,9.751412429378531,6.170940170940171
1841,2021-01-15,12.779036827195467,9.8068669527897
1842,2021-01-16,15.576271186440678,11.472103004291846
1843,2021-01-17,19.744318181818183,16.55982905982906
1844,2021-01-18,14.971590909090908,12.369098712446352
1845,2021-01-19,8.103151862464184,5.802575107296137
1846,2021-01-20,10.951704545454543,6.523809523809524
1847,2021-01-21,8.062322946175637,4.780172413793103
1848,2021-01-22,8.654390934844193,5.261802575107296
1849,2021-01-23,12.901129943502823,9.974248927038628
1850,2021-01-24,11.177966101694915,9.304721030042918
1851,2021-01-25,14.330459770114942,11.288793103448276
1852,2021-01-26,14.424501424501424,11.35344827586207
1853,2021-01-27,12.427762039660056,9.91025641025641
1854,2021-01-28,8.166189111747851,6.28936170212766
1855,2021-01-29,7.347578347578348,4.940425531914894
1856,2021-01-30,8.675141242937853,7.055084745762712
1857,2021-01-31,13.271954674220964,12.03813559322034
1858,2021-02-01,17.81586402266289,16.343220338983052
1859,2021-02-02,15.141643059490084,13.570212765957448
1860,2021-02-03,8.707386363636363,6.752136752136752
1861,2021-02-04,10.868571428571428,6.451063829787234
1862,2021-02-05,17.480113636363637,12.779661016949152
1863,2021-02-06,16.28328611898017,13.639830508474576
1864,2021-02-07,15.550143266475644,11.817021276595744
1865,2021-02-08,16.230113636363637,12.745762711864408
1866,2021-02-09,23.40625,18.781115879828327
1867,2021-02-10,24.68555240793201,20.10300429184549
1868,2021-02-11,16.66949152542373,12.61864406779661
1869,2021-02-12,16.159544159544158,11.88888888888889
1870,2021-02-13,18.10169491525424,13.38723404255319
1871,2021-02-14,21.51830985915493,17.285106382978725
1872,2021-02-15,22.437853107344637,15.23404255319149
1873,2021-02-16,20.951977401129945,16.26923076923077
1874,2021-02-17,14.168571428571427,9.82905982905983
1875,2021-02-18,14.740845070422536,8.902127659574468
1876,2021-02-19,13.347457627118644,8.13135593220339
1877,2021-02-20,22.08450704225352,12.795744680851064
1878,2021-02-21,23.146892655367232,15.012820512820513
1879,2021-02-22,29.309859154929576,17.542735042735043
1880,2021-02-23,42.653521126760566,21.303797468354432
1881,2021-02-24,52.8361581920904,23.666666666666668
1882,2021-02-25,68.62429378531074,29.65811965811966
1883,2021-02-26,33.03399433427762,16.423728813559322
1884,2021-02-27,14.372549019607844,9.096638655462185
1885,2021-02-28,13.703081232492996,10.623430962343097
2161,2021-12-01,4.404011461318052,2.506172839506173
2162,2021-12-02,6.84180790960452,3.800813008130081
2163,2021-12-03,10.94632768361582,7.361788617886178
2164,2021-12-04,8.666666666666666,7.048387096774194
2165,2021-12-05,11.419718309859157,9.591093117408906
2166,2021-12-06,17.4774011299435,14.40725806451613
2167,2021-12-07,14.788732394366198,11.864
2168,2021-12-08,15.542134831460674,12.83132530120482
2169,2021-12-09,21.711484593837536,18.19521912350597
2170,2021-12-10,17.860724233983287,14.864
2171,2021-12-11,19.502793296089383,16.238095238095237
2172,2021-12-12,12.1949860724234,10.238095238095235
2173,2021-12-13,12.090140845070422,8.952191235059761
2174,2021-12-14,15.648876404494382,11.47808764940239
2175,2021-12-15,15.30311614730878,11.608
2176,2021-12-16,20.34733893557423,13.96031746031746
2177,2021-12-17,14.644257703081232,10.23015873015873
2178,2021-12-18,10.136871508379889,7.829365079365079
2179,2021-12-19,8.692737430167599,6.344
2180,2021-12-20,14.348314606741573,8.003968253968255
2181,2021-12-21,19.410112359550563,13.565217391304348
2182,2021-12-22,22.29971988795518,17.507874015748033
2183,2021-12-23,25.688022284122564,21.173228346456693
2184,2021-12-24,9.604456824512535,7.632411067193676
2185,2021-12-25,8.15774647887324,6.162698412698413
2186,2021-12-26,14.098314606741573,12.166666666666666
2187,2021-12-27,17.43380281690141,16.714285714285715
2188,2021-12-28,14.392757660167131,13.359683794466402
2189,2021-12-29,11.258426966292134,9.182539682539682
2190,2021-12-30,7.104519774011299,4.730923694779117
2191,2021-12-31,7.643258426966292,4.691699604743083
2192,2022-01-01,16.15686274509804,11.66015625
2193,2022-01-02,9.988636363636363,6.929411764705883
2194,2022-01-03,8.030985915492957,4.41106719367589
2195,2022-01-04,5.980169971671388,4.17578125
2196,2022-01-05,7.6,4.0703125
2197,2022-01-06,12.39612188365651,6.850980392156862
2198,2022-01-07,10.658263305322128,8.079051383399209
2199,2022-01-08,8.90782122905028,6.96078431372549
2200,2022-01-09,7.946478873239436,5.725490196078432
2201,2022-01-10,20.801120448179272,16.145098039215686
2202,2022-01-11,22.35933147632312,18.49609375
2203,2022-01-12,20.031073446327685,15.501960784313724
2204,2022-01-13,22.33988764044944,17.373540856031127
2205,2022-01-14,21.354748603351958,15.321705426356589
2206,2022-01-15,17.29608938547486,12.80232558139535
2207,2022-01-16,20.83240223463687,17.174418604651162
2208,2022-01-17,14.523809523809524,9.275193798449612
2209,2022-01-18,14.62674094707521,8.420849420849422
2210,2022-01-19,15.22284122562674,11.366795366795367
2211,2022-01-20,9.935754189944134,4.996138996138996
2212,2022-01-21,11.930167597765363,5.946153846153846
2213,2022-01-22,10.754874651810583,7.403846153846154
2214,2022-01-23,12.18941504178273,9.325581395348838
2215,2022-01-24,13.830555555555556,9.74031007751938
2216,2022-01-25,23.791666666666668,17.107692307692307
2217,2022-01-26,24.93055555555556,19.588461538461537
2218,2022-01-27,15.295264623955433,11.961389961389962
2219,2022-01-28,15.220670391061452,7.81081081081081
2220,2022-01-29,10.7966573816156,7.415384615384616
2221,2022-01-30,17.552777777777777,8.664092664092664
2222,2022-01-31,12.727019498607245,7.517374517374518
2223,2022-02-01,10.21629213483146,5.76953125
2224,2022-02-02,13.501385041551249,6.911196911196911
2225,2022-02-03,12.128133704735376,8.088803088803088
2226,2022-02-04,8.243016759776536,6.465384615384616
2227,2022-02-05,8.852777777777778,4.826923076923077
2228,2022-02-06,4.394957983193278,2.6447876447876446
2229,2022-02-07,10.569444444444445,4.873076923076923
2230,2022-02-08,11.039106145251395,6.158301158301159
2231,2022-02-09,12.06145251396648,7.023255813953488
2232,2022-02-10,14.41340782122905,9.108108108108109
2233,2022-02-11,10.913165266106445,6.316602316602316
2234,2022-02-12,14.71111111111111,8.691119691119692
2235,2022-02-13,15.027855153203342,10.515503875968992
2236,2022-02-14,13.526610644257705,8.06640625
2237,2022-02-15,10.847457627118644,7.3229571984435795
2238,2022-02-16,4.67816091954023,2.7707509881422925
2239,2022-02-17,9.954545454545457,4.362204724409449
2240,2022-02-18,10.796610169491526,5.16796875
2241,2022-02-19,8.732193732193732,4.133333333333334
2242,2022-02-20,4.841040462427745,3.011764705882353
2243,2022-02-21,7.022857142857143,3.37007874015748
2244,2022-02-22,13.160112359550562,6.391472868217054
2245,2022-02-23,13.05056179775281,6.403100775193798
2246,2022-02-24,10.401114206128131,5.880769230769231
2247,2022-02-25,9.59217877094972,4.760617760617761
2248,2022-02-26,16.174515235457065,8.877394636015326
2249,2022-02-27,13.537396121883656,10.406130268199234
2250,2022-02-28,19.33333333333333,14.540229885057473
2526,2022-12-01,27.793871866295262,24.040441176470587
2527,2022-12-02,20.358543417366946,18.487084870848708
2528,2022-12-03,20.553072625698324,18.68029739776952
2529,2022-12-04,23.267605633802816,21.171641791044777
2530,2022-12-05,16.549295774647888,14.24626865671642
2531,2022-12-06,10.64066852367688,8.154981549815497
2532,2022-12-07,11.520775623268698,8.066420664206642
2533,2022-12-08,12.780898876404494,9.796296296296296
2534,2022-12-09,18.98050139275766,15.029850746268655
2535,2022-12-10,20.60220994475138,17.733333333333334
2536,2022-12-11,19.704419889502763,16.4275092936803
2537,2022-12-12,22.55124653739612,17.307407407407407
2538,2022-12-13,26.2296918767507,19.940520446096656
2539,2022-12-14,26.819444444444443,21.256505576208177
2540,2022-12-15,30.53314917127072,26.35185185185185
2541,2022-12-16,34.18105849582173,28.682656826568262
2542,2022-12-17,31.20775623268698,26.85977859778598
2543,2022-12-18,27.00557103064067,22.564575645756456
2544,2022-12-19,23.42178770949721,19.44814814814815
2545,2022-12-20,17.912921348314608,14.461254612546126
2546,2022-12-21,12.859943977591035,10.625925925925928
2547,2022-12-22,9.19832402234637,6.9
2548,2022-12-23,8.653631284916202,6.25925925925926
2549,2022-12-24,11.986072423398328,7.194852941176471
2550,2022-12-25,10.08659217877095,7.14760147601476
2551,2022-12-26,6.488826815642458,4.396296296296296
2552,2022-12-27,9.41782729805014,5.343173431734317
2553,2022-12-28,7.064245810055866,4.685185185185185
2554,2022-12-29,6.108938547486034,3.6703703703703705
2555,2022-12-30,7.311977715877437,4.1033210332103325
2556,2022-12-31,8.530898876404494,5.433962264150943
2557,2023-01-01,27.83240223463687,19.01127819548872
2558,2023-01-02,12.280112044817928,7.115241635687732
2559,2023-01-03,10.3008356545961,6.477941176470588
2560,2023-01-04,5.980555555555555,4.07380073800738
2561,2023-01-05,9.353591160220995,5.007299270072993
2562,2023-01-06,6.531855955678671,4.193430656934306
2563,2023-01-07,7.553719008264463,5.507246376811594
2564,2023-01-08,7.318681318681318,5.901818181818181
2565,2023-01-09,6.605555555555555,4.660583941605839
2566,2023-01-10,10.980716253443529,6.170909090909091
2567,2023-01-11,7.146005509641873,4.025454545454545
2568,2023-01-12,5.570637119113574,3.0182481751824817
2569,2023-01-13,6.587257617728532,3.423357664233577
2570,2023-01-14,7.211538461538462,3.8945454545454554
2571,2023-01-15,4.055401662049862,2.2564102564102564
2572,2023-01-16,4.880886426592798,2.759124087591241
2573,2023-01-17,9.589531680440771,5.813186813186813
2574,2023-01-18,16.80054644808743,11.8086642599278
2575,2023-01-19,15.616438356164384,11.75812274368231
2576,2023-01-20,19.816438356164383,15.263537906137184
2577,2023-01-21,16.03021978021978,13.170289855072465
2578,2023-01-22,10.15193370165746,8.985454545454546
2579,2023-01-23,14.284931506849317,12.75812274368231
2580,2023-01-24,15.804945054945057,13.172661870503598
2581,2023-01-25,17.620218579234972,14.931159420289855
2582,2023-01-26,16.541208791208792,13.36101083032491
2583,2023-01-27,9.446575342465753,7.061371841155235
2584,2023-01-28,12.521857923497269,9.157706093189963
2585,2023-01-29,18.28021978021978,14.891304347826088
2586,2023-01-30,12.582872928176796,8.825454545454546
2587,2023-01-31,12.076712328767124,6.974729241877256
2588,2023-02-01,11.463013698630135,6.068592057761733
2589,2023-02-02,10.691256830601093,5.576086956521739
2590,2023-02-03,9.210958904109589,5.374545454545455
2591,2023-02-04,12.287671232876711,6.772563176895307
2592,2023-02-05,13.53825136612022,9.73913043478261
2593,2023-02-06,16.00824175824176,11.956521739130435
2594,2023-02-07,22.85164835164835,17.981949458483754
2595,2023-02-08,28.09041095890411,21.79783393501805
2596,2023-02-09,29.95367847411444,21.59927797833935
2597,2023-02-10,35.95890410958904,27.462093862815884
2598,2023-02-11,27.09809264305177,21.92057761732852
2599,2023-02-12,18.25,15.178181818181818
2600,2023-02-13,16.214876033057852,11.553113553113551
2601,2023-02-14,23.35164835164835,16.824817518248175
2602,2023-02-15,26.150273224043715,19.186813186813183
2603,2023-02-16,30.27671232876712,22.653284671532848
2604,2023-02-17,12.410468319559229,9.083032490974729
2605,2023-02-18,6.583561643835616,4.166064981949458
2606,2023-02-19,6.475274725274725,4.232727272727272
2607,2023-02-20,11.694214876033058,7.527472527472527
2608,2023-02-21,16.92876712328767,10.812274368231048
2609,2023-02-22,21.804407713498623,13.57090909090909
2610,2023-02-23,26.451790633608816,20.10507246376812
2611,2023-02-24,14.926027397260274,9.371428571428572
2612,2023-02-25,7.021857923497268,3.790035587188612
2613,2023-02-26,6.109589041095891,3.521582733812949
2614,2023-02-27,10.046961325966851,5.899280575539568
2615,2023-02-28,15.87087912087912,10.957142857142856
2891,2023-12-01,17.058333333333334,14.625429553264604
2892,2023-12-02,13.757062146892656,11.687285223367695
2893,2023-12-03,17.61904761904762,14.83793103448276
2894,2023-12-04,16.56983240223464,13.724137931034482
2895,2023-12-05,14.615384615384617,13.875862068965516
2896,2023-12-06,19.785515320334262,17.395904436860068
2897,2023-12-07,21.139664804469277,17.654109589041095
2898,2023-12-08,17.972067039106147,15.1160409556314
2899,2023-12-09,11.786703601108034,9.784246575342468
2900,2023-12-10,10.484764542936288,6.106529209621993
2901,2023-12-11,8.20891364902507,4.441379310344828
2902,2023-12-12,11.466850828729282,7.010204081632653
2903,2023-12-13,9.655555555555557,7.081911262798635
2904,2023-12-14,10.158774373259051,7.898305084745763
2905,2023-12-15,15.63888888888889,11.448979591836734
2906,2023-12-16,14.944598337950138,9.88813559322034
2907,2023-12-17,12.724233983286908,9.861016949152544
2908,2023-12-18,17.285714285714285,12.498305084745764
2909,2023-12-19,10.573407202216066,8.091525423728813
2910,2023-12-20,7.611731843575419,4.493197278911564
2911,2023-12-21,4.735955056179775,2.642361111111111
2912,2023-12-22,6.476190476190476,3.404109589041096
2913,2023-12-23,4.463276836158192,2.4931034482758623
2914,2023-12-24,2.817415730337079,1.8827586206896552
2915,2023-12-25,4.512605042016807,2.6344827586206896
2916,2023-12-26,5.838440111420613,3.392491467576792
2917,2023-12-27,10.695290858725762,6.5
2918,2023-12-28,8.372222222222222,5.503401360544218
2919,2023-12-29,5.79108635097493,3.63481228668942
2920,2023-12-30,7.983333333333333,4.928813559322034
2921,2023-12-31,9.308333333333334,6.659863945578231
2922,2024-01-01,18.11173184357542,11.331058020477816
2923,2024-01-02,4.104225352112676,2.731034482758621
2924,2024-01-03,4.405479452054794,2.5966101694915253
2925,2024-01-04,5.455801104972376,3.2302631578947367
2926,2024-01-05,8.367123287671232,5.80718954248366
2927,2024-01-06,11.283378746594003,9.941368078175897
2928,2024-01-07,7.683195592286501,6.622950819672131
2929,2024-01-08,11.123287671232877,8.74671052631579
2930,2024-01-09,20.23822714681441,15.970491803278687
2931,2024-01-10,33.63068181818182,28.41639344262295
2932,2024-01-11,34.10109289617486,27.27687296416938
2933,2024-01-12,22.05801104972376,17.333333333333332
2934,2024-01-13,14.91388888888889,12.257425742574258
2935,2024-01-14,15.34722222222222,12.196013289036545
2936,2024-01-15,10.302197802197805,7.590759075907591
2937,2024-01-16,13.685082872928175,8.20655737704918
2938,2024-01-17,18.446575342465756,13.599348534201956
2939,2024-01-18,18.46280991735537,14.726072607260726
2940,2024-01-19,17.997214484679667,13.659016393442624
2941,2024-01-20,19.26502732240437,14.664495114006517
2942,2024-01-21,17.03287671232877,12.710097719869706
2943,2024-01-22,8.11049723756906,5.463815789473684
2944,2024-01-23,12.10803324099723,6.370491803278688
2945,2024-01-24,10.977900552486188,6.065789473684211
2946,2024-01-25,18.248618784530382,9.924590163934424
2947,2024-01-26,10.05,6.407166123778501
2948,2024-01-27,16.294765840220386,9.182410423452769
2949,2024-01-28,15.260989010989013,10.35830618892508
2950,2024-01-29,18.738292011019283,11.669934640522875
2951,2024-01-30,21.29041095890411,14.66019417475728
2952,2024-01-31,14.308743169398907,9.49514563106796
2953,2024-02-01,13.6566757493188,8.15210355987055
2954,2024-02-02,15.307901907356948,9.68284789644013
2955,2024-02-03,7.35068493150685,5.23202614379085
2956,2024-02-04,5.680440771349862,3.7392739273927393
2957,2024-02-05,15.994520547945204,8.098039215686274
2958,2024-02-06,12.286103542234333,6.827922077922078
2959,2024-02-07,9.52892561983471,5.248366013071895
2960,2024-02-08,12.79945054945055,7.288524590163934
2961,2024-02-09,10.668493150684933,6.73202614379085
2962,2024-02-10,11.632876712328768,8.347540983606557
2963,2024-02-11,12.035714285714286,9.914473684210526
2964,2024-02-12,9.732782369146005,6.509803921568627
2965,2024-02-13,12.049586776859504,7.335504885993485
2966,2024-02-14,8.721763085399449,5.588235294117647
2967,2024-02-15,10.846575342465751,6.319218241042345
2968,2024-02-16,12.898907103825136,7.873376623376624
2969,2024-02-17,12.725274725274724,9.052287581699346
2970,2024-02-18,11.246575342465754,8.01628664495114
2971,2024-02-19,6.881542699724518,4.154098360655738
2972,2024-02-20,14.232044198895029,8.03257328990228
2973,2024-02-21,12.911845730027547,7.895765472312703
2974,2024-02-22,4.330578512396694,2.7927631578947367
2975,2024-02-23,6.011019283746556,2.9281045751633985
2976,2024-02-24,6.281420765027322,4.120521172638436
2977,2024-02-25,6.472677595628415,4.62987012987013
2978,2024-02-26,11.98904109589041,8.699346405228757
2979,2024-02-27,18.2,14.980707395498392
2980,2024-02-28,22.27322404371585,17.503205128205128
2981,2024-02-29,21.0299727520436,16.04823151125402
3257,2024-12-01,16.038251366120218,13.662576687116564
3258,2024-12-02,15.931693989071038,12.162576687116564
3259,2024-12-03,10.449591280653951,7.07361963190184
3260,2024-12-04,12.272972972972973,7.942073170731708
3261,2024-12-05,12.366576819407008,8.787234042553191
3262,2024-12-06,7.672086720867209,4.684049079754601
3263,2024-12-07,8.715447154471544,5.355828220858895
3264,2024-12-08,9.360433604336045,7.612307692307692
3265,2024-12-09,8.027173913043478,6.624615384615384
3266,2024-12-10,6.948228882833788,5.107033639143731
3267,2024-12-11,11.81081081081081,9.096969696969698
3268,2024-12-12,16.343243243243244,12.766666666666667
3269,2024-12-13,19.146341463414632,15.1580547112462
3270,2024-12-14,19.887096774193548,17.07250755287009
3271,2024-12-15,8.277628032345014,6.466666666666667
3272,2024-12-16,5.366576819407008,3.3841463414634148
3273,2024-12-17,10.297297297297296,6.641337386018237
3274,2024-12-18,10.93010752688172,6.648484848484848
3275,2024-12-19,5.6802168021680215,3.3516819571865444
3276,2024-12-20,10.65498652291105,5.79154078549849
3277,2024-12-21,6.140161725067386,4.270516717325228
3278,2024-12-22,5.408108108108108,3.3536585365853657
3279,2024-12-23,9.688346883468837,5.618902439024391
3280,2024-12-24,11.332439678284182,7.045180722891566
3281,2024-12-25,11.280323450134771,8.590909090909092
3282,2024-12-26,10.159891598915989,8.126888217522659
3283,2024-12-27,11.956284153005464,9.58966565349544
3284,2024-12-28,17.75945945945946,14.567073170731708
3285,2024-12-29,18.71891891891892,16.966565349544073
3286,2024-12-30,11.69811320754717,10.09451219512195
3287,2024-12-31,15.330645161290322,12.657575757575758
3288,2025-01-01,23.97554347826087,19.35542168674699
3289,2025-01-02,7.404371584699454,4.996978851963746
3290,2025-01-03,7.528455284552845,5.03003003003003
3291,2025-01-04,12.92140921409214,9.698507462686567
3292,2025-01-05,10.553133514986376,9.18918918918919
3293,2025-01-06,6.486263736263736,4.4652567975830815
3294,2025-01-07,5.365853658536586,2.915407854984894
3295,2025-01-08,7.2439024390243905,4.596385542168675
3296,2025-01-09,7.4742547425474255,5.677611940298507
3297,2025-01-10,10.24054054054054,6.988059701492538
3298,2025-01-11,12.818181818181818,9.537091988130564
3299,2025-01-12,12.045576407506704,8.342261904761905
3300,2025-01-13,15.741935483870968,11.25
3301,2025-01-14,23.32972972972973,16.20059880239521
3302,2025-01-15,19.115591397849464,15.33731343283582
3303,2025-01-16,11.943548387096774,9.69047619047619
3304,2025-01-17,15.09651474530831,12.574404761904765
3305,2025-01-18,17.949061662198392,15.285714285714286
3306,2025-01-19,23.08847184986595,20.19345238095238
3307,2025-01-20,28.035040431266847,24.55654761904762
3308,2025-01-21,28.07336956521739,24.589285714285715
3309,2025-01-22,24.466124661246614,19.92792792792793
3310,2025-01-23,12.599462365591398,10.429850746268658
3311,2025-01-24,8.727027027027027,5.063253012048193
3312,2025-01-25,9.718918918918918,6.162162162162162
3313,2025-01-26,6.598382749326146,4.888888888888889
3314,2025-01-27,4.8,2.822289156626506
3315,2025-01-28,6.827956989247312,3.6458333333333335
3316,2025-01-29,6.916442048517521,3.92814371257485
3317,2025-01-30,11.169811320754716,6.5
3318,2025-01-31,12.483870967741936,7.458333333333333
3319,2025-02-01,16.981182795698924,12.446428571428571
3320,2025-02-02,17.712365591397848,14.282738095238097
3321,2025-02-03,25.20911528150134,20.047619047619047
3322,2025-02-04,29.407506702412867,24.87240356083086
3323,2025-02-05,26.260752688172044,21.87833827893175
3324,2025-02-06,18.164420485175203,14.261904761904765
3325,2025-02-07,17.043010752688172,13.243323442136498
3326,2025-02-08,33.25133689839572,28.14792899408284
3327,2025-02-09,40.22252010723861,35.57313432835821
3328,2025-02-10,48.77628032345014,42.15522388059701
3329,2025-02-11,32.833333333333336,27.846153846153847
3330,2025-02-12,34.33064516129032,30.329376854599406
3331,2025-02-13,39.67024128686327,36.053412462908014
3332,2025-02-14,24.647058823529413,20.12462908011869
3333,2025-02-15,18.58981233243968,13.519287833827892
3334,2025-02-16,16.650537634408604,12.69345238095238
3335,2025-02-17,20.392473118279568,14.459701492537311
3336,2025-02-18,25.734584450402146,17.84319526627219
3337,2025-02-19,24.666666666666668,16.367952522255194
3338,2025-02-20,33.42627345844504,24.329376854599406
3339,2025-02-21,28.85522788203753,23.41715976331361
3340,2025-02-22,24.735294117647054,19.80473372781065
3341,2025-02-23,16.288770053475936,12.340236686390533
3342,2025-02-24,14.088235294117649,8.659763313609467
3343,2025-02-25,15.462566844919786,10.715976331360949
3344,2025-02-26,13.820855614973262,10.144970414201184
3345,2025-02-27,10.536193029490615,7.190476190476191
3346,2025-02-28,11.60857908847185,8.857988165680473
3622,2025-12-01,10.501347708894878,6.7514792899408285
3623,2025-12-02,13.286096256684491,9.54093567251462
3624,2025-12-03,16.796747967479675,12.146198830409356
3625,2025-12-04,16.5752688172043,12.802941176470588
3626,2025-12-05,19.024193548387096,15.52212389380531
3627,2025-12-06,10.589812332439678,8.529411764705882
3628,2025-12-07,7.410187667560321,5.256637168141593
3629,2025-12-08,6.6891891891891895,3.964497041420118
3630,2025-12-09,9.8048128342246,5.932153392330384
3631,2025-12-10,12.486486486486486,7.564705882352941
3632,2025-12-11,15.06027397260274,9.256637168141593
3633,2025-12-12,16.91256830601093,11.461538461538462
3634,2025-12-13,15.397820163487738,11.766961651917404
3635,2025-12-14,12.536784741144414,9.708823529411765
3636,2025-12-15,12.745901639344265,8.64896755162242
3637,2025-12-16,15.839237057220709,10.741935483870968
3638,2025-12-17,20.550964187327825,14.687315634218288
3639,2025-12-18,16.92817679558011,11.572700296735905
3640,2025-12-19,14.099173553719009,8.52662721893491
3641,2025-12-20,16.88950276243094,12.37797619047619
3642,2025-12-21,15.607734806629834,12.6094674556213
3643,2025-12-22,15.760330578512397,13.192878338278932
3644,2025-12-23,12.537190082644628,10.5459940652819
3645,2025-12-24,8.752777777777778,6.845238095238095
3646,2025-12-25,16.643454038997213,14.671686746987952
3647,2025-12-26,22.247222222222224,19.724550898203592
3648,2025-12-27,19.473684210526315,15.709580838323353
3649,2025-12-28,14.80939226519337,11.636904761904765
3650,2025-12-29,15.466101694915254,11.414634146341465
3651,2025-12-30,13.792717086834736,8.0
3652,2025-12-31,15.779005524861878,10.366666666666667
3653,2026-01-01,19.75,15.695522388059702
3654,2026-01-02,6.287749287749287,3.8463855421686746
3655,2026-01-03,7.991596638655462,5.269230769230769
3656,2026-01-04,10.887640449438202,6.363095238095238
3657,2026-01-05,15.946927374301676,10.934718100890208
3658,2026-01-06,20.24512534818941,17.264094955489615
3659,2026-01-07,17.053370786516854,14.246290801186944
3660,2026-01-08,15.46498599439776,13.179941002949851
3661,2026-01-09,10.569832402234637,9.16470588235294
3662,2026-01-10,11.28169014084507,9.710447761194027
3663,2026-01-11,14.732044198895029,11.741176470588234
3664,2026-01-12,13.594444444444443,11.123893805309734
3665,2026-01-13,12.964088397790055,10.178885630498534
3666,2026-01-14,12.6,9.052941176470588
3667,2026-01-15,13.022222222222222,9.858823529411763
3668,2026-01-16,16.26890756302521,10.87905604719764
3669,2026-01-17,19.67590027700831,15.58187134502924
3670,2026-01-18,20.530555555555555,17.9
3671,2026-01-19,23.606648199445985,17.81524926686217
3672,2026-01-20,27.808864265927976,20.92330383480826
3673,2026-01-21,31.98333333333333,25.023598820059
3674,2026-01-22,40.48618784530387,32.85087719298246
3675,2026-01-23,51.41046831955923,44.57725947521866
3676,2026-01-24,50.32231404958678,44.95626822157434
3677,2026-01-25,49.84764542936288,44.96774193548387
3678,2026-01-26,25.81615598885794,22.58235294117647
3679,2026-01-27,20.125348189415043,16.92058823529412
3680,2026-01-28,18.13649025069638,16.460176991150444
3681,2026-01-29,20.022160664819943,18.350877192982452
3682,2026-01-30,23.669421487603305,21.760932944606413
3683,2026-01-31,24.28374655647383,22.62973760932945
3684,2026-02-01,23.077134986225897,20.605263157894736
3685,2026-02-02,24.12188365650969,20.480938416422287
3686,2026-02-03,27.598337950138504,22.59475218658892
3687,2026-02-04,29.06685236768802,25.94705882352941
3688,2026-02-05,32.56509695290859,28.93548387096774
3689,2026-02-06,35.06371191135734,30.514619883040936
3690,2026-02-07,24.95277777777778,21.72222222222222
3691,2026-02-08,16.412742382271468,14.181286549707602
3692,2026-02-09,23.35082872928177,19.760932944606413
3693,2026-02-10,21.15235457063712,18.005847953216374
3694,2026-02-11,12.181058495821729,10.391176470588237
3695,2026-02-12,7.123595505617978,5.554896142433234
3696,2026-02-13,7.969359331476323,5.564705882352941
3697,2026-02-14,10.683333333333334,8.771260997067449
3698,2026-02-15,10.5,7.774193548387097
3699,2026-02-16,10.731092436974787,8.602373887240356
3700,2026-02-17,14.952380952380953,12.3698224852071
3701,2026-02-18,16.62258953168044,12.64139941690962
3702,2026-02-19,14.297520661157025,11.431486880466473
3703,2026-02-20,21.441988950276244,17.48830409356725
3704,2026-02-21,10.06353591160221,7.580174927113703
3705,2026-02-22,4.713888888888889,3.297058823529412
3706,2026-02-23,7.308333333333334,4.410557184750733
3707,2026-02-24,10.97229916897507,6.721407624633431
3708,2026-02-25,13.393351800554017,8.011695906432749
3709,2026-02-26,16.060941828254848,9.567251461988304
3710,2026-02-27,20.774104683195592,11.647230320699707
3711,2026-02-28,13.6353591160221,8.137426900584796
