city,station,start_time,end_time,value
Neuss,1422,2017-01-01 11:00:00,2017-01-01 12:00:00,
Neuss,1422,2017-01-02 11:00:00,2017-01-02 12:00:00,
Neuss,1422,2017-01-03 11:00:00,2017-01-03 12:00:00,
Neuss,1422,2017-01-04 11:00:00,2017-01-04 12:00:00,
Neuss,1422,2017-01-05 11:00:00,2017-01-05 12:00:00,
Neuss,1422,2017-01-06 11:00:00,2017-01-06 12:00:00,
Neuss,1422,2017-01-07 11:00:00,2017-01-07 12:00:00,
Neuss,1422,2017-01-08 11:00:00,2017-01-08 12:00:00,
Neuss,1422,2017-01-09 11:00:00,2017-01-09 12:00:00,
Neuss,1422,2017-01-10 11:00:00,2017-01-10 12:00:00,
Neuss,1422,2017-01-11 11:00:00,2017-01-11 12:00:00,
Neuss,1422,2017-01-12 11:00:00,2017-01-12 12:00:00,
Neuss,1422,2017-01-13 11:00:00,2017-01-13 12:00:00,
Neuss,1422,2017-01-14 11:00:00,2017-01-14 12:00:00,
Neuss,1422,2017-01-15 11:00:00,2017-01-15 12:00:00,
Neuss,1422,2017-01-16 11:00:00,2017-01-16 12:00:00,
Neuss,1422,2017-01-17 11:00:00,2017-01-17 12:00:00,
Neuss,1422,2017-01-18 11:00:00,2017-01-18 12:00:00,
Neuss,1422,2017-01-19 11:00:00,2017-01-19 12:00:00,
Neuss,1422,2017-01-20 11:00:00,2017-01-20 12:00:00,
Neuss,1422,2017-01-21 11:00:00,2017-01-21 12:00:00,
Neuss,1422,2017-01-22 11:00:00,2017-01-22 12:00:00,
Neuss,1422,2017-01-23 11:00:00,2017-01-23 12:00:00,
Neuss,1422,2017-01-24 11:00:00,2017-01-24 12:00:00,
Neuss,1422,2017-01-25 11:00:00,2017-01-25 12:00:00,
Neuss,1422,2017-01-26 11:00:00,2017-01-26 12:00:00,
Neuss,1422,2017-01-27 11:00:00,2017-01-27 12:00:00,
Neuss,1422,2017-01-28 11:00:00,2017-01-28 12:00:00,
Neuss,1422,2017-01-29 11:00:00,2017-01-29 12:00:00,
Neuss,1422,2017-01-30 11:00:00,2017-01-30 12:00:00,
Neuss,1422,2017-01-31 11:00:00,2017-01-31 12:00:00,
Neuss,1422,2017-02-01 11:00:00,2017-02-01 12:00:00,
Neuss,1422,2017-02-02 11:00:00,2017-02-02 12:00:00,
Neuss,1422,2017-02-03 11:00:00,2017-02-03 12:00:00,
Neuss,1422,2017-02-04 11:00:00,2017-02-04 12:00:00,
Neuss,1422,2017-02-05 11:00:00,2017-02-05 12:00:00,
Neuss,1422,2017-02-06 11:00:00,2017-02-06 12:00:00,
Neuss,1422,2017-02-07 11:00:00,2017-02-07 12:00:00,
Neuss,1422,2017-02-08 11:00:00,2017-02-08 12:00:00,
Neuss,1422,2017-02-09 11:00:00,2017-02-09 12:00:00,
Neuss,1422,2017-02-10 11:00:00,2017-02-10 12:00:00,
Neuss,1422,2017-02-11 11:00:00,2017-02-11 12:00:00,
Neuss,1422,2017-02-12 11:00:00,2017-02-12 12:00:00,
Neuss,1422,2017-02-13 11:00:00,2017-02-13 12:00:00,
Neuss,1422,2017-02-14 11:00:00,2017-02-14 12:00:00,
Neuss,1422,2017-02-15 11:00:00,2017-02-15 12:00:00,
Neuss,1422,2017-02-16 11:00:00,2017-02-16 12:00:00,
Neuss,1422,2017-02-17 11:00:00,2017-02-17 12:00:00,
Neuss,1422,2017-02-18 11:00:00,2017-02-18 12:00:00,
Neuss,1422,2017-02-19 11:00:00,2017-02-19 12:00:00,
Neuss,1422,2017-02-20 11:00:00,2017-02-20 12:00:00,
Neuss,1422,2017-02-21 11:00:00,2017-02-21 12:00:00,
Neuss,1422,2017-02-22 11:00:00,2017-02-22 12:00:00,
Neuss,1422,2017-02-23 11:00:00,2017-02-23 12:00:00,
Neuss,1422,2017-02-24 11:00:00,2017-02-24 12:00:00,
Neuss,1422,2017-02-25 11:00:00,2017-02-25 12:00:00,
Neuss,1422,2017-02-26 11:00:00,2017-02-26 12:00:00,
Neuss,1422,2017-02-27 11:00:00,2017-02-27 12:00:00,
Neuss,1422,2017-02-28 11:00:00,2017-02-28 12:00:00,
Neuss,1422,2017-03-01 11:00:00,2017-03-01 12:00:00,
Neuss,1422,2017-03-02 11:00:00,2017-03-02 12:00:00,
Neuss,1422,2017-03-03 11:00:00,2017-03-03 12:00:00,
Neuss,1422,2017-03-04 11:00:00,2017-03-04 12:00:00,
Neuss,1422,2017-03-05 11:00:00,2017-03-05 12:00:00,
Neuss,1422,2017-03-06 11:00:00,2017-03-06 12:00:00,
Neuss,1422,2017-03-07 11:00:00,2017-03-07 12:00:00,
Neuss,1422,2017-03-08 11:00:00,2017-03-08 12:00:00,
Neuss,1422,2017-03-09 11:00:00,2017-03-09 12:00:00,
Neuss,1422,2017-03-10 11:00:00,2017-03-10 12:00:00,
Neuss,1422,2017-03-11 11:00:00,2017-03-11 12:00:00,
Neuss,1422,2017-03-12 11:00:00,2017-03-12 12:00:00,
Neuss,1422,2017-03-13 11:00:00,2017-03-13 12:00:00,
Neuss,1422,2017-03-14 11:00:00,2017-03-14 12:00:00,
Neuss,1422,2017-03-15 11:00:00,2017-03-15 12:00:00,
Neuss,1422,2017-03-16 11:00:00,2017-03-16 12:00:00,
Neuss,1422,2017-03-17 11:00:00,2017-03-17 12:00:00,
Neuss,1422,2017-03-18 11:00:00,2017-03-18 12:00:00,
Neuss,1422,2017-03-19 11:00:00,2017-03-19 12:00:00,
Neuss,1422,2017-03-20 11:00:00,2017-03-20 12:00:00,
Neuss,1422,2017-03-21 11:00:00,2017-03-21 12:00:00,
Neuss,1422,2017-03-22 11:00:00,2017-03-22 12:00:00,
Neuss,1422,2017-03-23 11:00:00,2017-03-23 12:00:00,
Neuss,1422,2017-03-24 11:00:00,2017-03-24 12:00:00,
Neuss,1422,2017-03-25 11:00:00,2017-03-25 12:00:00,
Neuss,1422,2017-03-26 11:00:00,2017-03-26 12:00:00,
Neuss,1422,2017-03-27 11:00:00,2017-03-27 12:00:00,
Neuss,1422,2017-03-28 11:00:00,2017-03-28 12:00:00,
Neuss,1422,2017-03-29 11:00:00,2017-03-29 12:00:00,
Neuss,1422,2017-03-30 11:00:00,2017-03-30 12:00:00,
Neuss,1422,2017-03-31 11:00:00,2017-03-31 12:00:00,
Neuss,1422,2017-04-01 11:00:00,2017-04-01 12:00:00,
Neuss,1422,2017-04-02 11:00:00,2017-04-02 12:00:00,
Neuss,1422,2017-04-03 11:00:00,2017-04-03 12:00:00,
Neuss,1422,2017-04-04 11:00:00,2017-04-04 12:00:00,
Neuss,1422,2017-04-05 11:00:00,2017-04-05 12:00:00,
Neuss,1422,2017-04-06 11:00:00,2017-04-06 12:00:00,
Neuss,1422,2017-04-07 11:00:00,2017-04-07 12:00:00,
Neuss,1422,2017-04-08 11:00:00,2017-04-08 12:00:00,
Neuss,1422,2017-04-09 11:00:00,2017-04-09 12:00:00,
Neuss,1422,2017-04-10 11:00:00,2017-04-10 12:00:00,
Neuss,1422,2017-04-11 11:00:00,2017-04-11 12:00:00,
Neuss,1422,2017-04-12 11:00:00,2017-04-12 12:00:00,
Neuss,1422,2017-04-13 11:00:00,2017-04-13 12:00:00,
Neuss,1422,2017-04-14 11:00:00,2017-04-14 12:00:00,
Neuss,1422,2017-04-15 11:00:00,2017-04-15 12:00:00,
Neuss,1422,2017-04-16 11:00:00,2017-04-16 12:00:00,
Neuss,1422,2017-04-17 11:00:00,2017-04-17 12:00:00,
Neuss,1422,2017-04-18 11:00:00,2017-04-18 12:00:00,
Neuss,1422,2017-04-19 11:00:00,2017-04-19 12:00:00,
Neuss,1422,2017-04-20 11:00:00,2017-04-20 12:00:00,
Neuss,1422,2017-04-21 11:00:00,2017-04-21 12:00:00,
Neuss,1422,2017-04-22 11:00:00,2017-04-22 12:00:00,
Neuss,1422,2017-04-23 11:00:00,2017-04-23 12:00:00,
Neuss,1422,2017-04-24 11:00:00,2017-04-24 12:00:00,
Neuss,1422,2017-04-25 11:00:00,2017-04-25 12:00:00,
Neuss,1422,2017-04-26 11:00:00,2017-04-26 12:00:00,
Neuss,1422,2017-04-27 11:00:00,2017-04-27 12:00:00,
Neuss,1422,2017-04-28 11:00:00,2017-04-28 12:00:00,
Neuss,1422,2017-04-29 11:00:00,2017-04-29 12:00:00,
Neuss,1422,2017-04-30 11:00:00,2017-04-30 12:00:00,
Neuss,1422,2017-05-01 11:00:00,2017-05-01 12:00:00,
Neuss,1422,2017-05-02 11:00:00,2017-05-02 12:00:00,
Neuss,1422,2017-05-03 11:00:00,2017-05-03 12:00:00,
Neuss,1422,2017-05-04 11:00:00,2017-05-04 12:00:00,
Neuss,1422,2017-05-05 11:00:00,2017-05-05 12:00:00,
Neuss,1422,2017-05-06 11:00:00,2017-05-06 12:00:00,
Neuss,1422,2017-05-07 11:00:00,2017-05-07 12:00:00,
Neuss,1422,2017-05-08 11:00:00,2017-05-08 12:00:00,
Neuss,1422,2017-05-09 11:00:00,2017-05-09 12:00:00,
Neuss,1422,2017-05-10 11:00:00,2017-05-10 12:00:00,
Neuss,1422,2017-05-11 11:00:00,2017-05-11 12:00:00,
Neuss,1422,2017-05-12 11:00:00,2017-05-12 12:00:00,
Neuss,1422,2017-05-13 11:00:00,2017-05-13 12:00:00,
Neuss,1422,2017-05-14 11:00:00,2017-05-14 12:00:00,
Neuss,1422,2017-05-15 11:00:00,2017-05-15 12:00:00,
Neuss,1422,2017-05-16 11:00:00,2017-05-16 12:00:00,
Neuss,1422,2017-05-17 11:00:00,2017-05-17 12:00:00,
Neuss,1422,2017-05-18 11:00:00,2017-05-18 12:00:00,
Neuss,1422,2017-05-19 11:00:00,2017-05-19 12:00:00,
Neuss,1422,2017-05-20 11:00:00,2017-05-20 12:00:00,
Neuss,1422,2017-05-21 11:00:00,2017-05-21 12:00:00,
Neuss,1422,2017-05-22 11:00:00,2017-05-22 12:00:00,
Neuss,1422,2017-05-23 11:00:00,2017-05-23 12:00:00,
Neuss,1422,2017-05-24 11:00:00,2017-05-24 12:00:00,
Neuss,1422,2017-05-25 11:00:00,2017-05-25 12:00:00,
Neuss,1422,2017-05-26 11:00:00,2017-05-26 12:00:00,
Neuss,1422,2017-05-27 11:00:00,2017-05-27 12:00:00,
Neuss,1422,2017-05-28 11:00:00,2017-05-28 12:00:00,
Neuss,1422,2017-05-29 11:00:00,2017-05-29 12:00:00,
Neuss,1422,2017-05-30 11:00:00,2017-05-30 12:00:00,
Neuss,1422,2017-05-31 11:00:00,2017-05-31 12:00:00,
Neuss,1422,2017-06-01 11:00:00,2017-06-01 12:00:00,
Neuss,1422,2017-06-02 11:00:00,2017-06-02 12:00:00,
Neuss,1422,2017-06-03 11:00:00,2017-06-03 12:00:00,
Neuss,1422,2017-06-04 11:00:00,2017-06-04 12:00:00,
Neuss,1422,2017-06-05 11:00:00,2017-06-05 12:00:00,
Neuss,1422,2017-06-06 11:00:00,2017-06-06 12:00:00,
Neuss,1422,2017-06-07 11:00:00,2017-06-07 12:00:00,
Neuss,1422,2017-06-08 11:00:00,2017-06-08 12:00:00,
Neuss,1422,2017-06-09 11:00:00,2017-06-09 12:00:00,
Neuss,1422,2017-06-10 11:00:00,2017-06-10 12:00:00,
Neuss,1422,2017-06-11 11:00:00,2017-06-11 12:00:00,
Neuss,1422,2017-06-12 11:00:00,2017-06-12 12:00:00,
Neuss,1422,2017-06-13 11:00:00,2017-06-13 12:00:00,
Neuss,1422,2017-06-14 11:00:00,2017-06-14 12:00:00,
Neuss,1422,2017-06-15 11:00:00,2017-06-15 12:00:00,
Neuss,1422,2017-06-16 11:00:00,2017-06-16 12:00:00,
Neuss,1422,2017-06-17 11:00:00,2017-06-17 12:00:00,
Neuss,1422,2017-06-18 11:00:00,2017-06-18 12:00:00,
Neuss,1422,2017-06-19 11:00:00,2017-06-19 12:00:00,
Neuss,1422,2017-06-20 11:00:00,2017-06-20 12:00:00,
Neuss,1422,2017-06-21 11:00:00,2017-06-21 12:00:00,
Neuss,1422,2017-06-22 11:00:00,2017-06-22 12:00:00,
Neuss,1422,2017-06-23 11:00:00,2017-06-23 12:00:00,
Neuss,1422,2017-06-24 11:00:00,2017-06-24 12:00:00,
Neuss,1422,2017-06-25 11:00:00,2017-06-25 12:00:00,
Neuss,1422,2017-06-26 11:00:00,2017-06-26 12:00:00,
Neuss,1422,2017-06-27 11:00:00,2017-06-27 12:00:00,
Neuss,1422,2017-06-28 11:00:00,2017-06-28 12:00:00,
Neuss,1422,2017-06-29 11:00:00,2017-06-29 12:00:00,
Neuss,1422,2017-06-30 11:00:00,2017-06-30 12:00:00,
Neuss,1422,2017-07-01 11:00:00,2017-07-01 12:00:00,
Neuss,1422,2017-07-02 11:00:00,2017-07-02 12:00:00,
Neuss,1422,2017-07-03 11:00:00,2017-07-03 12:00:00,
Neuss,1422,2017-07-04 11:00:00,2017-07-04 12:00:00,
Neuss,1422,2017-07-05 11:00:00,2017-07-05 12:00:00,
Neuss,1422,2017-07-06 11:00:00,2017-07-06 12:00:00,
Neuss,1422,2017-07-07 11:00:00,2017-07-07 12:00:00,
Neuss,1422,2017-07-08 11:00:00,2017-07-08 12:00:00,
Neuss,1422,2017-07-09 11:00:00,2017-07-09 12:00:00,
Neuss,1422,2017-07-10 11:00:00,2017-07-10 12:00:00,
Neuss,1422,2017-07-11 11:00:00,2017-07-11 12:00:00,
Neuss,1422,2017-07-12 11:00:00,2017-07-12 12:00:00,
Neuss,1422,2017-07-13 11:00:00,2017-07-13 12:00:00,
Neuss,1422,2017-07-14 11:00:00,2017-07-14 12:00:00,
Neuss,1422,2017-07-15 11:00:00,2017-07-15 12:00:00,
Neuss,1422,2017-07-16 11:00:00,2017-07-16 12:00:00,
Neuss,1422,2017-07-17 11:00:00,2017-07-17 12:00:00,
Neuss,1422,2017-07-18 11:00:00,2017-07-18 12:00:00,
Neuss,1422,2017-07-19 11:00:00,2017-07-19 12:00:00,
Neuss,1422,2017-07-20 11:00:00,2017-07-20 12:00:00,
Neuss,1422,2017-07-21 11:00:00,2017-07-21 12:00:00,
Neuss,1422,2017-07-22 11:00:00,2017-07-22 12:00:00,
Neuss,1422,2017-07-23 11:00:00,2017-07-23 12:00:00,
Neuss,1422,2017-07-24 11:00:00,2017-07-24 12:00:00,
Neuss,1422,2017-07-25 11:00:00,2017-07-25 12:00:00,
Neuss,1422,2017-07-26 11:00:00,2017-07-26 12:00:00,
Neuss,1422,2017-07-27 11:00:00,2017-07-27 12:00:00,
Neuss,1422,2017-07-28 11:00:00,2017-07-28 12:00:00,
Neuss,1422,2017-07-29 11:00:00,2017-07-29 12:00:00,
Neuss,1422,2017-07-30 11:00:00,2017-07-30 12:00:00,
Neuss,1422,2017-07-31 11:00:00,2017-07-31 12:00:00,
Neuss,1422,2017-08-01 11:00:00,2017-08-01 12:00:00,
Neuss,1422,2017-08-02 11:00:00,2017-08-02 12:00:00,
Neuss,1422,2017-08-03 11:00:00,2017-08-03 12:00:00,
Neuss,1422,2017-08-04 11:00:00,2017-08-04 12:00:00,
Neuss,1422,2017-08-05 11:00:00,2017-08-05 12:00:00,
Neuss,1422,2017-08-06 11:00:00,2017-08-06 12:00:00,
Neuss,1422,2017-08-07 11:00:00,2017-08-07 12:00:00,
Neuss,1422,2017-08-08 11:00:00,2017-08-08 12:00:00,
Neuss,1422,2017-08-09 11:00:00,2017-08-09 12:00:00,
Neuss,1422,2017-08-10 11:00:00,2017-08-10 12:00:00,
Neuss,1422,2017-08-11 11:00:00,2017-08-11 12:00:00,
Neuss,1422,2017-08-12 11:00:00,2017-08-12 12:00:00,
Neuss,1422,2017-08-13 11:00:00,2017-08-13 12:00:00,
Neuss,1422,2017-08-14 11:00:00,2017-08-14 12:00:00,
Neuss,1422,2017-08-15 11:00:00,2017-08-15 12:00:00,
Neuss,1422,2017-08-16 11:00:00,2017-08-16 12:00:00,
Neuss,1422,2017-08-17 11:00:00,2017-08-17 12:00:00,
Neuss,1422,2017-08-18 11:00:00,2017-08-18 12:00:00,
Neuss,1422,2017-08-19 11:00:00,2017-08-19 12:00:00,
Neuss,1422,2017-08-20 11:00:00,2017-08-20 12:00:00,
Neuss,1422,2017-08-21 11:00:00,2017-08-21 12:00:00,
Neuss,1422,2017-08-22 11:00:00,2017-08-22 12:00:00,
Neuss,1422,2017-08-23 11:00:00,2017-08-23 12:00:00,
Neuss,1422,2017-08-24 11:00:00,2017-08-24 12:00:00,
Neuss,1422,2017-08-25 11:00:00,2017-08-25 12:00:00,
Neuss,1422,2017-08-26 11:00:00,2017-08-26 12:00:00,
Neuss,1422,2017-08-27 11:00:00,2017-08-27 12:00:00,
Neuss,1422,2017-08-28 11:00:00,2017-08-28 12:00:00,
Neuss,1422,2017-08-29 11:00:00,2017-08-29 12:00:00,
Neuss,1422,2017-08-30 11:00:00,2017-08-30 12:00:00,
Neuss,1422,2017-08-31 11:00:00,2017-08-31 12:00:00,
Neuss,1422,2017-09-01 11:00:00,2017-09-01 12:00:00,
Neuss,1422,2017-09-02 11:00:00,2017-09-02 12:00:00,
Neuss,1422,2017-09-03 11:00:00,2017-09-03 12:00:00,
Neuss,1422,2017-09-04 11:00:00,2017-09-04 12:00:00,
Neuss,1422,2017-09-05 11:00:00,2017-09-05 12:00:00,
Neuss,1422,2017-09-06 11:00:00,2017-09-06 12:00:00,
Neuss,1422,2017-09-07 11:00:00,2017-09-07 12:00:00,
Neuss,1422,2017-09-08 11:00:00,2017-09-08 12:00:00,
Neuss,1422,2017-09-09 11:00:00,2017-09-09 12:00:00,
Neuss,1422,2017-09-10 11:00:00,2017-09-10 12:00:00,
Neuss,1422,2017-09-11 11:00:00,2017-09-11 12:00:00,
Neuss,1422,2017-09-12 11:00:00,2017-09-12 12:00:00,
Neuss,1422,2017-09-13 11:00:00,2017-09-13 12:00:00,
Neuss,1422,2017-09-14 11:00:00,2017-09-14 12:00:00,6.0
Neuss,1422,2017-09-15 11:00:00,2017-09-15 12:00:00,11.0
Neuss,1422,2017-09-16 11:00:00,2017-09-16 12:00:00,11.0
Neuss,1422,2017-09-17 11:00:00,2017-09-17 12:00:00,7.0
Neuss,1422,2017-09-18 11:00:00,2017-09-18 12:00:00,12.0
Neuss,1422,2017-09-19 11:00:00,2017-09-19 12:00:00,19.0
Neuss,1422,2017-09-20 11:00:00,2017-09-20 12:00:00,22.0
Neuss,1422,2017-09-21 11:00:00,2017-09-21 12:00:00,18.0
Neuss,1422,2017-09-22 11:00:00,2017-09-22 12:00:00,22.0
Neuss,1422,2017-09-23 11:00:00,2017-09-23 12:00:00,
Neuss,1422,2017-09-24 11:00:00,2017-09-24 12:00:00,
Neuss,1422,2017-09-25 11:00:00,2017-09-25 12:00:00,
Neuss,1422,2017-09-26 11:00:00,2017-09-26 12:00:00,21.0
Neuss,1422,2017-09-27 11:00:00,2017-09-27 12:00:00,21.0
Neuss,1422,2017-09-28 11:00:00,2017-09-28 12:00:00,24.0
Neuss,1422,2017-09-29 11:00:00,2017-09-29 12:00:00,16.0
Neuss,1422,2017-09-30 11:00:00,2017-09-30 12:00:00,8.0
Neuss,1422,2017-10-01 11:00:00,2017-10-01 12:00:00,14.0
Neuss,1422,2017-10-02 11:00:00,2017-10-02 12:00:00,12.0
Neuss,1422,2017-10-03 11:00:00,2017-10-03 12:00:00,12.0
Neuss,1422,2017-10-04 11:00:00,2017-10-04 12:00:00,12.0
Neuss,1422,2017-10-05 11:00:00,2017-10-05 12:00:00,8.0
Neuss,1422,2017-10-06 11:00:00,2017-10-06 12:00:00,8.0
Neuss,1422,2017-10-07 11:00:00,2017-10-07 12:00:00,8.0
Neuss,1422,2017-10-08 11:00:00,2017-10-08 12:00:00,9.0
Neuss,1422,2017-10-09 11:00:00,2017-10-09 12:00:00,20.0
Neuss,1422,2017-10-10 11:00:00,2017-10-10 12:00:00,14.0
Neuss,1422,2017-10-11 11:00:00,2017-10-11 12:00:00,13.0
Neuss,1422,2017-10-12 11:00:00,2017-10-12 12:00:00,14.0
Neuss,1422,2017-10-13 11:00:00,2017-10-13 12:00:00,20.0
Neuss,1422,2017-10-14 11:00:00,2017-10-14 12:00:00,15.0
Neuss,1422,2017-10-15 11:00:00,2017-10-15 12:00:00,16.0
Neuss,1422,2017-10-16 11:00:00,2017-10-16 12:00:00,25.0
Neuss,1422,2017-10-17 11:00:00,2017-10-17 12:00:00,41.0
Neuss,1422,2017-10-18 11:00:00,2017-10-18 12:00:00,32.0
Neuss,1422,2017-10-19 11:00:00,2017-10-19 12:00:00,29.0
Neuss,1422,2017-10-20 11:00:00,2017-10-20 12:00:00,16.0
Neuss,1422,2017-10-21 11:00:00,2017-10-21 12:00:00,15.0
Neuss,1422,2017-10-22 11:00:00,2017-10-22 12:00:00,11.0
Neuss,1422,2017-10-23 11:00:00,2017-10-23 12:00:00,16.0
Neuss,1422,2017-10-24 11:00:00,2017-10-24 12:00:00,9.0
Neuss,1422,2017-10-25 11:00:00,2017-10-25 12:00:00,14.0
Neuss,1422,2017-10-26 11:00:00,2017-10-26 12:00:00,20.0
Neuss,1422,2017-10-27 11:00:00,2017-10-27 12:00:00,15.0
Neuss,1422,2017-10-28 11:00:00,2017-10-28 12:00:00,15.0
Neuss,1422,2017-10-29 11:00:00,2017-10-29 12:00:00,14.0
Neuss,1422,2017-10-30 11:00:00,2017-10-30 12:00:00,15.0
Neuss,1422,2017-10-31 11:00:00,2017-10-31 12:00:00,19.0
Neuss,1422,2017-11-01 11:00:00,2017-11-01 12:00:00,19.0
Neuss,1422,2017-11-02 11:00:00,2017-11-02 12:00:00,40.0
Neuss,1422,2017-11-03 11:00:00,2017-11-03 12:00:00,48.0
Neuss,1422,2017-11-04 11:00:00,2017-11-04 12:00:00,
Neuss,1422,2017-11-05 11:00:00,2017-11-05 12:00:00,
Neuss,1422,2017-11-06 11:00:00,2017-11-06 12:00:00,
Neuss,1422,2017-11-07 11:00:00,2017-11-07 12:00:00,35.0
Neuss,1422,2017-11-08 11:00:00,2017-11-08 12:00:00,40.0
Neuss,1422,2017-11-09 11:00:00,2017-11-09 12:00:00,41.0
Neuss,1422,2017-11-10 11:00:00,2017-11-10 12:00:00,16.0
Neuss,1422,2017-11-11 11:00:00,2017-11-11 12:00:00,17.0
Neuss,1422,2017-11-12 11:00:00,2017-11-12 12:00:00,19.0
Neuss,1422,2017-11-13 11:00:00,2017-11-13 12:00:00,11.0
Neuss,1422,2017-11-14 11:00:00,2017-11-14 12:00:00,29.0
Neuss,1422,2017-11-15 11:00:00,2017-11-15 12:00:00,25.0
Neuss,1422,2017-11-16 11:00:00,2017-11-16 12:00:00,27.0
Neuss,1422,2017-11-17 11:00:00,2017-11-17 12:00:00,28.0
Neuss,1422,2017-11-18 11:00:00,2017-11-18 12:00:00,21.0
Neuss,1422,2017-11-19 11:00:00,2017-11-19 12:00:00,13.0
Neuss,1422,2017-11-20 11:00:00,2017-11-20 12:00:00,15.0
Neuss,1422,2017-11-21 11:00:00,2017-11-21 12:00:00,11.0
Neuss,1422,2017-11-22 11:00:00,2017-11-22 12:00:00,19.0
Neuss,1422,2017-11-23 11:00:00,2017-11-23 12:00:00,20.0
Neuss,1422,2017-11-24 11:00:00,2017-11-24 12:00:00,17.0
Neuss,1422,2017-11-25 11:00:00,2017-11-25 12:00:00,12.0
Neuss,1422,2017-11-26 11:00:00,2017-11-26 12:00:00,14.0
Neuss,1422,2017-11-27 11:00:00,2017-11-27 12:00:00,9.0
Neuss,1422,2017-11-28 11:00:00,2017-11-28 12:00:00,14.0
Neuss,1422,2017-11-29 11:00:00,2017-11-29 12:00:00,27.0
Neuss,1422,2017-11-30 11:00:00,2017-11-30 12:00:00,25.0
Neuss,1422,2017-12-01 11:00:00,2017-12-01 12:00:00,34.0
Neuss,1422,2017-12-02 11:00:00,2017-12-02 12:00:00,43.0
Neuss,1422,2017-12-03 11:00:00,2017-12-03 12:00:00,24.0
Neuss,1422,2017-12-04 11:00:00,2017-12-04 12:00:00,27.0
Neuss,1422,2017-12-05 11:00:00,2017-12-05 12:00:00,30.0
Neuss,1422,2017-12-06 11:00:00,2017-12-06 12:00:00,23.0
Neuss,1422,2017-12-07 11:00:00,2017-12-07 12:00:00,17.0
Neuss,1422,2017-12-08 11:00:00,2017-12-08 12:00:00,14.0
Neuss,1422,2017-12-09 11:00:00,2017-12-09 12:00:00,16.0
Neuss,1422,2017-12-10 11:00:00,2017-12-10 12:00:00,12.0
Neuss,1422,2017-12-11 11:00:00,2017-12-11 12:00:00,14.0
Neuss,1422,2017-12-12 11:00:00,2017-12-12 12:00:00,17.0
Neuss,1422,2017-12-13 11:00:00,2017-12-13 12:00:00,15.0
Neuss,1422,2017-12-14 11:00:00,2017-12-14 12:00:00,11.0
Neuss,1422,2017-12-15 11:00:00,2017-12-15 12:00:00,16.0
Neuss,1422,2017-12-16 11:00:00,2017-12-16 12:00:00,18.0
Neuss,1422,2017-12-17 11:00:00,2017-12-17 12:00:00,21.0
Neuss,1422,2017-12-18 11:00:00,2017-12-18 12:00:00,20.0
Neuss,1422,2017-12-19 11:00:00,2017-12-19 12:00:00,33.0
Neuss,1422,2017-12-20 11:00:00,2017-12-20 12:00:00,31.0
Neuss,1422,2017-12-21 11:00:00,2017-12-21 12:00:00,20.0
Neuss,1422,2017-12-22 11:00:00,2017-12-22 12:00:00,14.0
Neuss,1422,2017-12-23 11:00:00,2017-12-23 12:00:00,17.0
Neuss,1422,2017-12-24 11:00:00,2017-12-24 12:00:00,6.0
Neuss,1422,2017-12-25 11:00:00,2017-12-25 12:00:00,4.0
Neuss,1422,2017-12-26 11:00:00,2017-12-26 12:00:00,7.0
Neuss,1422,2017-12-27 11:00:00,2017-12-27 12:00:00,8.0
Neuss,1422,2017-12-28 11:00:00,2017-12-28 12:00:00,15.0
Neuss,1422,2017-12-29 11:00:00,2017-12-29 12:00:00,13.0
Neuss,1422,2017-12-30 11:00:00,2017-12-30 12:00:00,19.0
Neuss,1422,2017-12-31 11:00:00,2017-12-31 12:00:00,9.0
Neuss,1422,2018-01-01 11:00:00,2018-01-01 12:00:00,11.0
Neuss,1422,2018-01-02 11:00:00,2018-01-02 12:00:00,13.0
Neuss,1422,2018-01-03 11:00:00,2018-01-03 12:00:00,10.0
Neuss,1422,2018-01-04 11:00:00,2018-01-04 12:00:00,19.0
Neuss,1422,2018-01-05 11:00:00,2018-01-05 12:00:00,16.0
Neuss,1422,2018-01-06 11:00:00,2018-01-06 12:00:00,21.0
Neuss,1422,2018-01-07 11:00:00,2018-01-07 12:00:00,14.0
Neuss,1422,2018-01-08 11:00:00,2018-01-08 12:00:00,19.0
Neuss,1422,2018-01-09 11:00:00,2018-01-09 12:00:00,24.0
Neuss,1422,2018-01-10 11:00:00,2018-01-10 12:00:00,19.0
Neuss,1422,2018-01-11 11:00:00,2018-01-11 12:00:00,27.0
Neuss,1422,2018-01-12 11:00:00,2018-01-12 12:00:00,57.0
Neuss,1422,2018-01-13 11:00:00,2018-01-13 12:00:00,35.0
Neuss,1422,2018-01-14 11:00:00,2018-01-14 12:00:00,18.0
Neuss,1422,2018-01-15 11:00:00,2018-01-15 12:00:00,21.0
Neuss,1422,2018-01-16 11:00:00,2018-01-16 12:00:00,11.0
Neuss,1422,2018-01-17 11:00:00,2018-01-17 12:00:00,17.0
Neuss,1422,2018-01-18 11:00:00,2018-01-18 12:00:00,14.0
Neuss,1422,2018-01-19 11:00:00,2018-01-19 12:00:00,16.0
Neuss,1422,2018-01-20 11:00:00,2018-01-20 12:00:00,15.0
Neuss,1422,2018-01-21 11:00:00,2018-01-21 12:00:00,19.0
Neuss,1422,2018-01-22 11:00:00,2018-01-22 12:00:00,19.0
Neuss,1422,2018-01-23 11:00:00,2018-01-23 12:00:00,33.0
Neuss,1422,2018-01-24 11:00:00,2018-01-24 12:00:00,20.0
Neuss,1422,2018-01-25 11:00:00,2018-01-25 12:00:00,20.0
Neuss,1422,2018-01-26 11:00:00,2018-01-26 12:00:00,28.0
Neuss,1422,2018-01-27 11:00:00,2018-01-27 12:00:00,38.0
Neuss,1422,2018-01-28 11:00:00,2018-01-28 12:00:00,13.0
Neuss,1422,2018-01-29 11:00:00,2018-01-29 12:00:00,11.0
Neuss,1422,2018-01-30 11:00:00,2018-01-30 12:00:00,29.0
Neuss,1422,2018-01-31 11:00:00,2018-01-31 12:00:00,11.0
Neuss,1422,2018-02-01 11:00:00,2018-02-01 12:00:00,16.0
Neuss,1422,2018-02-02 11:00:00,2018-02-02 12:00:00,14.0
Neuss,1422,2018-02-03 11:00:00,2018-02-03 12:00:00,18.0
Neuss,1422,2018-02-04 11:00:00,2018-02-04 12:00:00,17.0
Neuss,1422,2018-02-05 11:00:00,2018-02-05 12:00:00,21.0
Neuss,1422,2018-02-06 11:00:00,2018-02-06 12:00:00,30.0
Neuss,1422,2018-02-07 11:00:00,2018-02-07 12:00:00,42.0
Neuss,1422,2018-02-08 11:00:00,2018-02-08 12:00:00,55.0
Neuss,1422,2018-02-09 11:00:00,2018-02-09 12:00:00,53.0
Neuss,1422,2018-02-10 11:00:00,2018-02-10 12:00:00,22.0
Neuss,1422,2018-02-11 11:00:00,2018-02-11 12:00:00,9.0
Neuss,1422,2018-02-12 11:00:00,2018-02-12 12:00:00,15.0
Neuss,1422,2018-02-13 11:00:00,2018-02-13 12:00:00,20.0
Neuss,1422,2018-02-14 11:00:00,2018-02-14 12:00:00,26.0
Neuss,1422,2018-02-15 11:00:00,2018-02-15 12:00:00,24.0
Neuss,1422,2018-02-16 11:00:00,2018-02-16 12:00:00,33.0
Neuss,1422,2018-02-17 11:00:00,2018-02-17 12:00:00,30.0
Neuss,1422,2018-02-18 11:00:00,2018-02-18 12:00:00,31.0
Neuss,1422,2018-02-19 11:00:00,2018-02-19 12:00:00,45.0
Neuss,1422,2018-02-20 11:00:00,2018-02-20 12:00:00,47.0
Neuss,1422,2018-02-21 11:00:00,2018-02-21 12:00:00,50.0
Neuss,1422,2018-02-22 11:00:00,2018-02-22 12:00:00,26.0
Neuss,1422,2018-02-23 11:00:00,2018-02-23 12:00:00,23.0
Neuss,1422,2018-02-24 11:00:00,2018-02-24 12:00:00,19.0
Neuss,1422,2018-02-25 11:00:00,2018-02-25 12:00:00,14.0
Neuss,1422,2018-02-26 11:00:00,2018-02-26 12:00:00,18.0
Neuss,1422,2018-02-27 11:00:00,2018-02-27 12:00:00,19.0
Neuss,1422,2018-02-28 11:00:00,2018-02-28 12:00:00,38.0
Neuss,1422,2018-03-01 11:00:00,2018-03-01 12:00:00,34.0
Neuss,1422,2018-03-02 11:00:00,2018-03-02 12:00:00,52.0
Neuss,1422,2018-03-03 11:00:00,2018-03-03 12:00:00,56.0
Neuss,1422,2018-03-04 11:00:00,2018-03-04 12:00:00,37.0
Neuss,1422,2018-03-05 11:00:00,2018-03-05 12:00:00,17.0
Neuss,1422,2018-03-06 11:00:00,2018-03-06 12:00:00,26.0
Neuss,1422,2018-03-07 11:00:00,2018-03-07 12:00:00,25.0
Neuss,1422,2018-03-08 11:00:00,2018-03-08 12:00:00,16.0
Neuss,1422,2018-03-09 11:00:00,2018-03-09 12:00:00,20.0
Neuss,1422,2018-03-10 11:00:00,2018-03-10 12:00:00,15.0
Neuss,1422,2018-03-11 11:00:00,2018-03-11 12:00:00,10.0
Neuss,1422,2018-03-12 11:00:00,2018-03-12 12:00:00,13.0
Neuss,1422,2018-03-13 11:00:00,2018-03-13 12:00:00,8.0
Neuss,1422,2018-03-14 11:00:00,2018-03-14 12:00:00,25.0
Neuss,1422,2018-03-15 11:00:00,2018-03-15 12:00:00,23.0
Neuss,1422,2018-03-16 11:00:00,2018-03-16 12:00:00,18.0
Neuss,1422,2018-03-17 11:00:00,2018-03-17 12:00:00,16.0
Neuss,1422,2018-03-18 11:00:00,2018-03-18 12:00:00,21.0
Neuss,1422,2018-03-19 11:00:00,2018-03-19 12:00:00,20.0
Neuss,1422,2018-03-20 11:00:00,2018-03-20 12:00:00,18.0
Neuss,1422,2018-03-21 11:00:00,2018-03-21 12:00:00,24.0
Neuss,1422,2018-03-22 11:00:00,2018-03-22 12:00:00,26.0
Neuss,1422,2018-03-23 11:00:00,2018-03-23 12:00:00,26.0
Neuss,1422,2018-03-24 11:00:00,2018-03-24 12:00:00,18.0
Neuss,1422,2018-03-25 11:00:00,2018-03-25 12:00:00,24.0
Neuss,1422,2018-03-26 11:00:00,2018-03-26 12:00:00,30.0
Neuss,1422,2018-03-27 11:00:00,2018-03-27 12:00:00,33.0
Neuss,1422,2018-03-28 11:00:00,2018-03-28 12:00:00,19.0
Neuss,1422,2018-03-29 11:00:00,2018-03-29 12:00:00,19.0
Neuss,1422,2018-03-30 11:00:00,2018-03-30 12:00:00,10.0
Neuss,1422,2018-03-31 11:00:00,2018-03-31 12:00:00,10.0
Neuss,1422,2018-04-01 11:00:00,2018-04-01 12:00:00,18.0
Neuss,1422,2018-04-02 11:00:00,2018-04-02 12:00:00,38.0
Neuss,1422,2018-04-03 11:00:00,2018-04-03 12:00:00,18.0
Neuss,1422,2018-04-04 11:00:00,2018-04-04 12:00:00,18.0
Neuss,1422,2018-04-05 11:00:00,2018-04-05 12:00:00,14.0
Neuss,1422,2018-04-06 11:00:00,2018-04-06 12:00:00,24.0
Neuss,1422,2018-04-07 11:00:00,2018-04-07 12:00:00,18.0
Neuss,1422,2018-04-08 11:00:00,2018-04-08 12:00:00,28.0
Neuss,1422,2018-04-09 11:00:00,2018-04-09 12:00:00,66.0
Neuss,1422,2018-04-10 11:00:00,2018-04-10 12:00:00,35.0
Neuss,1422,2018-04-11 11:00:00,2018-04-11 12:00:00,21.0
Neuss,1422,2018-04-12 11:00:00,2018-04-12 12:00:00,41.0
Neuss,1422,2018-04-13 11:00:00,2018-04-13 12:00:00,48.0
Neuss,1422,2018-04-14 11:00:00,2018-04-14 12:00:00,44.0
Neuss,1422,2018-04-15 11:00:00,2018-04-15 12:00:00,15.0
Neuss,1422,2018-04-16 11:00:00,2018-04-16 12:00:00,23.0
Neuss,1422,2018-04-17 11:00:00,2018-04-17 12:00:00,39.0
Neuss,1422,2018-04-18 11:00:00,2018-04-18 12:00:00,39.0
Neuss,1422,2018-04-19 11:00:00,2018-04-19 12:00:00,33.0
Neuss,1422,2018-04-20 11:00:00,2018-04-20 12:00:00,39.0
Neuss,1422,2018-04-21 11:00:00,2018-04-21 12:00:00,50.0
Neuss,1422,2018-04-22 11:00:00,2018-04-22 12:00:00,31.0
Neuss,1422,2018-04-23 11:00:00,2018-04-23 12:00:00,29.0
Neuss,1422,2018-04-24 11:00:00,2018-04-24 12:00:00,19.0
Neuss,1422,2018-04-25 11:00:00,2018-04-25 12:00:00,19.0
Neuss,1422,2018-04-26 11:00:00,2018-04-26 12:00:00,18.0
Neuss,1422,2018-04-27 11:00:00,2018-04-27 12:00:00,27.0
Neuss,1422,2018-04-28 11:00:00,2018-04-28 12:00:00,18.0
Neuss,1422,2018-04-29 11:00:00,2018-04-29 12:00:00,18.0
Neuss,1422,2018-04-30 11:00:00,2018-04-30 12:00:00,22.0
Neuss,1422,2018-05-01 11:00:00,2018-05-01 12:00:00,15.0
Neuss,1422,2018-05-02 11:00:00,2018-05-02 12:00:00,27.0
Neuss,1422,2018-05-03 11:00:00,2018-05-03 12:00:00,17.0
Neuss,1422,2018-05-04 11:00:00,2018-05-04 12:00:00,20.0
Neuss,1422,2018-05-05 11:00:00,2018-05-05 12:00:00,19.0
Neuss,1422,2018-05-06 11:00:00,2018-05-06 12:00:00,14.0
Neuss,1422,2018-05-07 11:00:00,2018-05-07 12:00:00,20.0
Neuss,1422,2018-05-08 11:00:00,2018-05-08 12:00:00,30.0
Neuss,1422,2018-05-09 11:00:00,2018-05-09 12:00:00,35.0
Neuss,1422,2018-05-10 11:00:00,2018-05-10 12:00:00,22.0
Neuss,1422,2018-05-11 11:00:00,2018-05-11 12:00:00,21.0
Neuss,1422,2018-05-12 11:00:00,2018-05-12 12:00:00,18.0
Neuss,1422,2018-05-13 11:00:00,2018-05-13 12:00:00,30.0
Neuss,1422,2018-05-14 11:00:00,2018-05-14 12:00:00,35.0
Neuss,1422,2018-05-15 11:00:00,2018-05-15 12:00:00,25.0
Neuss,1422,2018-05-16 11:00:00,2018-05-16 12:00:00,27.0
Neuss,1422,2018-05-17 11:00:00,2018-05-17 12:00:00,23.0
Neuss,1422,2018-05-18 11:00:00,2018-05-18 12:00:00,23.0
Neuss,1422,2018-05-19 11:00:00,2018-05-19 12:00:00,25.0
Neuss,1422,2018-05-20 11:00:00,2018-05-20 12:00:00,26.0
Neuss,1422,2018-05-21 11:00:00,2018-05-21 12:00:00,15.0
Neuss,1422,2018-05-22 11:00:00,2018-05-22 12:00:00,26.0
Neuss,1422,2018-05-23 11:00:00,2018-05-23 12:00:00,30.0
Neuss,1422,2018-05-24 11:00:00,2018-05-24 12:00:00,16.0
Neuss,1422,2018-05-25 11:00:00,2018-05-25 12:00:00,21.0
Neuss,1422,2018-05-26 11:00:00,2018-05-26 12:00:00,23.0
Neuss,1422,2018-05-27 11:00:00,2018-05-27 12:00:00,19.0
Neuss,1422,2018-05-28 11:00:00,2018-05-28 12:00:00,21.0
Neuss,1422,2018-05-29 11:00:00,2018-05-29 12:00:00,28.0
Neuss,1422,2018-05-30 11:00:00,2018-05-30 12:00:00,14.0
Neuss,1422,2018-05-31 11:00:00,2018-05-31 12:00:00,12.0
Neuss,1422,2018-06-01 11:00:00,2018-06-01 12:00:00,29.0
Neuss,1422,2018-06-02 11:00:00,2018-06-02 12:00:00,18.0
Neuss,1422,2018-06-03 11:00:00,2018-06-03 12:00:00,20.0
Neuss,1422,2018-06-04 11:00:00,2018-06-04 12:00:00,19.0
Neuss,1422,2018-06-05 11:00:00,2018-06-05 12:00:00,30.0
Neuss,1422,2018-06-06 11:00:00,2018-06-06 12:00:00,25.0
Neuss,1422,2018-06-07 11:00:00,2018-06-07 12:00:00,35.0
Neuss,1422,2018-06-08 11:00:00,2018-06-08 12:00:00,28.0
Neuss,1422,2018-06-09 11:00:00,2018-06-09 12:00:00,31.0
Neuss,1422,2018-06-10 11:00:00,2018-06-10 12:00:00,23.0
Neuss,1422,2018-06-11 11:00:00,2018-06-11 12:00:00,12.0
Neuss,1422,2018-06-12 11:00:00,2018-06-12 12:00:00,13.0
Neuss,1422,2018-06-13 11:00:00,2018-06-13 12:00:00,6.0
Neuss,1422,2018-06-14 11:00:00,2018-06-14 12:00:00,21.0
Neuss,1422,2018-06-15 11:00:00,2018-06-15 12:00:00,17.0
Neuss,1422,2018-06-16 11:00:00,2018-06-16 12:00:00,26.0
Neuss,1422,2018-06-17 11:00:00,2018-06-17 12:00:00,8.0
Neuss,1422,2018-06-18 11:00:00,2018-06-18 12:00:00,11.0
Neuss,1422,2018-06-19 11:00:00,2018-06-19 12:00:00,8.0
Neuss,1422,2018-06-20 11:00:00,2018-06-20 12:00:00,13.0
Neuss,1422,2018-06-21 11:00:00,2018-06-21 12:00:00,14.0
Neuss,1422,2018-06-22 11:00:00,2018-06-22 12:00:00,11.0
Neuss,1422,2018-06-23 11:00:00,2018-06-23 12:00:00,14.0
Neuss,1422,2018-06-24 11:00:00,2018-06-24 12:00:00,10.0
Neuss,1422,2018-06-25 11:00:00,2018-06-25 12:00:00,7.0
Neuss,1422,2018-06-26 11:00:00,2018-06-26 12:00:00,24.0
Neuss,1422,2018-06-27 11:00:00,2018-06-27 12:00:00,15.0
Neuss,1422,2018-06-28 11:00:00,2018-06-28 12:00:00,12.0
Neuss,1422,2018-06-29 11:00:00,2018-06-29 12:00:00,12.0
Neuss,1422,2018-06-30 11:00:00,2018-06-30 12:00:00,15.0
Neuss,1422,2018-07-01 11:00:00,2018-07-01 12:00:00,7.0
Neuss,1422,2018-07-02 11:00:00,2018-07-02 12:00:00,11.0
Neuss,1422,2018-07-03 11:00:00,2018-07-03 12:00:00,15.0
Neuss,1422,2018-07-04 11:00:00,2018-07-04 12:00:00,26.0
Neuss,1422,2018-07-05 11:00:00,2018-07-05 12:00:00,19.0
Neuss,1422,2018-07-06 11:00:00,2018-07-06 12:00:00,12.0
Neuss,1422,2018-07-07 11:00:00,2018-07-07 12:00:00,10.0
Neuss,1422,2018-07-08 11:00:00,2018-07-08 12:00:00,10.0
Neuss,1422,2018-07-09 11:00:00,2018-07-09 12:00:00,11.0
Neuss,1422,2018-07-10 11:00:00,2018-07-10 12:00:00,9.0
Neuss,1422,2018-07-11 11:00:00,2018-07-11 12:00:00,13.0
Neuss,1422,2018-07-12 11:00:00,2018-07-12 12:00:00,20.0
Neuss,1422,2018-07-13 11:00:00,2018-07-13 12:00:00,20.0
Neuss,1422,2018-07-14 11:00:00,2018-07-14 12:00:00,19.0
Neuss,1422,2018-07-15 11:00:00,2018-07-15 12:00:00,8.0
Neuss,1422,2018-07-16 11:00:00,2018-07-16 12:00:00,16.0
Neuss,1422,2018-07-17 11:00:00,2018-07-17 12:00:00,23.0
Neuss,1422,2018-07-18 11:00:00,2018-07-18 12:00:00,23.0
Neuss,1422,2018-07-19 11:00:00,2018-07-19 12:00:00,31.0
Neuss,1422,2018-07-20 11:00:00,2018-07-20 12:00:00,27.0
Neuss,1422,2018-07-21 11:00:00,2018-07-21 12:00:00,21.0
Neuss,1422,2018-07-22 11:00:00,2018-07-22 12:00:00,17.0
Neuss,1422,2018-07-23 11:00:00,2018-07-23 12:00:00,27.0
Neuss,1422,2018-07-24 11:00:00,2018-07-24 12:00:00,28.0
Neuss,1422,2018-07-25 11:00:00,2018-07-25 12:00:00,31.0
Neuss,1422,2018-07-26 11:00:00,2018-07-26 12:00:00,33.0
Neuss,1422,2018-07-27 11:00:00,2018-07-27 12:00:00,18.0
Neuss,1422,2018-07-28 11:00:00,2018-07-28 12:00:00,19.0
Neuss,1422,2018-07-29 11:00:00,2018-07-29 12:00:00,15.0
Neuss,1422,2018-07-30 11:00:00,2018-07-30 12:00:00,22.0
Neuss,1422,2018-07-31 11:00:00,2018-07-31 12:00:00,22.0
Neuss,1422,2018-08-01 11:00:00,2018-08-01 12:00:00,17.0
Neuss,1422,2018-08-02 11:00:00,2018-08-02 12:00:00,23.0
Neuss,1422,2018-08-03 11:00:00,2018-08-03 12:00:00,29.0
Neuss,1422,2018-08-04 11:00:00,2018-08-04 12:00:00,17.0
Neuss,1422,2018-08-05 11:00:00,2018-08-05 12:00:00,13.0
Neuss,1422,2018-08-06 11:00:00,2018-08-06 12:00:00,17.0
Neuss,1422,2018-08-07 11:00:00,2018-08-07 12:00:00,28.0
Neuss,1422,2018-08-08 11:00:00,2018-08-08 12:00:00,29.0
Neuss,1422,2018-08-09 11:00:00,2018-08-09 12:00:00,20.0
Neuss,1422,2018-08-10 11:00:00,2018-08-10 12:00:00,13.0
Neuss,1422,2018-08-11 11:00:00,2018-08-11 12:00:00,11.0
Neuss,1422,2018-08-12 11:00:00,2018-08-12 12:00:00,12.0
Neuss,1422,2018-08-13 11:00:00,2018-08-13 12:00:00,13.0
Neuss,1422,2018-08-14 11:00:00,2018-08-14 12:00:00,14.0
Neuss,1422,2018-08-15 11:00:00,2018-08-15 12:00:00,19.0
Neuss,1422,2018-08-16 11:00:00,2018-08-16 12:00:00,25.0
Neuss,1422,2018-08-17 11:00:00,2018-08-17 12:00:00,16.0
Neuss,1422,2018-08-18 11:00:00,2018-08-18 12:00:00,17.0
Neuss,1422,2018-08-19 11:00:00,2018-08-19 12:00:00,17.0
Neuss,1422,2018-08-20 11:00:00,2018-08-20 12:00:00,16.0
Neuss,1422,2018-08-21 11:00:00,2018-08-21 12:00:00,14.0
Neuss,1422,2018-08-22 11:00:00,2018-08-22 12:00:00,30.0
Neuss,1422,2018-08-23 11:00:00,2018-08-23 12:00:00,30.0
Neuss,1422,2018-08-24 11:00:00,2018-08-24 12:00:00,14.0
Neuss,1422,2018-08-25 11:00:00,2018-08-25 12:00:00,13.0
Neuss,1422,2018-08-26 11:00:00,2018-08-26 12:00:00,11.0
Neuss,1422,2018-08-27 11:00:00,2018-08-27 12:00:00,15.0
Neuss,1422,2018-08-28 11:00:00,2018-08-28 12:00:00,21.0
Neuss,1422,2018-08-29 11:00:00,2018-08-29 12:00:00,26.0
Neuss,1422,2018-08-30 11:00:00,2018-08-30 12:00:00,13.0
Neuss,1422,2018-08-31 11:00:00,2018-08-31 12:00:00,11.0
Neuss,1422,2018-09-01 11:00:00,2018-09-01 12:00:00,12.0
Neuss,1422,2018-09-02 11:00:00,2018-09-02 12:00:00,11.0
Neuss,1422,2018-09-03 11:00:00,2018-09-03 12:00:00,27.0
Neuss,1422,2018-09-04 11:00:00,2018-09-04 12:00:00,42.0
Neuss,1422,2018-09-05 11:00:00,2018-09-05 12:00:00,40.0
Neuss,1422,2018-09-06 11:00:00,2018-09-06 12:00:00,31.0
Neuss,1422,2018-09-07 11:00:00,2018-09-07 12:00:00,25.0
Neuss,1422,2018-09-08 11:00:00,2018-09-08 12:00:00,18.0
Neuss,1422,2018-09-09 11:00:00,2018-09-09 12:00:00,14.0
Neuss,1422,2018-09-10 11:00:00,2018-09-10 12:00:00,22.0
Neuss,1422,2018-09-11 11:00:00,2018-09-11 12:00:00,27.0
Neuss,1422,2018-09-12 11:00:00,2018-09-12 12:00:00,21.0
Neuss,1422,2018-09-13 11:00:00,2018-09-13 12:00:00,19.0
Neuss,1422,2018-09-14 11:00:00,2018-09-14 12:00:00,26.0
Neuss,1422,2018-09-15 11:00:00,2018-09-15 12:00:00,16.0
Neuss,1422,2018-09-16 11:00:00,2018-09-16 12:00:00,17.0
Neuss,1422,2018-09-17 11:00:00,2018-09-17 12:00:00,25.0
Neuss,1422,2018-09-18 11:00:00,2018-09-18 12:00:00,25.0
Neuss,1422,2018-09-19 11:00:00,2018-09-19 12:00:00,31.0
Neuss,1422,2018-09-20 11:00:00,2018-09-20 12:00:00,31.0
Neuss,1422,2018-09-21 11:00:00,2018-09-21 12:00:00,16.0
Neuss,1422,2018-09-22 11:00:00,2018-09-22 12:00:00,8.0
Neuss,1422,2018-09-23 11:00:00,2018-09-23 12:00:00,6.0
Neuss,1422,2018-09-24 11:00:00,2018-09-24 12:00:00,11.0
Neuss,1422,2018-09-25 11:00:00,2018-09-25 12:00:00,23.0
Neuss,1422,2018-09-26 11:00:00,2018-09-26 12:00:00,21.0
Neuss,1422,2018-09-27 11:00:00,2018-09-27 12:00:00,26.0
Neuss,1422,2018-09-28 11:00:00,2018-09-28 12:00:00,
Neuss,1422,2018-09-29 11:00:00,2018-09-29 12:00:00,15.0
Neuss,1422,2018-09-30 11:00:00,2018-09-30 12:00:00,17.0
Neuss,1422,2018-10-01 11:00:00,2018-10-01 12:00:00,10.0
Neuss,1422,2018-10-02 11:00:00,2018-10-02 12:00:00,13.0
Neuss,1422,2018-10-03 11:00:00,2018-10-03 12:00:00,23.0
Neuss,1422,2018-10-04 11:00:00,2018-10-04 12:00:00,24.0
Neuss,1422,2018-10-05 11:00:00,2018-10-05 12:00:00,18.0
Neuss,1422,2018-10-06 11:00:00,2018-10-06 12:00:00,21.0
Neuss,1422,2018-10-07 11:00:00,2018-10-07 12:00:00,11.0
Neuss,1422,2018-10-08 11:00:00,2018-10-08 12:00:00,31.0
Neuss,1422,2018-10-09 11:00:00,2018-10-09 12:00:00,31.0
Neuss,1422,2018-10-10 11:00:00,2018-10-10 12:00:00,25.0
Neuss,1422,2018-10-11 11:00:00,2018-10-11 12:00:00,22.0
Neuss,1422,2018-10-12 11:00:00,2018-10-12 12:00:00,21.0
Neuss,1422,2018-10-13 11:00:00,2018-10-13 12:00:00,16.0
Neuss,1422,2018-10-14 11:00:00,2018-10-14 12:00:00,18.0
Neuss,1422,2018-10-15 11:00:00,2018-10-15 12:00:00,30.0
Neuss,1422,2018-10-16 11:00:00,2018-10-16 12:00:00,38.0
Neuss,1422,2018-10-17 11:00:00,2018-10-17 12:00:00,39.0
Neuss,1422,2018-10-18 11:00:00,2018-10-18 12:00:00,24.0
Neuss,1422,2018-10-19 11:00:00,2018-10-19 12:00:00,26.0
Neuss,1422,2018-10-20 11:00:00,2018-10-20 12:00:00,31.0
Neuss,1422,2018-10-21 11:00:00,2018-10-21 12:00:00,25.0
Neuss,1422,2018-10-22 11:00:00,2018-10-22 12:00:00,23.0
Neuss,1422,2018-10-23 11:00:00,2018-10-23 12:00:00,25.0
Neuss,1422,2018-10-24 11:00:00,2018-10-24 12:00:00,12.0
Neuss,1422,2018-10-25 11:00:00,2018-10-25 12:00:00,27.0
Neuss,1422,2018-10-26 11:00:00,2018-10-26 12:00:00,27.0
Neuss,1422,2018-10-27 11:00:00,2018-10-27 12:00:00,15.0
Neuss,1422,2018-10-28 11:00:00,2018-10-28 12:00:00,10.0
Neuss,1422,2018-10-29 11:00:00,2018-10-29 12:00:00,10.0
Neuss,1422,2018-10-30 11:00:00,2018-10-30 12:00:00,9.0
Neuss,1422,2018-10-31 11:00:00,2018-10-31 12:00:00,16.0
Neuss,1422,2018-11-01 11:00:00,2018-11-01 12:00:00,12.0
Neuss,1422,2018-11-02 11:00:00,2018-11-02 12:00:00,18.0
Neuss,1422,2018-11-03 11:00:00,2018-11-03 12:00:00,28.0
Neuss,1422,2018-11-04 11:00:00,2018-11-04 12:00:00,20.0
Neuss,1422,2018-11-05 11:00:00,2018-11-05 12:00:00,19.0
Neuss,1422,2018-11-06 11:00:00,2018-11-06 12:00:00,25.0
Neuss,1422,2018-11-07 11:00:00,2018-11-07 12:00:00,24.0
Neuss,1422,2018-11-08 11:00:00,2018-11-08 12:00:00,18.0
Neuss,1422,2018-11-09 11:00:00,2018-11-09 12:00:00,21.0
Neuss,1422,2018-11-10 11:00:00,2018-11-10 12:00:00,11.0
Neuss,1422,2018-11-11 11:00:00,2018-11-11 12:00:00,4.0
Neuss,1422,2018-11-12 11:00:00,2018-11-12 12:00:00,13.0
Neuss,1422,2018-11-13 11:00:00,2018-11-13 12:00:00,24.0
Neuss,1422,2018-11-14 11:00:00,2018-11-14 12:00:00,15.0
Neuss,1422,2018-11-15 11:00:00,2018-11-15 12:00:00,16.0
Neuss,1422,2018-11-16 11:00:00,2018-11-16 12:00:00,22.0
Neuss,1422,2018-11-17 11:00:00,2018-11-17 12:00:00,17.0
Neuss,1422,2018-11-18 11:00:00,2018-11-18 12:00:00,22.0
Neuss,1422,2018-11-19 11:00:00,2018-11-19 12:00:00,12.0
Neuss,1422,2018-11-20 11:00:00,2018-11-20 12:00:00,18.0
Neuss,1422,2018-11-21 11:00:00,2018-11-21 12:00:00,23.0
Neuss,1422,2018-11-22 11:00:00,2018-11-22 12:00:00,22.0
Neuss,1422,2018-11-23 11:00:00,2018-11-23 12:00:00,26.0
Neuss,1422,2018-11-24 11:00:00,2018-11-24 12:00:00,20.0
Neuss,1422,2018-11-25 11:00:00,2018-11-25 12:00:00,26.0
Neuss,1422,2018-11-26 11:00:00,2018-11-26 12:00:00,27.0
Neuss,1422,2018-11-27 11:00:00,2018-11-27 12:00:00,25.0
Neuss,1422,2018-11-28 11:00:00,2018-11-28 12:00:00,24.0
Neuss,1422,2018-11-29 11:00:00,2018-11-29 12:00:00,15.0
Neuss,1422,2018-11-30 11:00:00,2018-11-30 12:00:00,37.0
Neuss,1422,2018-12-01 11:00:00,2018-12-01 12:00:00,26.0
Neuss,1422,2018-12-02 11:00:00,2018-12-02 12:00:00,4.0
Neuss,1422,2018-12-03 11:00:00,2018-12-03 12:00:00,11.0
Neuss,1422,2018-12-04 11:00:00,2018-12-04 12:00:00,20.0
Neuss,1422,2018-12-05 11:00:00,2018-12-05 12:00:00,21.0
Neuss,1422,2018-12-06 11:00:00,2018-12-06 12:00:00,19.0
Neuss,1422,2018-12-07 11:00:00,2018-12-07 12:00:00,26.0
Neuss,1422,2018-12-08 11:00:00,2018-12-08 12:00:00,12.0
Neuss,1422,2018-12-09 11:00:00,2018-12-09 12:00:00,13.0
Neuss,1422,2018-12-10 11:00:00,2018-12-10 12:00:00,13.0
Neuss,1422,2018-12-11 11:00:00,2018-12-11 12:00:00,19.0
Neuss,1422,2018-12-12 11:00:00,2018-12-12 12:00:00,21.0
Neuss,1422,2018-12-13 11:00:00,2018-12-13 12:00:00,16.0
Neuss,1422,2018-12-14 11:00:00,2018-12-14 12:00:00,21.0
Neuss,1422,2018-12-15 11:00:00,2018-12-15 12:00:00,18.0
Neuss,1422,2018-12-16 11:00:00,2018-12-16 12:00:00,25.0
Neuss,1422,2018-12-17 11:00:00,2018-12-17 12:00:00,19.0
Neuss,1422,2018-12-18 11:00:00,2018-12-18 12:00:00,14.0
Neuss,1422,2018-12-19 11:00:00,2018-12-19 12:00:00,19.0
Neuss,1422,2018-12-20 11:00:00,2018-12-20 12:00:00,17.0
Neuss,1422,2018-12-21 11:00:00,2018-12-21 12:00:00,17.0
Neuss,1422,2018-12-22 11:00:00,2018-12-22 12:00:00,17.0
Neuss,1422,2018-12-23 11:00:00,2018-12-23 12:00:00,16.0
Neuss,1422,2018-12-24 11:00:00,2018-12-24 12:00:00,13.0
Neuss,1422,2018-12-25 11:00:00,2018-12-25 12:00:00,23.0
Neuss,1422,2018-12-26 11:00:00,2018-12-26 12:00:00,23.0
Neuss,1422,2018-12-27 11:00:00,2018-12-27 12:00:00,25.0
Neuss,1422,2018-12-28 11:00:00,2018-12-28 12:00:00,34.0
Neuss,1422,2018-12-29 11:00:00,2018-12-29 12:00:00,26.0
Neuss,1422,2018-12-30 11:00:00,2018-12-30 12:00:00,16.0
Neuss,1422,2018-12-31 11:00:00,2018-12-31 12:00:00,23.0
Neuss,1422,2019-01-01 11:00:00,2019-01-01 12:00:00,28.0
Neuss,1422,2019-01-02 11:00:00,2019-01-02 12:00:00,21.0
Neuss,1422,2019-01-03 11:00:00,2019-01-03 12:00:00,15.0
Neuss,1422,2019-01-04 11:00:00,2019-01-04 12:00:00,25.0
Neuss,1422,2019-01-05 11:00:00,2019-01-05 12:00:00,11.0
Neuss,1422,2019-01-06 11:00:00,2019-01-06 12:00:00,14.0
Neuss,1422,2019-01-07 11:00:00,2019-01-07 12:00:00,33.0
Neuss,1422,2019-01-08 11:00:00,2019-01-08 12:00:00,15.0
Neuss,1422,2019-01-09 11:00:00,2019-01-09 12:00:00,13.0
Neuss,1422,2019-01-10 11:00:00,2019-01-10 12:00:00,23.0
Neuss,1422,2019-01-11 11:00:00,2019-01-11 12:00:00,18.0
Neuss,1422,2019-01-12 11:00:00,2019-01-12 12:00:00,14.0
Neuss,1422,2019-01-13 11:00:00,2019-01-13 12:00:00,12.0
Neuss,1422,2019-01-14 11:00:00,2019-01-14 12:00:00,12.0
Neuss,1422,2019-01-15 11:00:00,2019-01-15 12:00:00,19.0
Neuss,1422,2019-01-16 11:00:00,2019-01-16 12:00:00,19.0
Neuss,1422,2019-01-17 11:00:00,2019-01-17 12:00:00,12.0
Neuss,1422,2019-01-18 11:00:00,2019-01-18 12:00:00,24.0
Neuss,1422,2019-01-19 11:00:00,2019-01-19 12:00:00,16.0
Neuss,1422,2019-01-20 11:00:00,2019-01-20 12:00:00,23.0
Neuss,1422,2019-01-21 11:00:00,2019-01-21 12:00:00,47.0
Neuss,1422,2019-01-22 11:00:00,2019-01-22 12:00:00,38.0
Neuss,1422,2019-01-23 11:00:00,2019-01-23 12:00:00,37.0
Neuss,1422,2019-01-24 11:00:00,2019-01-24 12:00:00,51.0
Neuss,1422,2019-01-25 11:00:00,2019-01-25 12:00:00,59.0
Neuss,1422,2019-01-26 11:00:00,2019-01-26 12:00:00,15.0
Neuss,1422,2019-01-27 11:00:00,2019-01-27 12:00:00,6.0
Neuss,1422,2019-01-28 11:00:00,2019-01-28 12:00:00,7.0
Neuss,1422,2019-01-29 11:00:00,2019-01-29 12:00:00,20.0
Neuss,1422,2019-01-30 11:00:00,2019-01-30 12:00:00,20.0
Neuss,1422,2019-01-31 11:00:00,2019-01-31 12:00:00,19.0
Neuss,1422,2019-02-01 11:00:00,2019-02-01 12:00:00,15.0
Neuss,1422,2019-02-02 11:00:00,2019-02-02 12:00:00,31.0
Neuss,1422,2019-02-03 11:00:00,2019-02-03 12:00:00,27.0
Neuss,1422,2019-02-04 11:00:00,2019-02-04 12:00:00,21.0
Neuss,1422,2019-02-05 11:00:00,2019-02-05 12:00:00,16.0
Neuss,1422,2019-02-06 11:00:00,2019-02-06 12:00:00,25.0
Neuss,1422,2019-02-07 11:00:00,2019-02-07 12:00:00,17.0
Neuss,1422,2019-02-08 11:00:00,2019-02-08 12:00:00,9.0
Neuss,1422,2019-02-09 11:00:00,2019-02-09 12:00:00,6.0
Neuss,1422,2019-02-10 11:00:00,2019-02-10 12:00:00,3.0
Neuss,1422,2019-02-11 11:00:00,2019-02-11 12:00:00,12.0
Neuss,1422,2019-02-12 11:00:00,2019-02-12 12:00:00,30.0
Neuss,1422,2019-02-13 11:00:00,2019-02-13 12:00:00,30.0
Neuss,1422,2019-02-14 11:00:00,2019-02-14 12:00:00,24.0
Neuss,1422,2019-02-15 11:00:00,2019-02-15 12:00:00,15.0
Neuss,1422,2019-02-16 11:00:00,2019-02-16 12:00:00,26.0
Neuss,1422,2019-02-17 11:00:00,2019-02-17 12:00:00,23.0
Neuss,1422,2019-02-18 11:00:00,2019-02-18 12:00:00,28.0
Neuss,1422,2019-02-19 11:00:00,2019-02-19 12:00:00,20.0
Neuss,1422,2019-02-20 11:00:00,2019-02-20 12:00:00,30.0
Neuss,1422,2019-02-21 11:00:00,2019-02-21 12:00:00,34.0
Neuss,1422,2019-02-22 11:00:00,2019-02-22 12:00:00,19.0
Neuss,1422,2019-02-23 11:00:00,2019-02-23 12:00:00,13.0
Neuss,1422,2019-02-24 11:00:00,2019-02-24 12:00:00,
Neuss,1422,2019-02-25 11:00:00,2019-02-25 12:00:00,
Neuss,1422,2019-02-26 11:00:00,2019-02-26 12:00:00,35.0
Neuss,1422,2019-02-27 11:00:00,2019-02-27 12:00:00,43.0
Neuss,1422,2019-02-28 11:00:00,2019-02-28 12:00:00,43.0
Neuss,1422,2019-03-01 11:00:00,2019-03-01 12:00:00,24.0
Neuss,1422,2019-03-02 11:00:00,2019-03-02 12:00:00,21.0
Neuss,1422,2019-03-03 11:00:00,2019-03-03 12:00:00,9.0
Neuss,1422,2019-03-04 11:00:00,2019-03-04 12:00:00,8.0
Neuss,1422,2019-03-05 11:00:00,2019-03-05 12:00:00,10.0
Neuss,1422,2019-03-06 11:00:00,2019-03-06 12:00:00,14.0
Neuss,1422,2019-03-07 11:00:00,2019-03-07 12:00:00,11.0
Neuss,1422,2019-03-08 11:00:00,2019-03-08 12:00:00,12.0
Neuss,1422,2019-03-09 11:00:00,2019-03-09 12:00:00,8.0
Neuss,1422,2019-03-10 11:00:00,2019-03-10 12:00:00,9.0
Neuss,1422,2019-03-11 11:00:00,2019-03-11 12:00:00,8.0
Neuss,1422,2019-03-12 11:00:00,2019-03-12 12:00:00,20.0
Neuss,1422,2019-03-13 11:00:00,2019-03-13 12:00:00,8.0
Neuss,1422,2019-03-14 11:00:00,2019-03-14 12:00:00,9.0
Neuss,1422,2019-03-15 11:00:00,2019-03-15 12:00:00,11.0
Neuss,1422,2019-03-16 11:00:00,2019-03-16 12:00:00,6.0
Neuss,1422,2019-03-17 11:00:00,2019-03-17 12:00:00,8.0
Neuss,1422,2019-03-18 11:00:00,2019-03-18 12:00:00,12.0
Neuss,1422,2019-03-19 11:00:00,2019-03-19 12:00:00,28.0
Neuss,1422,2019-03-20 11:00:00,2019-03-20 12:00:00,26.0
Neuss,1422,2019-03-21 11:00:00,2019-03-21 12:00:00,26.0
Neuss,1422,2019-03-22 11:00:00,2019-03-22 12:00:00,31.0
Neuss,1422,2019-03-23 11:00:00,2019-03-23 12:00:00,46.0
Neuss,1422,2019-03-24 11:00:00,2019-03-24 12:00:00,15.0
Neuss,1422,2019-03-25 11:00:00,2019-03-25 12:00:00,13.0
Neuss,1422,2019-03-26 11:00:00,2019-03-26 12:00:00,15.0
Neuss,1422,2019-03-27 11:00:00,2019-03-27 12:00:00,27.0
Neuss,1422,2019-03-28 11:00:00,2019-03-28 12:00:00,30.0
Neuss,1422,2019-03-29 11:00:00,2019-03-29 12:00:00,23.0
Neuss,1422,2019-03-30 11:00:00,2019-03-30 12:00:00,22.0
Neuss,1422,2019-03-31 11:00:00,2019-03-31 12:00:00,30.0
Neuss,1422,2019-04-01 11:00:00,2019-04-01 12:00:00,16.0
Neuss,1422,2019-04-02 11:00:00,2019-04-02 12:00:00,24.0
Neuss,1422,2019-04-03 11:00:00,2019-04-03 12:00:00,12.0
Neuss,1422,2019-04-04 11:00:00,2019-04-04 12:00:00,18.0
Neuss,1422,2019-04-05 11:00:00,2019-04-05 12:00:00,24.0
Neuss,1422,2019-04-06 11:00:00,2019-04-06 12:00:00,26.0
Neuss,1422,2019-04-07 11:00:00,2019-04-07 12:00:00,34.0
Neuss,1422,2019-04-08 11:00:00,2019-04-08 12:00:00,47.0
Neuss,1422,2019-04-09 11:00:00,2019-04-09 12:00:00,35.0
Neuss,1422,2019-04-10 11:00:00,2019-04-10 12:00:00,23.0
Neuss,1422,2019-04-11 11:00:00,2019-04-11 12:00:00,21.0
Neuss,1422,2019-04-12 11:00:00,2019-04-12 12:00:00,14.0
Neuss,1422,2019-04-13 11:00:00,2019-04-13 12:00:00,17.0
Neuss,1422,2019-04-14 11:00:00,2019-04-14 12:00:00,23.0
Neuss,1422,2019-04-15 11:00:00,2019-04-15 12:00:00,20.0
Neuss,1422,2019-04-16 11:00:00,2019-04-16 12:00:00,23.0
Neuss,1422,2019-04-17 11:00:00,2019-04-17 12:00:00,11.0
Neuss,1422,2019-04-18 11:00:00,2019-04-18 12:00:00,19.0
Neuss,1422,2019-04-19 11:00:00,2019-04-19 12:00:00,13.0
Neuss,1422,2019-04-20 11:00:00,2019-04-20 12:00:00,21.0
Neuss,1422,2019-04-21 11:00:00,2019-04-21 12:00:00,30.0
Neuss,1422,2019-04-22 11:00:00,2019-04-22 12:00:00,17.0
Neuss,1422,2019-04-23 11:00:00,2019-04-23 12:00:00,20.0
Neuss,1422,2019-04-24 11:00:00,2019-04-24 12:00:00,27.0
Neuss,1422,2019-04-25 11:00:00,2019-04-25 12:00:00,9.0
Neuss,1422,2019-04-26 11:00:00,2019-04-26 12:00:00,11.0
Neuss,1422,2019-04-27 11:00:00,2019-04-27 12:00:00,10.0
Neuss,1422,2019-04-28 11:00:00,2019-04-28 12:00:00,8.0
Neuss,1422,2019-04-29 11:00:00,2019-04-29 12:00:00,18.0
Neuss,1422,2019-04-30 11:00:00,2019-04-30 12:00:00,25.0
Neuss,1422,2019-05-01 11:00:00,2019-05-01 12:00:00,40.0
Neuss,1422,2019-05-02 11:00:00,2019-05-02 12:00:00,35.0
Neuss,1422,2019-05-03 11:00:00,2019-05-03 12:00:00,14.0
Neuss,1422,2019-05-04 11:00:00,2019-05-04 12:00:00,7.0
Neuss,1422,2019-05-05 11:00:00,2019-05-05 12:00:00,13.0
Neuss,1422,2019-05-06 11:00:00,2019-05-06 12:00:00,19.0
Neuss,1422,2019-05-07 11:00:00,2019-05-07 12:00:00,21.0
Neuss,1422,2019-05-08 11:00:00,2019-05-08 12:00:00,15.0
Neuss,1422,2019-05-09 11:00:00,2019-05-09 12:00:00,8.0
Neuss,1422,2019-05-10 11:00:00,2019-05-10 12:00:00,13.0
Neuss,1422,2019-05-11 11:00:00,2019-05-11 12:00:00,18.0
Neuss,1422,2019-05-12 11:00:00,2019-05-12 12:00:00,11.0
Neuss,1422,2019-05-13 11:00:00,2019-05-13 12:00:00,13.0
Neuss,1422,2019-05-14 11:00:00,2019-05-14 12:00:00,13.0
Neuss,1422,2019-05-15 11:00:00,2019-05-15 12:00:00,14.0
Neuss,1422,2019-05-16 11:00:00,2019-05-16 12:00:00,13.0
Neuss,1422,2019-05-17 11:00:00,2019-05-17 12:00:00,13.0
Neuss,1422,2019-05-18 11:00:00,2019-05-18 12:00:00,14.0
Neuss,1422,2019-05-19 11:00:00,2019-05-19 12:00:00,22.0
Neuss,1422,2019-05-20 11:00:00,2019-05-20 12:00:00,24.0
Neuss,1422,2019-05-21 11:00:00,2019-05-21 12:00:00,16.0
Neuss,1422,2019-05-22 11:00:00,2019-05-22 12:00:00,16.0
Neuss,1422,2019-05-23 11:00:00,2019-05-23 12:00:00,25.0
Neuss,1422,2019-05-24 11:00:00,2019-05-24 12:00:00,18.0
Neuss,1422,2019-05-25 11:00:00,2019-05-25 12:00:00,14.0
Neuss,1422,2019-05-26 11:00:00,2019-05-26 12:00:00,14.0
Neuss,1422,2019-05-27 11:00:00,2019-05-27 12:00:00,13.0
Neuss,1422,2019-05-28 11:00:00,2019-05-28 12:00:00,15.0
Neuss,1422,2019-05-29 11:00:00,2019-05-29 12:00:00,13.0
Neuss,1422,2019-05-30 11:00:00,2019-05-30 12:00:00,11.0
Neuss,1422,2019-05-31 11:00:00,2019-05-31 12:00:00,10.0
Neuss,1422,2019-06-01 11:00:00,2019-06-01 12:00:00,14.0
Neuss,1422,2019-06-02 11:00:00,2019-06-02 12:00:00,15.0
Neuss,1422,2019-06-03 11:00:00,2019-06-03 12:00:00,14.0
Neuss,1422,2019-06-04 11:00:00,2019-06-04 12:00:00,15.0
Neuss,1422,2019-06-05 11:00:00,2019-06-05 12:00:00,14.0
Neuss,1422,2019-06-06 11:00:00,2019-06-06 12:00:00,11.0
Neuss,1422,2019-06-07 11:00:00,2019-06-07 12:00:00,7.0
Neuss,1422,2019-06-08 11:00:00,2019-06-08 12:00:00,14.0
Neuss,1422,2019-06-09 11:00:00,2019-06-09 12:00:00,8.0
Neuss,1422,2019-06-10 11:00:00,2019-06-10 12:00:00,15.0
Neuss,1422,2019-06-11 11:00:00,2019-06-11 12:00:00,11.0
Neuss,1422,2019-06-12 11:00:00,2019-06-12 12:00:00,15.0
Neuss,1422,2019-06-13 11:00:00,2019-06-13 12:00:00,14.0
Neuss,1422,2019-06-14 11:00:00,2019-06-14 12:00:00,12.0
Neuss,1422,2019-06-15 11:00:00,2019-06-15 12:00:00,17.0
Neuss,1422,2019-06-16 11:00:00,2019-06-16 12:00:00,8.0
Neuss,1422,2019-06-17 11:00:00,2019-06-17 12:00:00,11.0
Neuss,1422,2019-06-18 11:00:00,2019-06-18 12:00:00,21.0
Neuss,1422,2019-06-19 11:00:00,2019-06-19 12:00:00,23.0
Neuss,1422,2019-06-20 11:00:00,2019-06-20 12:00:00,13.0
Neuss,1422,2019-06-21 11:00:00,2019-06-21 12:00:00,12.0
Neuss,1422,2019-06-22 11:00:00,2019-06-22 12:00:00,13.0
Neuss,1422,2019-06-23 11:00:00,2019-06-23 12:00:00,10.0
Neuss,1422,2019-06-24 11:00:00,2019-06-24 12:00:00,12.0
Neuss,1422,2019-06-25 11:00:00,2019-06-25 12:00:00,19.0
Neuss,1422,2019-06-26 11:00:00,2019-06-26 12:00:00,31.0
Neuss,1422,2019-06-27 11:00:00,2019-06-27 12:00:00,14.0
Neuss,1422,2019-06-28 11:00:00,2019-06-28 12:00:00,13.0
Neuss,1422,2019-06-29 11:00:00,2019-06-29 12:00:00,10.0
Neuss,1422,2019-06-30 11:00:00,2019-06-30 12:00:00,
Neuss,1422,2019-07-01 11:00:00,2019-07-01 12:00:00,
Neuss,1422,2019-07-02 11:00:00,2019-07-02 12:00:00,5.0
Neuss,1422,2019-07-03 11:00:00,2019-07-03 12:00:00,7.0
Neuss,1422,2019-07-04 11:00:00,2019-07-04 12:00:00,8.0
Neuss,1422,2019-07-05 11:00:00,2019-07-05 12:00:00,15.0
Neuss,1422,2019-07-06 11:00:00,2019-07-06 12:00:00,12.0
Neuss,1422,2019-07-07 11:00:00,2019-07-07 12:00:00,5.0
Neuss,1422,2019-07-08 11:00:00,2019-07-08 12:00:00,7.0
Neuss,1422,2019-07-09 11:00:00,2019-07-09 12:00:00,8.0
Neuss,1422,2019-07-10 11:00:00,2019-07-10 12:00:00,14.0
Neuss,1422,2019-07-11 11:00:00,2019-07-11 12:00:00,23.0
Neuss,1422,2019-07-12 11:00:00,2019-07-12 12:00:00,20.0
Neuss,1422,2019-07-13 11:00:00,2019-07-13 12:00:00,10.0
Neuss,1422,2019-07-14 11:00:00,2019-07-14 12:00:00,10.0
Neuss,1422,2019-07-15 11:00:00,2019-07-15 12:00:00,12.0
Neuss,1422,2019-07-16 11:00:00,2019-07-16 12:00:00,15.0
Neuss,1422,2019-07-17 11:00:00,2019-07-17 12:00:00,32.0
Neuss,1422,2019-07-18 11:00:00,2019-07-18 12:00:00,20.0
Neuss,1422,2019-07-19 11:00:00,2019-07-19 12:00:00,18.0
Neuss,1422,2019-07-20 11:00:00,2019-07-20 12:00:00,18.0
Neuss,1422,2019-07-21 11:00:00,2019-07-21 12:00:00,14.0
Neuss,1422,2019-07-22 11:00:00,2019-07-22 12:00:00,15.0
Neuss,1422,2019-07-23 11:00:00,2019-07-23 12:00:00,21.0
Neuss,1422,2019-07-24 11:00:00,2019-07-24 12:00:00,24.0
Neuss,1422,2019-07-25 11:00:00,2019-07-25 12:00:00,35.0
Neuss,1422,2019-07-26 11:00:00,2019-07-26 12:00:00,34.0
Neuss,1422,2019-07-27 11:00:00,2019-07-27 12:00:00,35.0
Neuss,1422,2019-07-28 11:00:00,2019-07-28 12:00:00,28.0
Neuss,1422,2019-07-29 11:00:00,2019-07-29 12:00:00,18.0
Neuss,1422,2019-07-30 11:00:00,2019-07-30 12:00:00,12.0
Neuss,1422,2019-07-31 11:00:00,2019-07-31 12:00:00,4.0
Neuss,1422,2019-08-01 11:00:00,2019-08-01 12:00:00,9.0
Neuss,1422,2019-08-02 11:00:00,2019-08-02 12:00:00,17.0
Neuss,1422,2019-08-03 11:00:00,2019-08-03 12:00:00,2.0
Neuss,1422,2019-08-04 11:00:00,2019-08-04 12:00:00,1.0
Neuss,1422,2019-08-05 11:00:00,2019-08-05 12:00:00,2.0
Neuss,1422,2019-08-06 11:00:00,2019-08-06 12:00:00,3.0
Neuss,1422,2019-08-07 11:00:00,2019-08-07 12:00:00,2.0
Neuss,1422,2019-08-08 11:00:00,2019-08-08 12:00:00,12.0
Neuss,1422,2019-08-09 11:00:00,2019-08-09 12:00:00,21.0
Neuss,1422,2019-08-10 11:00:00,2019-08-10 12:00:00,21.0
Neuss,1422,2019-08-11 11:00:00,2019-08-11 12:00:00,15.0
Neuss,1422,2019-08-12 11:00:00,2019-08-12 12:00:00,15.0
Neuss,1422,2019-08-13 11:00:00,2019-08-13 12:00:00,14.0
Neuss,1422,2019-08-14 11:00:00,2019-08-14 12:00:00,14.0
Neuss,1422,2019-08-15 11:00:00,2019-08-15 12:00:00,13.0
Neuss,1422,2019-08-16 11:00:00,2019-08-16 12:00:00,16.0
Neuss,1422,2019-08-17 11:00:00,2019-08-17 12:00:00,13.0
Neuss,1422,2019-08-18 11:00:00,2019-08-18 12:00:00,7.0
Neuss,1422,2019-08-19 11:00:00,2019-08-19 12:00:00,16.0
Neuss,1422,2019-08-20 11:00:00,2019-08-20 12:00:00,19.0
Neuss,1422,2019-08-21 11:00:00,2019-08-21 12:00:00,27.0
Neuss,1422,2019-08-22 11:00:00,2019-08-22 12:00:00,21.0
Neuss,1422,2019-08-23 11:00:00,2019-08-23 12:00:00,29.0
Neuss,1422,2019-08-24 11:00:00,2019-08-24 12:00:00,25.0
Neuss,1422,2019-08-25 11:00:00,2019-08-25 12:00:00,25.0
Neuss,1422,2019-08-26 11:00:00,2019-08-26 12:00:00,36.0
Neuss,1422,2019-08-27 11:00:00,2019-08-27 12:00:00,33.0
Neuss,1422,2019-08-28 11:00:00,2019-08-28 12:00:00,34.0
Neuss,1422,2019-08-29 11:00:00,2019-08-29 12:00:00,20.0
Neuss,1422,2019-08-30 11:00:00,2019-08-30 12:00:00,22.0
Neuss,1422,2019-08-31 11:00:00,2019-08-31 12:00:00,32.0
Neuss,1422,2019-09-01 11:00:00,2019-09-01 12:00:00,12.0
Neuss,1422,2019-09-02 11:00:00,2019-09-02 12:00:00,
Neuss,1422,2019-09-03 11:00:00,2019-09-03 12:00:00,
Neuss,1422,2019-09-04 11:00:00,2019-09-04 12:00:00,21.0
Neuss,1422,2019-09-05 11:00:00,2019-09-05 12:00:00,13.0
Neuss,1422,2019-09-06 11:00:00,2019-09-06 12:00:00,20.0
Neuss,1422,2019-09-07 11:00:00,2019-09-07 12:00:00,13.0
Neuss,1422,2019-09-08 11:00:00,2019-09-08 12:00:00,10.0
Neuss,1422,2019-09-09 11:00:00,2019-09-09 12:00:00,16.0
Neuss,1422,2019-09-10 11:00:00,2019-09-10 12:00:00,22.0
Neuss,1422,2019-09-11 11:00:00,2019-09-11 12:00:00,33.0
Neuss,1422,2019-09-12 11:00:00,2019-09-12 12:00:00,15.0
Neuss,1422,2019-09-13 11:00:00,2019-09-13 12:00:00,10.0
Neuss,1422,2019-09-14 11:00:00,2019-09-14 12:00:00,13.0
Neuss,1422,2019-09-15 11:00:00,2019-09-15 12:00:00,17.0
Neuss,1422,2019-09-16 11:00:00,2019-09-16 12:00:00,19.0
Neuss,1422,2019-09-17 11:00:00,2019-09-17 12:00:00,16.0
Neuss,1422,2019-09-18 11:00:00,2019-09-18 12:00:00,17.0
Neuss,1422,2019-09-19 11:00:00,2019-09-19 12:00:00,18.0
Neuss,1422,2019-09-20 11:00:00,2019-09-20 12:00:00,22.0
Neuss,1422,2019-09-21 11:00:00,2019-09-21 12:00:00,13.0
Neuss,1422,2019-09-22 11:00:00,2019-09-22 12:00:00,15.0
Neuss,1422,2019-09-23 11:00:00,2019-09-23 12:00:00,14.0
Neuss,1422,2019-09-24 11:00:00,2019-09-24 12:00:00,14.0
Neuss,1422,2019-09-25 11:00:00,2019-09-25 12:00:00,26.0
Neuss,1422,2019-09-26 11:00:00,2019-09-26 12:00:00,35.0
Neuss,1422,2019-09-27 11:00:00,2019-09-27 12:00:00,28.0
Neuss,1422,2019-09-28 11:00:00,2019-09-28 12:00:00,9.0
Neuss,1422,2019-09-29 11:00:00,2019-09-29 12:00:00,9.0
Neuss,1422,2019-09-30 11:00:00,2019-09-30 12:00:00,20.0
Neuss,1422,2019-10-01 11:00:00,2019-10-01 12:00:00,30.0
Neuss,1422,2019-10-02 11:00:00,2019-10-02 12:00:00,11.0
Neuss,1422,2019-10-03 11:00:00,2019-10-03 12:00:00,14.0
Neuss,1422,2019-10-04 11:00:00,2019-10-04 12:00:00,15.0
Neuss,1422,2019-10-05 11:00:00,2019-10-05 12:00:00,9.0
Neuss,1422,2019-10-06 11:00:00,2019-10-06 12:00:00,9.0
Neuss,1422,2019-10-07 11:00:00,2019-10-07 12:00:00,11.0
Neuss,1422,2019-10-08 11:00:00,2019-10-08 12:00:00,23.0
Neuss,1422,2019-10-09 11:00:00,2019-10-09 12:00:00,19.0
Neuss,1422,2019-10-10 11:00:00,2019-10-10 12:00:00,17.0
Neuss,1422,2019-10-11 11:00:00,2019-10-11 12:00:00,35.0
Neuss,1422,2019-10-12 11:00:00,2019-10-12 12:00:00,34.0
Neuss,1422,2019-10-13 11:00:00,2019-10-13 12:00:00,24.0
Neuss,1422,2019-10-14 11:00:00,2019-10-14 12:00:00,19.0
Neuss,1422,2019-10-15 11:00:00,2019-10-15 12:00:00,22.0
Neuss,1422,2019-10-16 11:00:00,2019-10-16 12:00:00,32.0
Neuss,1422,2019-10-17 11:00:00,2019-10-17 12:00:00,17.0
Neuss,1422,2019-10-18 11:00:00,2019-10-18 12:00:00,29.0
Neuss,1422,2019-10-19 11:00:00,2019-10-19 12:00:00,22.0
Neuss,1422,2019-10-20 11:00:00,2019-10-20 12:00:00,12.0
Neuss,1422,2019-10-21 11:00:00,2019-10-21 12:00:00,31.0
Neuss,1422,2019-10-22 11:00:00,2019-10-22 12:00:00,43.0
Neuss,1422,2019-10-23 11:00:00,2019-10-23 12:00:00,24.0
Neuss,1422,2019-10-24 11:00:00,2019-10-24 12:00:00,40.0
Neuss,1422,2019-10-25 11:00:00,2019-10-25 12:00:00,23.0
Neuss,1422,2019-10-26 11:00:00,2019-10-26 12:00:00,41.0
Neuss,1422,2019-10-27 11:00:00,2019-10-27 12:00:00,15.0
Neuss,1422,2019-10-28 11:00:00,2019-10-28 12:00:00,32.0
Neuss,1422,2019-10-29 11:00:00,2019-10-29 12:00:00,20.0
Neuss,1422,2019-10-30 11:00:00,2019-10-30 12:00:00,20.0
Neuss,1422,2019-10-31 11:00:00,2019-10-31 12:00:00,20.0
Neuss,1422,2019-11-01 11:00:00,2019-11-01 12:00:00,17.0
Neuss,1422,2019-11-02 11:00:00,2019-11-02 12:00:00,38.0
Neuss,1422,2019-11-03 11:00:00,2019-11-03 12:00:00,7.0
Neuss,1422,2019-11-04 11:00:00,2019-11-04 12:00:00,25.0
Neuss,1422,2019-11-05 11:00:00,2019-11-05 12:00:00,26.0
Neuss,1422,2019-11-06 11:00:00,2019-11-06 12:00:00,17.0
Neuss,1422,2019-11-07 11:00:00,2019-11-07 12:00:00,32.0
Neuss,1422,2019-11-08 11:00:00,2019-11-08 12:00:00,23.0
Neuss,1422,2019-11-09 11:00:00,2019-11-09 12:00:00,24.0
Neuss,1422,2019-11-10 11:00:00,2019-11-10 12:00:00,22.0
Neuss,1422,2019-11-11 11:00:00,2019-11-11 12:00:00,24.0
Neuss,1422,2019-11-12 11:00:00,2019-11-12 12:00:00,40.0
Neuss,1422,2019-11-13 11:00:00,2019-11-13 12:00:00,25.0
Neuss,1422,2019-11-14 11:00:00,2019-11-14 12:00:00,15.0
Neuss,1422,2019-11-15 11:00:00,2019-11-15 12:00:00,23.0
Neuss,1422,2019-11-16 11:00:00,2019-11-16 12:00:00,27.0
Neuss,1422,2019-11-17 11:00:00,2019-11-17 12:00:00,22.0
Neuss,1422,2019-11-18 11:00:00,2019-11-18 12:00:00,12.0
Neuss,1422,2019-11-19 11:00:00,2019-11-19 12:00:00,18.0
Neuss,1422,2019-11-20 11:00:00,2019-11-20 12:00:00,20.0
Neuss,1422,2019-11-21 11:00:00,2019-11-21 12:00:00,20.0
Neuss,1422,2019-11-22 11:00:00,2019-11-22 12:00:00,18.0
Neuss,1422,2019-11-23 11:00:00,2019-11-23 12:00:00,18.0
Neuss,1422,2019-11-24 11:00:00,2019-11-24 12:00:00,23.0
Neuss,1422,2019-11-25 11:00:00,2019-11-25 12:00:00,30.0
Neuss,1422,2019-11-26 11:00:00,2019-11-26 12:00:00,17.0
Neuss,1422,2019-11-27 11:00:00,2019-11-27 12:00:00,35.0
Neuss,1422,2019-11-28 11:00:00,2019-11-28 12:00:00,11.0
Neuss,1422,2019-11-29 11:00:00,2019-11-29 12:00:00,20.0
Neuss,1422,2019-11-30 11:00:00,2019-11-30 12:00:00,28.0
Neuss,1422,2019-12-01 11:00:00,2019-12-01 12:00:00,19.0
Neuss,1422,2019-12-02 11:00:00,2019-12-02 12:00:00,29.0
Neuss,1422,2019-12-03 11:00:00,2019-12-03 12:00:00,33.0
Neuss,1422,2019-12-04 11:00:00,2019-12-04 12:00:00,21.0
Neuss,1422,2019-12-05 11:00:00,2019-12-05 12:00:00,56.0
Neuss,1422,2019-12-06 11:00:00,2019-12-06 12:00:00,33.0
Neuss,1422,2019-12-07 11:00:00,2019-12-07 12:00:00,18.0
Neuss,1422,2019-12-08 11:00:00,2019-12-08 12:00:00,19.0
Neuss,1422,2019-12-09 11:00:00,2019-12-09 12:00:00,17.0
Neuss,1422,2019-12-10 11:00:00,2019-12-10 12:00:00,32.0
Neuss,1422,2019-12-11 11:00:00,2019-12-11 12:00:00,15.0
Neuss,1422,2019-12-12 11:00:00,2019-12-12 12:00:00,28.0
Neuss,1422,2019-12-13 11:00:00,2019-12-13 12:00:00,12.0
Neuss,1422,2019-12-14 11:00:00,2019-12-14 12:00:00,30.0
Neuss,1422,2019-12-15 11:00:00,2019-12-15 12:00:00,15.0
Neuss,1422,2019-12-16 11:00:00,2019-12-16 12:00:00,16.0
Neuss,1422,2019-12-17 11:00:00,2019-12-17 12:00:00,
Neuss,1422,2019-12-18 11:00:00,2019-12-18 12:00:00,
Neuss,1422,2019-12-19 11:00:00,2019-12-19 12:00:00,
Neuss,1422,2019-12-20 11:00:00,2019-12-20 12:00:00,
Neuss,1422,2019-12-21 11:00:00,2019-12-21 12:00:00,
Neuss,1422,2019-12-22 11:00:00,2019-12-22 12:00:00,
Neuss,1422,2019-12-23 11:00:00,2019-12-23 12:00:00,
Neuss,1422,2019-12-24 11:00:00,2019-12-24 12:00:00,
Neuss,1422,2019-12-25 11:00:00,2019-12-25 12:00:00,
Neuss,1422,2019-12-26 11:00:00,2019-12-26 12:00:00,
Neuss,1422,2019-12-27 11:00:00,2019-12-27 12:00:00,
Neuss,1422,2019-12-28 11:00:00,2019-12-28 12:00:00,
Neuss,1422,2019-12-29 11:00:00,2019-12-29 12:00:00,
Neuss,1422,2019-12-30 11:00:00,2019-12-30 12:00:00,
Neuss,1422,2019-12-31 11:00:00,2019-12-31 12:00:00,
Neuss,1422,2020-01-01 11:00:00,2020-01-01 12:00:00,
Neuss,1422,2020-01-02 11:00:00,2020-01-02 12:00:00,
Neuss,1422,2020-01-03 11:00:00,2020-01-03 12:00:00,
Neuss,1422,2020-01-04 11:00:00,2020-01-04 12:00:00,
Neuss,1422,2020-01-05 11:00:00,2020-01-05 12:00:00,
Neuss,1422,2020-01-06 11:00:00,2020-01-06 12:00:00,
Neuss,1422,2020-01-07 11:00:00,2020-01-07 12:00:00,
Neuss,1422,2020-01-08 11:00:00,2020-01-08 12:00:00,
