date,france_pm10_mean
2017-11-01,28.13953488372093
2017-11-02,39.0
2017-11-05,38.875
2017-11-06,7.804878048780488
2017-11-07,9.095238095238095
2017-11-08,17.642857142857142
2017-11-09,29.818181818181817
2017-11-13,5.7560975609756095
2017-11-14,17.023809523809526
2017-11-15,22.571428571428573
2017-11-16,26.976190476190474
2017-11-20,42.372093023255815
2017-11-21,45.22727272727273
2017-11-22,55.11363636363637
2017-11-23,79.1025641025641
2017-11-27,16.74418604651163
2017-11-28,24.333333333333332
2017-11-29,40.73170731707317
2017-11-30,29.875
2017-12-03,26.5
2017-12-04,33.853658536585364
2017-12-06,42.95238095238095
2017-12-10,13.05
2017-12-12,30.5
2017-12-13,35.68292682926829
2017-12-14,37.41860465116279
2017-12-17,30.195121951219512
2017-12-20,51.55
2017-12-21,53.70454545454545
2017-12-23,43.16279069767442
2017-12-26,62.15
2017-12-27,21.071428571428573
2017-12-28,5.837209302325581
2018-01-01,42.23809523809524
2018-01-02,22.317073170731707
2018-01-03,21.069767441860463
2018-01-04,29.404761904761905
2018-01-07,48.72093023255814
2018-01-08,34.75
2018-01-09,31.372093023255815
2018-01-10,22.023255813953487
2018-01-14,35.88636363636363
2018-01-15,42.52272727272727
2018-01-16,45.02439024390244
2018-01-17,23.390243902439025
2018-01-21,38.88636363636363
2018-01-22,39.45454545454545
2018-01-23,42.69047619047619
2018-01-24,49.595238095238095
2018-01-25,57.55813953488372
2018-01-28,26.127906976744185
2018-01-29,23.325581395348838
2018-01-30,21.103448275862068
2018-01-31,34.86046511627907
2018-02-01,15.305882352941177
2018-02-02,9.69047619047619
2018-02-03,2.788235294117647
2018-02-04,8.25287356321839
2018-02-05,13.104651162790697
2018-02-06,-2.284090909090909
2018-02-07,21.302325581395348
2018-02-08,2.2941176470588234
2018-02-09,16.313953488372093
2018-02-10,6.72093023255814
2018-02-11,20.86046511627907
2018-02-12,29.166666666666668
2018-02-13,-0.5
2018-02-14,13.505882352941176
2018-02-16,44.64772727272727
2018-02-18,30.186046511627907
2018-02-19,17.558139534883722
2018-02-20,-32.18181818181818
2018-02-21,12.454545454545455
2018-02-22,-12.44186046511628
2018-02-23,15.25
2018-02-24,-7.2727272727272725
2018-02-25,-5.25
2018-02-26,25.96923076923077
2018-02-27,-8.875
2018-02-28,30.785714285714285
2018-03-01,41.0
2018-03-02,51.13636363636363
2018-03-03,6.825
2018-03-04,-55.20454545454545
2018-03-05,9.0
2018-03-06,9.868421052631579
2018-03-07,-0.11627906976744186
2018-03-08,15.162790697674419
2018-03-09,22.51923076923077
2018-03-10,12.840909090909092
2018-03-11,0.2413793103448276
2018-03-12,22.329545454545453
2018-03-13,25.19736842105263
2018-03-14,-2.6744186046511627
2018-03-15,19.071428571428573
2018-03-16,8.5
2018-03-17,11.625
2018-03-20,5.2
2018-03-21,27.162790697674417
2018-03-22,11.272727272727273
2018-03-23,-1.0
2018-03-24,-3.488888888888889
2018-03-25,-0.09090909090909091
2018-03-26,37.0
2018-03-27,18.85
2018-03-28,13.431818181818182
2018-03-29,4.204545454545454
2018-03-30,-1.2727272727272727
2018-03-31,17.5609756097561
2018-04-01,1.6
2018-04-02,-8.67816091954023
2018-04-03,20.977011494252874
2018-04-04,23.0
2018-04-05,9.522727272727273
2018-04-06,-6.204545454545454
2018-04-07,21.15730337078652
2018-04-08,16.275862068965516
2018-04-09,17.24137931034483
2018-04-10,4.568181818181818
2018-04-11,1.0
2018-04-12,-13.280898876404494
2018-04-13,19.0
2018-04-14,15.136363636363637
2018-04-15,38.0
2018-04-16,11.238636363636363
2018-04-17,-42.56818181818182
2018-04-18,39.62222222222222
2018-04-19,25.86842105263158
2018-04-20,26.269662921348313
2018-04-21,24.227272727272727
2018-04-22,22.90909090909091
2018-04-23,13.540229885057471
2018-04-24,12.97752808988764
2018-04-25,27.358490566037737
2018-04-26,3.2954545454545454
2018-04-27,30.625
2018-04-29,25.292134831460675
2018-04-30,10.764044943820224
2018-05-01,6.112359550561798
2018-05-02,-14.715909090909092
2018-05-03,2.272727272727273
2018-05-04,-17.416666666666668
2018-05-05,9.556818181818182
2018-05-06,11.15
2018-05-07,-14.218390804597702
2018-05-08,24.224489795918366
2018-05-09,24.674418604651162
2018-05-10,-3.3333333333333335
2018-05-11,19.79310344827586
2018-05-12,18.92452830188679
2018-05-13,16.96629213483146
2018-05-14,0.32954545454545453
2018-05-15,-3.25
2018-05-16,11.568181818181818
2018-05-17,12.418604651162791
2018-05-18,13.86046511627907
2018-05-19,10.25
2018-05-21,17.63157894736842
2018-05-22,14.125
2018-05-23,17.295454545454547
2018-05-24,19.363636363636363
2018-05-25,19.01123595505618
2018-05-26,22.767857142857142
2018-05-27,24.640449438202246
2018-05-28,25.03448275862069
2018-05-29,13.848837209302326
2018-05-30,0.4430379746835443
2018-05-31,3.247191011235955
2018-06-01,-112.125
2018-06-02,-5.8023255813953485
2018-06-03,-6.034883720930233
2018-06-04,5.022988505747127
2018-06-05,-25.083333333333332
2018-06-06,-4.9772727272727275
2018-06-07,5.0227272727272725
2018-06-08,-8.435294117647059
2018-06-09,-0.7380952380952381
2018-06-10,-7.403846153846154
2018-06-11,4.732558139534884
2018-06-12,-31.40909090909091
2018-06-13,-17.59090909090909
2018-06-14,-1.4307692307692308
2018-06-15,-11.123595505617978
2018-06-16,3.337078651685393
2018-06-17,16.6
2018-06-18,18.40909090909091
2018-06-19,-4.136363636363637
2018-06-20,5.7727272727272725
2018-06-21,6.241379310344827
2018-06-22,14.97752808988764
2018-06-23,12.965909090909092
2018-06-24,-35.172413793103445
2018-06-25,-23.65909090909091
2018-06-26,-33.89772727272727
2018-06-27,-24.436781609195403
2018-06-28,-25.658227848101266
2018-06-29,-9.64367816091954
2018-06-30,-9.068965517241379
2018-07-01,-5.056818181818182
2018-07-02,-32.20454545454545
2018-07-03,6.868852459016393
2018-07-04,3.247191011235955
2018-07-05,-2.0804597701149423
2018-07-06,-5.1022727272727275
2018-07-07,3.5454545454545454
2018-07-08,1.9545454545454546
2018-07-09,13.411764705882353
2018-07-10,15.84
2018-07-11,19.448275862068964
2018-07-12,8.579545454545455
2018-07-13,-3.142857142857143
2018-07-14,20.816091954022987
2018-07-15,11.227272727272727
2018-07-16,5.8977272727272725
2018-07-17,15.840909090909092
2018-07-19,-6.929411764705883
2018-07-20,18.267441860465116
2018-07-21,21.2183908045977
2018-07-22,16.488372093023255
2018-07-23,-8.046511627906977
2018-07-24,12.60377358490566
2018-07-25,-5.068181818181818
2018-07-26,19.01923076923077
2018-07-27,8.641975308641975
2018-07-28,17.784313725490197
2018-07-29,10.168831168831169
2018-07-30,22.306818181818183
2018-07-31,23.568181818181817
2018-08-01,14.125
2018-08-02,-11.35632183908046
2018-08-03,-25.767441860465116
2018-08-04,21.32075471698113
2018-08-05,21.20754716981132
2018-08-06,9.44943820224719
2018-08-07,10.0
2018-08-08,20.954545454545453
2018-08-09,-0.8604651162790697
2018-08-10,23.476190476190474
2018-08-11,19.290697674418606
2018-08-12,6.431818181818182
2018-08-13,5.034883720930233
2018-08-14,15.743589743589743
2018-08-15,1.7976190476190477
2018-08-16,9.511627906976743
2018-08-17,11.75
2018-08-18,15.431818181818182
2018-08-19,18.022727272727273
2018-08-20,22.65909090909091
2018-08-21,-0.4482758620689655
2018-08-22,-6.2272727272727275
2018-08-23,-27.636363636363637
2018-08-24,1.6022727272727273
2018-08-25,10.30232558139535
2018-08-26,1.9655172413793103
2018-08-27,9.827586206896552
2018-08-28,10.409090909090908
2018-08-29,16.807692307692307
2018-08-30,19.556818181818183
2018-08-31,19.636363636363637
2018-09-01,6.921348314606742
2018-09-02,11.625
2018-09-03,-10.738636363636363
2018-09-04,1.7613636363636365
2018-09-05,3.590909090909091
2018-09-06,-6.7701149425287355
2018-09-07,18.477272727272727
2018-09-08,-5.409090909090909
2018-09-09,-26.613636363636363
2018-09-10,-50.31818181818182
2018-09-11,-2.217391304347826
2018-09-12,24.379310344827587
2018-09-13,11.837209302325581
2018-09-14,14.776470588235295
2018-09-15,27.15909090909091
2018-09-16,22.204545454545453
2018-09-17,-0.033707865168539325
2018-09-18,11.011904761904763
2018-09-19,20.858823529411765
2018-09-20,24.21590909090909
2018-09-21,27.27906976744186
2018-09-22,13.188235294117646
2018-09-23,8.823529411764707
2018-09-24,15.406976744186046
2018-09-25,17.114942528735632
2018-09-26,15.767441860465116
2018-09-27,17.404761904761905
2018-09-28,22.152941176470588
2018-09-29,12.289473684210526
2018-09-30,12.431818181818182
2018-10-01,-4.011363636363637
2018-10-02,14.0
2018-10-03,14.613636363636363
2018-10-04,-6.079545454545454
2018-10-05,0.4583333333333333
2018-10-06,-5.842696629213483
2018-10-07,8.704545454545455
2018-10-08,20.625
2018-10-09,21.337209302325583
2018-10-10,-1.4772727272727273
2018-10-11,22.90909090909091
2018-10-12,23.420454545454547
2018-10-13,23.954545454545453
2018-10-14,10.494252873563218
2018-10-15,42.22727272727273
2018-10-16,18.72093023255814
2018-10-17,30.290697674418606
2018-10-18,33.151162790697676
2018-10-19,37.651162790697676
2018-10-20,37.96470588235294
2018-10-21,30.3953488372093
2018-10-22,25.953488372093023
2018-10-23,18.620689655172413
2018-10-24,23.63095238095238
2018-10-25,21.197674418604652
2018-10-26,31.6
2018-10-27,30.46511627906977
2018-10-28,27.094117647058823
2018-10-29,18.209876543209877
2018-10-30,14.3125
2018-10-31,21.976190476190474
2018-11-01,16.858823529411765
2018-11-02,20.318181818181817
2018-11-03,18.011627906976745
2018-11-04,20.26829268292683
2018-11-05,20.102272727272727
2018-11-06,19.629213483146067
2018-11-07,22.735632183908045
2018-11-08,21.5
2018-11-09,28.752808988764045
2018-11-10,30.168539325842698
2018-11-11,34.54545454545455
2018-11-12,36.229885057471265
2018-11-13,33.07954545454545
2018-11-15,31.920454545454547
2018-11-16,22.344827586206897
2018-11-17,19.930232558139537
2018-11-18,19.24074074074074
2018-11-19,18.732558139534884
2018-11-20,14.035294117647059
2018-11-21,25.679012345679013
2018-11-22,28.388235294117646
2018-11-23,30.75581395348837
2018-11-24,13.92134831460674
2018-11-25,17.666666666666668
2018-11-26,17.45977011494253
2018-11-27,19.741176470588236
2018-11-28,27.105882352941176
2018-11-29,33.71764705882353
2018-11-30,36.0919540229885
2018-12-01,43.325842696629216
2018-12-02,45.10344827586207
2018-12-03,48.57142857142857
2018-12-04,48.92857142857143
2018-12-05,55.73809523809524
2018-12-06,41.01190476190476
2018-12-07,26.905882352941177
2018-12-08,23.885057471264368
2018-12-09,21.96551724137931
2018-12-10,18.321428571428573
2018-12-11,17.558139534883722
2018-12-12,29.613636363636363
2018-12-15,24.25581395348837
2018-12-16,28.333333333333332
2018-12-17,31.867469879518072
2018-12-18,35.529411764705884
2018-12-19,38.66265060240964
2018-12-20,34.79761904761905
2018-12-21,33.21590909090909
2018-12-22,36.12359550561798
2018-12-23,32.61797752808989
2018-12-24,16.40449438202247
2018-12-25,20.0
2018-12-26,28.50574712643678
2018-12-27,34.27058823529412
2018-12-28,41.25
2018-12-29,38.54022988505747
2018-12-30,35.67816091954023
2018-12-31,31.850574712643677
2019-01-01,36.69662921348315
2019-01-02,28.195402298850574
2019-01-03,20.470588235294116
2019-01-04,24.872093023255815
2019-01-05,39.56818181818182
2019-01-06,45.52272727272727
2019-01-07,52.72727272727273
2019-01-08,47.42696629213483
2019-01-09,30.402298850574713
2019-01-10,23.95402298850575
2019-01-11,31.558139534883722
2019-01-12,40.04651162790697
2019-01-14,31.650602409638555
2019-01-15,28.267441860465116
2019-01-16,31.273809523809526
2019-01-17,34.79012345679013
2019-01-18,36.67058823529412
2019-01-19,21.114942528735632
2019-01-20,25.568181818181817
2019-01-21,32.04651162790697
2019-01-22,24.2183908045977
2019-01-23,17.97752808988764
2019-01-24,23.370786516853933
2019-01-25,31.53932584269663
2019-01-26,37.98876404494382
2019-01-27,41.625
2019-01-28,32.93181818181818
2019-01-29,24.816091954022987
2019-01-30,20.258823529411764
2019-01-31,23.24705882352941
2019-02-01,19.714285714285715
2019-02-02,17.313953488372093
2019-02-03,20.42528735632184
2019-02-04,26.079545454545453
2019-02-05,31.011363636363637
2019-02-06,39.5632183908046
2019-02-07,44.17045454545455
2019-02-08,47.60227272727273
2019-02-09,41.25
2019-02-10,42.30232558139535
2019-02-11,24.761363636363637
2019-02-13,29.576470588235296
2019-02-14,37.827586206896555
2019-02-15,45.39080459770115
2019-02-16,36.680851063829785
2019-02-17,51.71264367816092
2019-02-18,49.54022988505747
2019-02-19,39.833333333333336
2019-02-20,50.726190476190474
2019-02-21,51.57471264367816
2019-02-22,23.17391304347826
2019-02-23,23.96629213483146
2019-02-24,22.584269662921347
2019-02-25,34.09090909090909
2019-02-26,33.44827586206897
2019-02-27,33.07142857142857
2019-02-28,37.651162790697676
2019-03-01,43.160919540229884
2019-03-02,41.27272727272727
2019-03-03,33.05747126436781
2019-03-04,34.735632183908045
2019-03-05,31.632183908045977
2019-03-06,29.818181818181817
2019-03-07,30.325581395348838
2019-03-08,22.32183908045977
2019-03-09,19.068181818181817
2019-03-10,19.63529411764706
2019-03-11,15.505882352941176
2019-03-12,13.39080459770115
2019-03-13,17.22093023255814
2019-03-15,24.313253012048193
2019-03-16,25.811764705882354
2019-03-17,24.03614457831325
2019-03-18,16.885057471264368
2019-03-19,16.41176470588235
2019-03-20,21.404761904761905
2019-03-21,27.563218390804597
2019-03-22,31.5
2019-03-23,30.406976744186046
2019-03-24,25.79746835443038
2019-03-25,21.25287356321839
2019-03-26,11.625
2019-03-27,16.701149425287355
2019-03-28,21.080459770114942
2019-03-29,21.488095238095237
2019-03-30,22.852272727272727
2019-03-31,26.974358974358974
2019-04-01,26.94047619047619
2019-04-02,24.714285714285715
2019-04-03,23.511627906976745
2019-04-04,13.464285714285714
2019-04-05,12.594594594594595
2019-04-06,10.235294117647058
2019-04-07,14.647058823529411
2019-04-08,16.34090909090909
2019-04-09,16.802325581395348
2019-04-10,15.423529411764706
2019-04-11,15.27710843373494
2019-04-12,12.963855421686747
2019-04-13,15.159090909090908
2019-04-14,13.976190476190476
2019-04-15,20.127906976744185
2019-04-16,21.0
2019-04-17,24.306818181818183
2019-04-18,25.147727272727273
2019-04-19,23.678571428571427
2019-04-20,20.035714285714285
2019-04-21,22.674418604651162
2019-04-22,32.395348837209305
2019-04-23,50.87356321839081
2019-04-24,32.02325581395349
2019-04-25,35.57831325301205
2019-04-26,25.188235294117646
2019-04-27,23.448275862068964
2019-04-28,10.034883720930232
2019-04-29,8.837209302325581
2019-04-30,10.022727272727273
2019-05-01,12.238636363636363
2019-05-02,11.715909090909092
2019-05-03,10.89655172413793
2019-05-04,13.127906976744185
2019-05-05,9.767441860465116
2019-05-06,8.341176470588236
2019-05-07,10.430232558139535
2019-05-08,16.804597701149426
2019-05-09,17.36046511627907
2019-05-10,13.238095238095237
2019-05-11,12.430232558139535
2019-05-12,10.209302325581396
2019-05-13,6.465116279069767
2019-05-14,8.209302325581396
2019-05-15,11.363636363636363
2019-05-16,10.406976744186046
2019-05-17,13.290697674418604
2019-05-18,11.318181818181818
2019-05-19,9.885057471264368
2019-05-20,11.581395348837209
2019-05-21,11.011764705882353
2019-05-22,13.773809523809524
2019-05-23,15.702380952380953
2019-05-24,15.581395348837209
2019-05-25,13.666666666666666
2019-05-26,13.795454545454545
2019-05-27,15.011494252873563
2019-05-28,14.51764705882353
2019-05-29,13.127906976744185
2019-05-30,9.476744186046512
2019-05-31,12.045454545454545
2019-06-01,13.908045977011493
2019-06-02,14.705882352941176
2019-06-03,13.604651162790697
2019-06-04,15.710843373493976
2019-06-05,17.317073170731707
2019-06-06,18.36470588235294
2019-06-07,26.305882352941175
2019-06-08,29.906976744186046
2019-06-09,37.741176470588236
2019-06-10,35.8
2019-06-11,41.109756097560975
2019-06-12,42.170731707317074
2019-06-13,42.5
2019-06-14,31.976470588235294
2019-06-15,28.10112359550562
2019-06-16,30.96511627906977
2019-06-17,22.441860465116278
2019-06-18,22.86046511627907
2019-06-19,22.211764705882352
2019-06-20,22.975609756097562
2019-06-21,22.529411764705884
2019-06-22,23.862068965517242
2019-06-23,21.214285714285715
2019-06-24,18.04705882352941
2019-06-25,20.071428571428573
2019-06-26,21.797619047619047
2019-06-27,26.094117647058823
2019-06-28,25.232558139534884
2019-06-29,32.09090909090909
2019-06-30,21.847058823529412
2019-07-01,22.0
2019-07-02,22.84090909090909
2019-07-03,23.379310344827587
2019-07-04,23.476190476190474
2019-07-05,20.253012048192772
2019-07-06,23.20689655172414
2019-07-07,28.176470588235293
2019-07-08,29.863636363636363
2019-07-09,25.97590361445783
2019-07-10,17.75609756097561
2019-07-11,17.753086419753085
2019-07-12,17.162790697674417
2019-07-13,11.279069767441861
2019-07-14,13.511363636363637
2019-07-15,10.213483146067416
2019-07-16,14.068181818181818
2019-07-17,16.873563218390803
2019-07-18,16.114942528735632
2019-07-19,18.341176470588234
2019-07-20,18.28409090909091
2019-07-21,19.522727272727273
2019-07-22,20.685393258426966
2019-07-23,23.59090909090909
2019-07-24,23.344827586206897
2019-07-25,21.823529411764707
2019-07-26,23.423529411764704
2019-07-27,18.476190476190474
2019-07-28,17.8625
2019-07-29,15.388235294117647
2019-07-30,16.916666666666668
2019-07-31,19.03529411764706
2019-08-01,19.928571428571427
2019-08-02,16.195121951219512
2019-08-03,16.96511627906977
2019-08-04,14.011494252873563
2019-08-05,14.709302325581396
2019-08-06,17.176470588235293
2019-08-07,23.764705882352942
2019-08-08,25.63953488372093
2019-08-09,24.705882352941178
2019-08-10,23.160919540229884
2019-08-11,21.488888888888887
2019-08-12,24.767441860465116
2019-08-13,22.44705882352941
2019-08-14,16.174418604651162
2019-08-15,14.908045977011493
2019-08-16,14.816091954022989
2019-08-17,14.435294117647059
2019-08-18,15.0
2019-08-19,16.270588235294117
2019-08-20,18.27906976744186
2019-08-21,20.50588235294118
2019-08-22,22.378048780487806
2019-08-23,20.674698795180724
2019-08-24,20.837209302325583
2019-08-25,20.863636363636363
2019-08-26,20.6046511627907
2019-08-27,24.452380952380953
2019-08-28,24.80246913580247
2019-08-29,25.79268292682927
2019-08-30,23.417721518987342
2019-08-31,25.261904761904763
2019-09-01,26.345238095238095
2019-09-02,20.91764705882353
2019-09-03,18.67816091954023
2019-09-04,17.15909090909091
2019-09-05,20.686046511627907
2019-09-06,19.24705882352941
2019-09-07,15.193181818181818
2019-09-08,14.779069767441861
2019-09-09,14.416666666666666
2019-09-10,8.046511627906977
2019-09-11,19.58139534883721
2019-09-12,21.344827586206897
2019-09-13,23.804597701149426
2019-09-14,20.352272727272727
2019-09-15,20.46067415730337
2019-09-16,18.850574712643677
2019-09-17,20.847058823529412
2019-09-18,21.151162790697676
2019-09-19,20.523809523809526
2019-09-20,17.058823529411764
2019-09-21,17.1046511627907
2019-09-22,18.564705882352943
2019-09-23,16.49411764705882
2019-09-24,22.28735632183908
2019-09-25,16.931818181818183
2019-09-26,22.17241379310345
2019-09-27,24.022988505747126
2019-09-28,20.64367816091954
2019-09-29,17.7816091954023
2019-09-30,14.534883720930232
2019-10-01,16.011627906976745
2019-10-02,15.226190476190476
2019-10-03,10.545454545454545
2019-10-04,17.25
2019-10-05,17.318181818181817
2019-10-06,11.13953488372093
2019-10-07,13.785714285714286
2019-10-08,16.568181818181817
2019-10-09,20.181818181818183
2019-10-11,20.73170731707317
2019-10-12,30.1046511627907
2019-10-13,39.13953488372093
2019-10-14,40.03448275862069
2019-10-15,38.94252873563219
2019-10-16,25.93975903614458
2019-10-17,15.53012048192771
2019-10-18,17.929411764705883
2019-10-19,20.141176470588235
2019-10-20,26.24705882352941
2019-10-21,24.488636363636363
2019-10-22,28.476744186046513
2019-10-23,30.96551724137931
2019-10-24,31.379310344827587
2019-10-25,31.376470588235293
2019-10-26,26.976744186046513
2019-10-27,27.8953488372093
2019-10-28,33.724137931034484
2019-10-29,40.03448275862069
2019-10-30,22.724137931034484
2019-10-31,14.39080459770115
2019-11-01,13.186046511627907
2019-11-02,19.406976744186046
2019-11-03,15.35
2019-11-04,15.524390243902438
2019-11-05,14.883720930232558
2019-11-06,15.383720930232558
2019-11-07,18.481927710843372
2019-11-08,14.488372093023257
2019-11-10,19.0
2019-11-11,18.60919540229885
2019-11-12,13.068181818181818
2019-11-13,14.333333333333334
2019-11-14,16.8
2019-11-15,17.258823529411764
2019-11-16,23.53488372093023
2019-11-17,11.686746987951807
2019-11-18,16.564705882352943
2019-11-19,18.6046511627907
2019-11-20,18.238636363636363
2019-11-21,24.0
2019-11-22,22.04494382022472
2019-11-23,13.932584269662922
2019-11-24,17.78409090909091
2019-11-25,21.850574712643677
2019-11-26,24.5
2019-11-27,22.63095238095238
2019-11-28,26.96590909090909
2019-11-29,29.511363636363637
2019-11-30,28.454545454545453
2019-12-01,29.264367816091955
2019-12-02,15.011904761904763
2019-12-03,17.802325581395348
2019-12-04,26.103448275862068
2019-12-05,41.651162790697676
2019-12-06,41.71910112359551
2019-12-07,40.258426966292134
2019-12-08,39.8876404494382
2019-12-10,28.51685393258427
2019-12-11,25.761363636363637
2019-12-12,19.49425287356322
2019-12-13,20.162790697674417
2019-12-14,30.15730337078652
2019-12-15,39.52873563218391
2019-12-16,45.903614457831324
2019-12-17,48.641975308641975
2019-12-18,34.7710843373494
2019-12-19,36.63414634146341
2019-12-20,18.65432098765432
2019-12-21,13.463414634146341
2019-12-22,13.716049382716049
2019-12-23,17.567901234567902
2019-12-24,25.205128205128204
2019-12-25,31.525
2019-12-26,35.8780487804878
2019-12-27,30.390243902439025
2019-12-28,27.607142857142858
2019-12-29,28.964285714285715
2019-12-30,34.92857142857143
2019-12-31,48.71951219512195
2020-01-01,48.58536585365854
2020-01-02,48.903614457831324
2020-01-03,44.05952380952381
2020-01-04,31.566265060240966
2020-01-05,23.10843373493976
2020-01-06,35.40963855421687
2020-01-07,44.61904761904762
2020-01-09,43.46341463414634
2020-01-10,47.45783132530121
2020-01-11,46.58536585365854
2020-01-12,42.01234567901235
2020-01-13,47.67857142857143
2020-01-14,56.976190476190474
2020-01-15,66.26506024096386
2020-01-16,59.455882352941174
2020-01-17,40.80722891566265
2020-01-18,24.96385542168675
2020-01-19,21.89156626506024
2020-01-20,27.93975903614458
2020-01-21,37.85897435897436
2020-01-22,40.835443037974684
2020-01-23,50.02439024390244
2020-01-24,51.6144578313253
2020-01-25,51.86746987951807
2020-01-26,45.55421686746988
2020-01-27,32.21951219512195
2020-01-28,39.54216867469879
2020-01-29,28.073170731707318
2020-01-30,33.58536585365854
2020-01-31,45.68674698795181
2020-02-01,45.373493975903614
2020-02-02,34.8433734939759
2020-02-03,25.726190476190474
2020-02-04,11.8375
2020-02-05,14.08641975308642
2020-02-06,22.4375
2020-02-08,40.13095238095238
2020-02-09,40.890243902439025
2020-02-10,43.0722891566265
2020-02-11,25.73170731707317
2020-02-12,20.74074074074074
2020-02-13,23.879518072289155
2020-02-14,31.40963855421687
2020-02-15,33.7710843373494
2020-02-16,39.08433734939759
2020-02-17,38.01234567901235
2020-02-18,36.566265060240966
2020-02-19,27.469135802469136
2020-02-20,25.341772151898734
2020-02-21,32.903614457831324
2020-02-22,41.25301204819277
2020-02-23,38.13253012048193
2020-02-24,34.23809523809524
2020-02-25,28.2875
2020-02-26,14.0125
2020-02-27,12.182926829268293
2020-02-28,17.097560975609756
2020-02-29,27.023809523809526
2020-03-01,23.42168674698795
2020-03-02,20.86904761904762
2020-03-03,12.573170731707316
2020-03-04,12.878048780487806
2020-03-05,18.555555555555557
2020-03-06,16.337349397590362
2020-03-07,18.686746987951807
2020-03-09,21.645569620253166
2020-03-10,25.790123456790123
2020-03-11,23.28205128205128
2020-03-12,30.82716049382716
2020-03-13,25.950617283950617
2020-03-14,19.535714285714285
2020-03-15,17.573170731707318
2020-03-16,24.24390243902439
2020-03-17,29.91566265060241
2020-03-18,35.4875
2020-03-19,32.3780487804878
2020-03-20,34.31578947368421
2020-03-21,29.19047619047619
2020-03-22,18.25581395348837
2020-03-23,14.2625
2020-03-24,14.488095238095237
2020-03-25,13.275
2020-03-26,12.292682926829269
2020-03-27,30.304878048780488
2020-03-28,78.67073170731707
2020-03-29,48.674418604651166
2020-03-30,50.036144578313255
2020-03-31,29.373333333333335
2020-04-01,14.813333333333333
2020-04-02,19.053333333333335
2020-04-03,20.19736842105263
2020-04-04,24.25
2020-04-05,25.625
2020-04-06,22.025
2020-04-07,30.425
2020-04-09,21.65
2020-04-10,19.15
2020-04-11,22.125
2020-04-12,21.425
2020-04-13,14.45
2020-04-14,15.775
2020-04-15,18.25
2020-04-16,15.65
2020-04-17,18.23076923076923
2020-04-18,21.65
2020-04-19,21.45
2020-04-20,20.15
2020-04-21,14.102564102564102
2020-04-22,17.076923076923077
2020-04-23,20.6
2020-04-24,23.05
2020-04-25,20.85
2020-04-26,12.3
2020-04-27,11.3
2020-04-28,11.205128205128204
2020-04-29,8.41025641025641
2020-04-30,9.153846153846153
2020-05-01,8.9
2020-05-02,7.95
2020-05-03,10.0
2020-05-04,10.871794871794872
2020-05-05,11.948717948717949
2020-05-06,14.783041974747476
2020-05-07,13.356553956521738
2020-05-08,15.111795488938254
2020-05-09,18.267954396589854
2020-05-10,19.810715032024504
2020-05-11,20.605871123508297
2020-05-12,15.240164759834368
2020-05-13,25.10561008648057
2020-05-14,34.27050062271062
2020-05-15,30.195515863362562
2020-05-16,26.56892616605545
2020-05-17,30.973146369507177
2020-05-18,29.026450709108897
2020-05-19,28.116993951991088
2020-05-20,20.472590116302424
2020-05-21,17.353465810344826
2020-05-22,11.8
2020-05-23,18.577826086956524
2020-05-24,14.462575757575758
2020-05-25,13.628947368421052
2020-05-26,14.486785714285714
2020-05-27,14.104648365134864
2020-05-28,14.935744744300143
2020-05-29,14.873667837026241
2020-05-30,12.17
2020-05-31,10.889764579999998
2020-06-01,11.945777219221023
2020-06-02,11.992029888480825
2020-06-03,14.158583498974135
2020-06-04,11.85962962962963
2020-06-09,15.209014806949462
2020-06-10,13.431438171211399
2020-06-11,11.062672280089568
2020-06-12,12.406803694209525
2020-06-13,15.73452510854671
2020-06-14,12.81068605132988
2020-06-15,15.401329125649992
2020-06-16,12.186196559829058
2020-06-17,13.760024199315815
2020-06-18,13.273310471461079
2020-06-19,14.067489510860485
2020-06-20,15.08139123809524
2020-06-21,13.47087178060828
2020-06-22,11.29
2020-06-25,19.64477791023559
2020-06-26,22.433323684086282
2020-06-27,24.213717892156865
2020-06-28,23.507477174210035
2020-06-29,22.229288334504783
2020-06-30,21.408780727923798
2020-07-01,22.945740566123003
2020-07-02,26.487070784244562
2020-07-03,18.469292
2020-07-04,18.958579673145483
2020-07-05,15.993410054945054
2020-07-06,19.25
2020-07-07,23.262619064544076
2020-07-08,20.12960764093801
2020-07-09,21.246281032202365
2020-07-10,23.359254809172572
2020-07-11,22.152854412587413
2020-07-12,18.877709841188647
2020-07-13,19.57389424807716
2020-07-14,17.662697910115583
2020-07-15,17.943925227209437
2020-07-16,18.899636789182225
2020-07-17,17.959224521938964
2020-07-18,14.008204994922771
2020-07-19,11.351097233881674
2020-07-20,15.347596403940887
2020-07-21,17.647495325773633
2020-07-22,21.89455077874921
2020-07-23,20.00879666727938
2020-07-24,25.276170400653708
2020-07-25,22.360440005780767
2020-07-26,14.36830061631016
2020-07-27,18.145493716023328
2020-07-28,21.16916936584249
2020-07-29,25.662654723443225
2020-07-30,28.775949474458873
2020-07-31,27.509545454545457
2020-08-03,15.284823529411764
2020-08-04,15.33119696969697
2020-08-06,12.71953168044077
2020-08-07,18.728603751417925
2020-08-08,20.14883932912008
2020-08-09,18.844963862224734
2020-08-10,25.421311637336093
2020-08-11,25.033581528111917
2020-08-12,24.400269319000035
2020-08-13,23.369314787992895
2020-08-14,28.335814827045073
2020-08-15,26.613098412163364
2020-08-16,24.215896478973303
2020-08-17,21.165170889780857
2020-08-18,21.291177845906105
2020-08-19,19.789666955320953
2020-08-20,15.326885625020182
2020-08-21,16.590671361333175
2020-08-22,17.268691385281386
2020-08-23,17.142600551159603
2020-08-24,19.90399890963609
2020-08-25,17.558785656377186
2020-08-26,17.370019122178707
2020-08-27,16.83010236862172
2020-08-28,18.301697816650005
2020-08-29,20.228776520789722
2020-08-30,18.47607476612864
2020-08-31,16.74361494319605
2020-09-01,10.539495512799228
2020-09-02,11.494497250459249
2020-09-03,12.925488440826484
2020-09-04,11.692124000000002
2020-09-05,15.378900318418097
2020-09-06,16.29373388944389
2020-09-07,14.95642687119325
2020-09-08,18.877643738314774
2020-09-09,20.090365197217167
2020-09-10,22.75062111929181
2020-09-11,21.35415048160928
2020-09-12,20.38375401528401
2020-09-13,24.437774219245597
2020-09-14,27.675532327957942
2020-09-15,27.343782739675785
2020-09-16,28.57969259012592
2020-09-17,26.51257442417312
2020-09-18,26.329844175450155
2020-09-19,23.767795047416016
2020-09-20,23.482406365326387
2020-09-21,21.80149303037542
2020-09-22,16.61336881661753
2020-09-23,15.060873643290043
2020-09-24,14.242440971569936
2020-09-25,14.677266438742473
2020-09-26,8.77014447956136
2020-09-27,8.982520389477715
2020-09-28,8.966941319540362
2020-09-29,11.482974196002043
2020-09-30,14.429698910246996
2020-10-01,16.11423480325929
2020-10-02,15.695544314272384
2020-10-03,22.617602559442634
2020-10-04,16.16825652173913
2020-10-05,15.757733507936509
2020-10-06,14.280636978452263
2020-10-07,13.909003543727568
2020-10-08,11.424771583544855
2020-10-09,14.52530419579698
2020-10-10,16.335769598155466
2020-10-11,12.191145884208384
2020-10-12,9.502223648185149
2020-10-13,10.195522779904051
2020-10-14,11.389829064062871
2020-10-15,12.731769178174765
2020-10-16,11.946773405760904
2020-10-17,11.584870856874028
2020-10-18,13.026474145181796
2020-10-19,14.698768940652025
2020-10-20,17.20109531993541
2020-10-21,20.104971144350305
2020-10-22,23.412082773161966
2020-10-23,28.257331624046795
2020-10-24,19.9832544792187
2020-10-25,14.846158393516891
2020-10-26,13.561990593909014
2020-10-27,13.956931548843313
2020-10-28,15.716146777066633
2020-10-29,17.948979982943786
2020-10-30,24.055292988795518
2020-10-31,20.0091012987013
2020-11-01,20.42117109452217
2020-11-02,23.079684005278292
2020-11-03,28.68045454545455
2020-11-04,30.03520609609663
2020-11-05,25.178561175230566
2020-11-06,20.036188795031055
2020-11-07,16.394422564935066
2020-11-08,24.43254680263505
2020-11-09,28.179174753086418
2020-11-10,34.739768311923584
2020-11-11,39.66794588405797
2020-11-12,39.88967008018069
2020-11-13,36.498516307288725
2020-11-14,38.05373093079922
2020-11-15,29.57307355072464
2020-11-16,24.158638043507217
2020-11-17,14.34508736259956
2020-11-18,17.62518606984127
2020-11-19,24.891657724098124
2020-11-20,20.17347926100566
2020-11-21,15.18263926984127
2020-11-22,15.260572827838828
2020-11-23,23.678537423376625
2020-11-24,22.645187948051948
2020-11-25,35.493684
2020-11-26,31.198495212121212
2020-11-27,34.40250932388313
2020-11-28,38.05587249006354
2020-11-29,22.17046727092352
2020-11-30,19.18952931381484
2020-12-01,23.015643399209484
2020-12-02,16.519725269742985
2020-12-03,12.347
2020-12-04,17.365826577777778
2020-12-05,12.284989669421487
2020-12-06,12.16989101947869
2020-12-07,11.687919692002035
2020-12-08,12.97769135990243
2020-12-09,12.821582791250853
2020-12-10,16.482048384081416
2020-12-11,18.975349019607844
2020-12-13,24.289772727272727
2020-12-14,20.7181189950436
2020-12-15,29.496786432919905
2020-12-16,35.79326002898551
2020-12-17,41.13477435350234
2020-12-18,40.37187855513784
2020-12-19,43.58296143250689
2020-12-20,35.98830368906456
2020-12-21,30.273815656565656
2020-12-22,36.6736959286648
2020-12-23,35.796853316959066
2020-12-24,22.760533131960337
2020-12-25,15.618995125164691
2020-12-26,12.58581946650767
2020-12-27,17.19625
2020-12-29,19.68588430609817
2020-12-30,18.87905498737374
2020-12-31,22.777415604067716
2021-01-01,37.89290114165949
2021-01-02,17.5355
2021-01-03,17.104211926673962
2021-01-04,20.009029602260792
2021-01-05,19.018454836742205
2021-01-06,23.61554509610168
2021-01-07,23.836309565730712
2021-01-08,21.804489619714936
2021-01-09,19.39186931818182
2021-01-10,25.859278080631487
2021-01-11,22.00803328321017
2021-01-12,24.89569793191089
2021-01-13,33.753589636740074
2021-01-14,37.681335757309945
2021-01-15,20.746322366459626
2021-01-16,17.858432964803313
2021-01-17,24.386038380500658
2021-01-18,30.832004285714284
2021-01-19,30.894308634233806
2021-01-20,25.24730219101886
2021-01-21,36.29504613926994
2021-01-22,30.70519409937888
2021-01-26,17.92956285714286
2021-01-27,22.56314718821758
2021-01-28,24.467352780726518
2021-01-29,26.860059120221504
2021-01-30,27.163531272727273
2021-01-31,16.434988600602296
2021-02-01,17.506190476190476
2021-02-02,26.218892900056463
2021-02-03,26.858702648221342
2021-02-04,29.580608202898553
2021-02-05,31.442724183135706
2021-02-06,39.84958053491436
2021-02-07,39.33482523847167
2021-02-08,18.4069615423854
2021-02-09,15.922141565405608
2021-02-10,15.457286318977403
2021-02-11,16.764292537549405
2021-02-12,19.060249913043478
2021-02-13,13.766731458498025
2021-02-14,14.186043488048183
2021-02-15,15.025238095238096
2021-02-16,24.88605403060104
2021-02-17,34.57069333992094
2021-02-18,34.65469536231885
2021-02-19,31.647766686868685
2021-02-20,49.655952380952385
2021-02-21,33.6369779314888
2021-02-22,35.262802753623184
2021-02-23,33.61339375494071
2021-02-24,49.09851973386034
2021-02-25,58.229318167911416
2021-02-26,68.86366311111111
2021-02-28,29.4312725
2021-03-01,25.378559454257246
2021-03-02,29.839542859875046
2021-03-03,32.26689655172414
2021-03-04,33.70558003315058
2021-03-05,33.507164229249014
2021-03-06,22.678118591678185
2021-03-07,18.01663355822089
2021-03-08,25.45938083786232
2021-03-09,24.15723122457789
2021-03-10,22.094472489177488
2021-03-11,22.21456830946831
2021-03-12,26.96303847810402
2021-03-13,23.60454730116629
2021-03-14,16.544146044023442
2021-03-15,14.534782998885174
2021-03-16,14.662923887163561
2021-03-17,13.671435541818003
2021-03-18,13.414110668161305
2021-03-19,14.77611720904699
2021-03-20,13.568440069506064
2021-03-21,14.487570820628646
2021-03-22,14.785191236245728
2021-03-23,15.976267837235229
2021-03-24,20.242836917562723
2021-03-25,23.647878542313663
2021-03-26,29.455943538369066
2021-03-27,27.930604968220187
2021-03-28,23.46236491903159
2021-03-29,26.51388546815027
2021-03-30,25.89076869949495
2021-03-31,24.064602935072056
2021-04-01,27.62359053497942
2021-04-02,27.842037037037038
2021-04-03,21.28366800976801
2021-04-04,14.652723292929293
2021-04-05,11.20599519198193
2021-04-06,17.39735635662911
2021-04-07,14.25038800078409
2021-04-08,12.013985558518641
2021-04-09,15.649929016265597
2021-04-10,16.97921259904191
2021-04-11,20.9575738922368
2021-04-12,22.40986777364282
2021-04-13,13.533342859101683
2021-04-14,11.238353664192951
2021-04-15,12.516699682812659
2021-04-16,12.445911486742425
2021-04-17,14.037637389520203
2021-04-18,14.293767411596555
2021-04-19,14.439232175950004
2021-04-20,16.22675153923527
2021-04-21,15.168446801015078
2021-04-22,16.693774197763688
2021-04-23,15.65300432802436
2021-04-24,14.413756613756613
2021-04-27,23.637982015900764
2021-04-28,23.0160346958177
2021-04-29,21.514696888765954
2021-04-30,21.15603363276345
2021-05-01,24.253928170594836
2021-05-02,23.00076923076923
2021-05-03,15.43193630515683
2021-05-04,18.684491446886447
2021-05-05,16.18745657714187
2021-05-06,16.727869936006023
2021-05-07,17.843829245718048
2021-05-08,15.563336377752682
2021-05-09,12.414319565217392
2021-05-10,16.698239577572966
2021-05-11,21.014515998696645
2021-05-12,13.965601753829612
2021-05-13,15.055094411097773
2021-05-14,15.755448636363637
2021-05-15,10.596127778825151
2021-05-16,12.599298197209523
2021-05-17,15.689976360074397
2021-05-18,19.014462992831543
2021-05-19,14.945074692945942
2021-05-20,12.547709506765377
2021-05-21,14.805168055555555
2021-05-22,12.896835555555556
2021-05-24,27.16467450980392
2021-05-25,20.08868775252525
2021-05-26,16.275238095238095
2021-05-27,16.828677978056426
2021-05-28,16.83780204845447
2021-05-29,16.50231665391644
2021-05-30,16.52696
2021-05-31,14.714367757859948
2021-06-01,13.938496551724139
2021-06-02,15.133623261183262
2021-06-03,21.955243923191816
2021-06-04,23.007378506493506
2021-06-05,21.871447600069015
2021-06-06,19.703878813014235
2021-06-07,17.100386521058322
2021-06-08,16.73522810867294
2021-06-09,15.770795454545453
2021-06-10,22.294382077692422
2021-06-11,20.27390623638344
2021-06-12,19.618321270042934
2021-06-13,17.350139288851246
2021-06-14,21.250459431525876
2021-06-15,18.543469654528476
2021-06-17,22.62341433531746
2021-06-18,20.57905022446689
2021-06-19,22.29596076671775
2021-06-20,27.388005968970642
2021-06-21,51.99705238771645
2021-06-22,47.08552606556816
2021-06-23,50.31908476756219
2021-06-24,63.311551506821104
2021-06-25,31.32297983281087
2021-06-26,25.119630719372147
2021-06-27,21.578364240124202
2021-06-28,26.139019936914625
2021-06-29,40.147825533500175
2021-06-30,30.03664703030303
2021-07-01,23.69396923076923
2021-07-02,23.060255659507444
2021-07-03,19.706200146403877
2021-07-04,17.851804650745077
2021-07-05,19.338386831448123
2021-07-06,19.18180946725084
2021-07-07,19.54346480679814
2021-07-08,27.17139956397592
2021-07-09,21.918767481264254
2021-07-11,13.0
2021-07-12,20.48798993436671
2021-07-13,27.942027222126292
2021-07-14,23.88231733455885
2021-07-15,16.924800694444446
2021-07-16,15.384719166666667
2021-07-17,16.610728207671958
2021-07-18,15.37036636316582
2021-07-19,26.78954154793459
2021-07-20,23.41097472551603
2021-07-21,24.18750409090909
2021-07-22,23.968312396395167
2021-07-23,21.86545360074708
2021-07-24,21.23871162988499
2021-07-25,24.57469722222222
2021-08-03,17.801989272727273
2021-08-04,19.949435714285716
2021-08-05,16.308332323232325
2021-08-06,20.558011281694824
2021-08-07,18.695842065452663
2021-08-08,23.12656725146199
2021-08-09,24.68948448051948
2021-08-10,27.110776515151517
2021-08-11,49.92711627140975
2021-08-12,31.794249999999998
2021-08-13,35.90851599021893
2021-08-14,31.95722401917728
2021-08-15,32.141245954280556
2021-08-16,31.822423812399354
2021-08-17,25.355825220541902
2021-08-18,26.562775929426593
2021-08-19,20.2146
2021-08-20,19.66185668449198
2021-08-21,17.347088478992827
2021-08-22,20.21333736772487
2021-08-23,19.721648895386615
2021-08-24,18.06105705295557
2021-08-25,17.314211217391303
2021-08-26,16.51131366294524
2021-08-27,15.479019996988518
2021-08-28,14.047802102766799
2021-08-29,12.845138587615283
2021-08-30,11.5925625
2021-08-31,14.978894474506975
2021-09-01,14.851139079197774
2021-09-02,15.520689013739883
2021-09-03,19.244471414714994
2021-09-04,18.676155863110953
2021-09-05,16.434424634428495
2021-09-06,20.065240420979986
2021-09-07,22.895123425358285
2021-09-08,24.211307888524075
2021-09-09,23.376339116161613
2021-09-10,26.350337258637094
2021-09-11,24.9047452753902
2021-09-12,23.004794563997464
2021-09-13,24.915368579229046
2021-09-14,25.654148756221634
2021-09-15,25.366777009735237
2021-09-16,26.664168368668367
2021-09-17,23.429714714873853
2021-09-18,21.46531548970289
2021-09-19,18.492163164251206
2021-09-20,16.58681989575388
2021-09-21,17.281406103963324
2021-09-22,14.566235129068462
2021-09-23,14.101239245782635
2021-09-24,18.073239812974464
2021-09-25,23.336566490351082
2021-09-26,29.518061407607885
2021-09-27,33.34108990147784
2021-09-28,28.69071747225206
2021-09-29,26.706662962962962
2021-09-30,27.78335649547065
2021-10-01,18.889865798320933
2021-10-02,17.74749103309308
2021-10-03,19.300265710735466
2021-10-04,22.82972262818171
2021-10-05,16.491493837456943
2021-10-06,12.822158065812257
2021-10-07,10.658424623384679
2021-10-08,11.165218016437668
2021-10-09,13.033697008547009
2021-10-10,11.367249688290775
2021-10-11,12.68364542627567
2021-10-12,14.429452229654403
2021-10-13,17.409135365769494
2021-10-14,16.699248784950953
2021-10-15,13.87959847763972
2021-10-16,16.37983508505082
2021-10-17,14.672661025842844
2021-10-18,17.0902496594408
2021-10-19,18.826367477199256
2021-10-20,22.585336648651555
2021-10-21,21.658095728245183
2021-10-22,18.72045723889556
2021-10-23,22.004628302808303
2021-10-24,18.76730978264824
2021-10-25,20.438569520383
2021-10-26,18.721460135706685
2021-10-27,20.28695182649476
2021-10-28,22.030385357965187
2021-10-29,25.221608571428572
2021-10-30,26.60086855058522
2021-10-31,25.380314169472502
2021-11-01,19.39059717804337
2021-11-02,14.330469428629602
2021-11-03,14.726295027014757
2021-11-04,14.22783304640024
2021-11-05,17.921138975966564
2021-11-06,14.614478500062738
2021-11-07,15.398438475943003
2021-11-08,19.539625176589194
2021-11-09,17.232948727656932
2021-11-10,20.107505379610643
2021-11-11,24.77127590695768
2021-11-12,26.455759935890438
2021-11-13,26.160006073496398
2021-11-14,20.892257741801576
2021-11-15,15.917413104287016
2021-11-16,19.733466661961227
2021-11-17,22.00742067649528
2021-11-18,22.771607451416337
2021-11-19,25.779141294074282
2021-11-20,27.11609584277189
2021-11-21,21.630111540678524
2021-11-22,19.00986471401515
2021-11-23,16.354642240161052
2021-11-24,14.092302600418906
2021-11-25,15.335387335309619
2021-11-26,17.72698507982544
2021-11-27,20.201211696015758
2021-11-28,12.689032258064517
2021-11-29,19.567129525450394
2021-11-30,23.060425915923613
2021-12-01,16.19165428027702
2021-12-02,18.214772254376058
2021-12-03,15.919724528502908
2021-12-04,18.287077408659115
2021-12-05,16.054242685311763
2021-12-06,13.57349139317438
2021-12-07,18.324780552336552
2021-12-08,19.836408001981372
2021-12-09,21.984497735504032
2021-12-10,15.011484699049316
2021-12-11,14.66244228381507
2021-12-12,21.181172584541063
2021-12-13,29.073589518864047
2021-12-14,28.127405911855355
2021-12-15,26.75879220010283
2021-12-16,27.58458643297073
2021-12-17,24.70533403189504
2021-12-18,24.801288608845752
2021-12-19,22.727636746143055
2021-12-20,24.203005376344088
2022-01-09,17.16804744221296
2022-01-10,13.4943663138971
2022-01-11,15.811855184210504
2022-01-12,21.719434938157082
2022-01-13,24.189594074357014
2022-01-14,27.30208439442338
2022-01-15,32.71887852854185
2022-01-16,27.669017802338328
2022-01-17,28.02950049702713
2022-01-18,27.429263115580074
2022-01-19,32.51265684329872
2022-01-20,29.023958742967984
2022-01-21,22.494217267655856
2022-01-22,19.946269211617455
2022-01-23,24.691990451617627
2022-01-24,27.271456399315426
2022-01-25,30.5137599476912
2022-01-26,36.473316514210424
2022-01-27,40.88
2022-01-28,31.178607506587618
2022-01-29,27.99027635516657
2022-01-30,28.234175328170796
2022-01-31,27.26597636195585
2022-02-01,13.897105304816737
2022-02-02,19.560571308321308
2022-02-03,24.373798730158732
2022-02-04,27.423226883613566
2022-02-05,30.63054245012234
2022-02-06,25.103591778074865
2022-02-07,20.093020712371377
2022-02-08,18.10012248360801
2022-02-09,24.936111356942806
2022-02-10,32.17623003406677
2022-02-11,28.02291411686193
2022-02-12,21.84687005105402
2022-02-13,19.287729962147353
2022-02-14,24.46382338655708
2022-02-15,21.217283429510363
2022-02-16,18.33405304232804
2022-02-17,23.50131338159023
2022-02-18,27.68805276405358
2022-02-19,28.11798099381496
2022-02-20,27.012717281779864
2022-02-21,21.08233559524102
2022-02-22,15.65963530321852
2022-02-23,21.158309654368992
2022-02-24,22.479226696310935
2022-02-25,22.78304129526146
2022-02-26,16.124137931034483
2022-02-27,12.71892442076659
2022-02-28,16.68829675498584
2022-03-01,17.913244123026733
2022-03-02,21.946747773207186
2022-03-03,26.419523956355533
2022-03-04,26.779626359163444
2022-03-05,18.710562701031417
2022-03-06,18.894883295852075
2022-03-07,22.44538461530944
2022-03-08,23.75389297350519
2022-03-09,25.477633301285476
2022-03-10,25.578349354591744
2022-03-11,26.84643023222371
2022-03-12,25.04533984519104
2022-03-13,23.613270362946235
2022-03-14,27.2711697991823
2022-03-15,35.69322506901311
2022-03-16,35.00280849749271
2022-03-17,37.33473624897682
2022-03-18,32.98241828709605
2022-03-19,24.29673472060761
2022-03-20,20.82262979041419
2022-03-21,22.42321720470684
2022-03-22,25.657687853535354
2022-03-24,37.88309743589743
2022-03-25,33.03287886650268
2022-03-26,34.197260209888746
2022-03-27,29.601487069525664
2022-03-28,29.57862142857143
2022-03-29,40.19946069023569
2022-03-30,39.92077083121488
2022-03-31,29.243189578676052
2022-04-01,19.07279663615465
2022-04-02,8.665203074576072
2022-04-03,10.666852567362291
2022-04-04,15.848305992418807
2022-04-05,19.719937316230165
2022-04-06,25.632469262670348
2022-04-07,33.9595599050773
2022-04-08,20.06873213273082
2022-04-09,16.846387581282674
2022-04-10,10.38033488095238
2022-04-11,13.91578546143905
2022-04-12,18.464223630717107
2022-04-13,22.45861241224934
2022-04-14,20.316499210619632
2022-04-15,21.66814181484852
2022-04-16,18.386356704936684
2022-04-17,14.678199370709383
2022-04-18,15.259947665705765
2022-04-19,17.463599759592448
2022-04-20,19.728060612566548
2022-04-21,19.966771884802828
2022-04-22,16.578922303077356
2022-04-23,16.185756940241724
2022-04-24,11.253088925120773
2022-04-25,12.551327097259916
2022-04-26,15.350920455327264
2022-04-27,13.276851851851852
2022-04-28,14.703618024562298
2022-04-29,16.716781680540375
2022-04-30,15.968885531802888
2022-05-01,12.541007788443443
2022-05-02,15.714118164348998
2022-05-03,16.519331125367767
2022-05-04,19.1552195420317
2022-05-05,17.129951567159004
2022-05-06,15.137803503224465
2022-05-07,13.396112155286495
2022-05-08,13.004938257752595
2022-05-09,18.357693847915503
2022-05-10,22.72899246815986
2022-05-11,23.823864994797876
2022-05-12,23.146665185691504
2022-05-13,22.31539475457954
2022-05-14,22.10951746498162
2022-05-15,21.208517516989115
2022-05-16,23.572302997653885
2022-05-17,20.419159347479372
2022-05-18,21.484998574039878
2022-05-19,20.058231160914907
2022-05-20,23.058156315216316
2022-05-21,21.39454302580981
2022-05-22,20.917377888931888
2022-05-23,27.584017588620526
2022-05-24,25.1764060001156
2022-05-25,23.319515973864885
2022-05-26,25.32223669905993
2022-05-27,26.62971142857143
2022-05-28,26.117685844155844
2022-05-29,16.194311780538303
2022-05-30,16.156637324772653
2022-05-31,22.46118976038581
2022-06-01,25.138166236242782
2022-06-02,24.34713630187747
2022-06-03,26.299431490859686
2022-06-04,26.164463125292194
2022-06-05,31.52059907444005
2022-06-06,25.707573005020834
2022-06-07,20.663331727682987
2022-06-08,19.185028871462254
2022-06-09,13.521915340309315
2022-06-10,10.540767769438421
2022-06-11,12.989153963640792
2022-06-12,14.355067548647005
2022-06-13,15.645449189023697
2022-06-14,18.23897629615782
2022-06-15,24.449622918924884
2022-06-16,24.538659798611
2022-06-17,21.10802772184574
2022-06-18,20.28053961194066
2022-06-19,20.186201042040963
2022-06-20,21.601907018726354
2022-06-21,23.038291471514757
2022-06-22,25.987541407867496
2022-06-23,31.090770575801013
2022-06-24,32.408361670339026
2022-06-25,24.100513847831625
2022-06-26,25.037121212121214
2022-06-27,41.25933076899021
2022-06-28,47.98802732966096
2022-06-29,32.635797855703544
2022-06-30,29.582205806960467
2022-07-01,30.97487317944306
2022-07-02,26.249742372234934
2022-07-03,25.825228039041704
2022-07-04,21.11118035917647
2022-07-05,20.770969824293356
2022-07-06,19.65262548062703
2022-07-07,19.65046629684192
2022-07-08,13.520475439507061
2022-07-09,12.396858854893242
2022-07-10,12.048218761953333
2022-07-11,14.015639996806005
2022-07-12,15.152896531831084
2022-07-13,12.829042897097818
2022-07-14,18.620497774184535
2022-07-15,20.75440230823787
2022-07-16,17.779171659968338
2022-07-17,19.258321452786557
2022-07-18,23.559429296360342
2022-07-19,22.669032938076416
2022-07-20,24.28235644413737
2022-07-21,26.480218419623213
2022-07-22,25.128296775525083
2022-07-24,21.23181818181818
2022-07-25,26.950581085581085
2022-07-26,23.400714285714287
2022-07-27,17.712571341991342
2022-07-28,18.75596128965033
2022-07-29,16.189185069640505
2022-07-30,14.425384877819662
2022-07-31,15.206549360902255
2022-08-01,14.368227300175668
2022-08-02,15.052086942375256
2022-08-03,16.025407752392535
2022-08-04,18.6554523643851
2022-08-05,19.193039396782265
2022-08-06,16.255215423291613
2022-08-07,15.338777104192861
2022-08-08,16.115372934597243
2022-08-09,17.07987697368421
2022-08-10,17.59238704264717
2022-08-11,16.916059986863964
2022-08-12,16.8297063314733
2022-08-13,12.040020606485612
2022-08-14,12.458001100555517
2022-08-15,18.96155728185521
2022-08-16,17.758336929543887
2022-08-17,21.350818430108536
2022-08-18,21.877477799567583
2022-08-19,18.019141104497354
2022-08-22,12.0059375
2022-08-23,3587.433582335108
2022-08-24,1365.1325468274265
2022-08-25,12.765576923076923
2022-08-26,16.768956284510377
2022-08-27,16.468768911824146
2022-08-28,15.278065448181907
2022-08-29,14.756778212427667
2022-08-30,16.145142045454545
2022-08-31,13.324294164470796
2022-09-01,13.184640539278222
2022-09-02,12.62318224156211
2022-09-03,14.012424356699201
2022-09-04,13.458249985237837
2022-09-05,16.32315001725328
2022-09-06,17.791322404950122
2022-09-07,18.20241143690678
2022-09-08,17.814100133014858
2022-09-09,17.033522349157053
2022-09-10,15.234376034916602
2022-09-11,12.083528125669144
2022-09-12,12.113167082107442
2022-09-13,14.82858834724052
2022-09-14,19.756820391694227
2022-09-15,20.676834624634125
2022-09-16,17.211097919937206
2022-09-17,12.1066411673972
2022-09-18,7.749920585216932
2022-09-19,8.648472222222223
2022-09-20,12.789852425352423
2022-09-21,11.908652624290823
2022-09-22,11.589488375883949
2022-09-23,14.437160250463823
2022-09-24,15.678888888888888
2022-09-25,13.746911576078244
2022-09-26,10.497946221132059
2022-09-27,11.757821726582595
2022-09-28,14.252331454908251
2022-09-29,14.33568950254345
2022-09-30,12.719965476763813
2022-10-01,12.866903635354722
2022-10-02,15.292488500736264
2022-10-03,14.303830679802847
2022-10-04,15.908270393109648
2022-10-05,19.18852877766779
2022-10-06,21.45005685618729
2022-10-07,21.186622704904842
2022-10-08,19.191133775644648
2022-10-09,18.017388334319232
2022-10-10,19.32881598112033
2022-10-11,19.932052215428744
2022-10-12,21.418272906979357
2022-10-13,23.9940824068862
2022-10-14,24.2184112972819
2022-10-15,23.198699805235723
2022-10-16,22.57380815830944
2022-10-17,23.44685019561184
2022-10-18,22.9925163744706
2022-10-19,25.697190527884036
2022-10-20,24.64288557033903
2022-10-21,24.949088981364703
2022-10-22,22.49919700084565
2022-10-23,22.874633022774326
2022-10-24,23.230454545454545
2022-10-25,47.04516556637807
2022-10-26,48.059390366027834
2022-10-27,44.64825587429793
2022-10-28,34.25760203345938
2022-10-29,23.209302325581394
2022-10-30,24.0
2022-10-31,23.72093023255814
2022-11-01,26.738095238095237
2022-11-02,36.75201895194697
2022-11-03,7.159990594451499
2022-11-04,10.513531691134952
2022-11-05,9.31951323012736
2022-11-06,15.071203715061952
2022-11-07,19.237575757575758
2022-11-08,24.300571240034476
2022-11-09,26.943213238018775
2022-11-10,23.868522161917685
2022-11-11,21.963296629800766
2022-11-12,19.539441627243782
2022-11-13,16.68094928265244
2022-11-14,17.364883188771774
2022-11-15,19.084892868396576
2022-11-16,17.813186885231108
2022-11-17,19.54566181548926
2022-11-18,14.821442797809725
2022-11-19,11.212865095477644
2022-11-20,13.738361439575142
2022-11-21,13.154021112734124
2022-11-22,17.047823645348085
2022-11-23,10.579333333333333
2022-11-24,24.444927506866136
2022-11-25,16.10783195312812
2022-11-26,17.57121691762344
2022-11-27,21.2262640536773
2022-11-28,25.74715217498246
2022-11-29,22.959750439291405
2022-11-30,29.508566129177147
2022-12-01,28.57105142977471
2022-12-02,17.33715137168824
2022-12-03,17.113121546825305
2022-12-04,28.373981599592767
2022-12-05,35.84822982778092
2022-12-06,35.03671606415324
2022-12-07,28.300539144009264
2022-12-08,37.08358637581272
2022-12-09,36.99671304586412
2022-12-10,25.121276393450735
2022-12-11,19.500355530403695
2022-12-12,19.58781910147823
2022-12-13,19.681118223739368
2022-12-14,20.53425008077671
2022-12-15,18.629267588932805
2022-12-16,21.082913483783976
2022-12-17,24.45674140323795
2022-12-18,27.43571825903367
2022-12-19,33.55033783361051
2022-12-20,33.352434772606124
2022-12-21,33.46018134196378
2022-12-22,33.53827227517107
2022-12-23,30.735333333333337
2022-12-24,33.00779264577153
2022-12-25,29.36682758946368
2022-12-26,29.412957112657164
2022-12-27,30.194779168601702
2022-12-28,28.234321561476992
2022-12-29,29.803441591360873
2022-12-30,38.55045055868839
2022-12-31,50.7906976744186
2023-01-01,43.07142857142857
2023-01-02,39.384538386783284
2023-01-03,33.49998614708454
2023-01-04,30.29312642015619
2023-01-05,32.127405261108
2023-01-06,34.00619058089326
2023-01-07,26.71256830601093
2023-01-08,18.30262633368315
2023-01-09,14.38718453046204
2023-01-10,10.648259895983566
2023-01-11,13.362563636363637
2023-01-16,15.958070847934241
2023-01-17,14.244462097239701
2023-01-18,17.654886261149787
2023-01-19,15.154041414693694
2023-01-20,12.797001369572403
2023-01-21,18.907110283200236
2023-01-22,18.01782608695652
2023-01-23,22.509228675005744
2023-01-24,22.55353977163497
2023-01-25,21.686197668297886
2023-01-26,21.049848224307592
2023-01-27,20.30863048372193
2023-01-28,20.816393981868575
2023-01-29,25.755793003279244
2023-01-30,29.466839186823353
2023-01-31,31.75321480108723
2023-02-01,30.306853813791843
2023-02-02,46.3
2023-02-14,40.42271982966309
2023-02-15,41.18567002635046
2023-02-16,34.6864
2023-03-19,24.51397626442589
2023-03-20,28.120573550400216
2023-03-21,22.640368069588238
2023-03-22,23.7057812686197
2023-03-23,30.683
2023-03-24,21.036862855688447
2023-03-25,16.803992723642153
2023-03-26,15.414962092134152
2023-03-27,11.791303609592159
2023-03-28,14.020477839297302
2023-03-29,18.16824803672224
2023-03-30,21.26742983388527
2023-03-31,23.315840088085828
2023-04-01,17.473613525352413
2023-04-02,11.951696079457491
2023-04-03,13.347565117503462
2023-04-04,13.596657613934099
2023-04-05,16.213799249758633
2023-04-06,18.326932605679342
2023-04-07,14.72565396899799
2023-04-08,13.740143315621577
2023-04-09,11.805144546405673
2023-04-10,12.894225613189668
2023-04-11,15.739344751685513
2023-04-12,17.196416062598235
2023-04-13,15.26811225428195
2023-04-14,11.954072117028096
2023-04-15,9.018509812872296
2023-04-16,8.937740028636574
2023-04-17,11.711455496514747
2023-04-18,13.031297395759543
2023-04-19,13.093499187657383
2023-04-20,14.486902297276838
2023-04-21,13.571225401943066
2023-04-22,13.910161290322582
2023-04-23,16.323258842627958
2023-04-24,14.622141151332329
2023-04-26,12.680539995599968
2023-04-27,13.536685213309182
2023-04-28,16.12728327759197
2023-04-29,15.398407328661678
2023-04-30,12.095347674398447
2023-05-01,9.657720336661813
2023-05-02,10.428640789607035
2023-05-03,12.339641231884057
2023-05-04,14.834630370370371
2023-05-05,16.250910286320256
2023-05-06,13.182319114820297
2023-05-07,783.6868456712433
2023-05-08,453.69288483609955
2023-05-09,51.02198815522686
2023-05-10,12.692011942774474
2023-05-11,11.126401879966325
2023-05-12,11.19767450030679
2023-05-13,9.979704335794588
2023-05-14,9.249923206322663
2023-05-15,8.346014561243909
2023-05-16,8.781427511844106
2023-05-17,9.457020276050027
2023-05-18,12.073230258628064
2023-05-19,13.465716107617679
2023-05-20,12.714515273737033
2023-05-21,16.267750043192382
2023-05-22,19.499879341320305
2023-05-23,20.09620779295966
2023-05-24,20.03525092682706
2023-05-25,19.399021275821276
2023-05-26,18.205933748344616
2023-05-27,17.35687962121212
2023-05-28,16.34324256584537
2023-05-29,15.990857089241034
2023-05-30,15.259137982856515
2023-05-31,14.20829938300485
2023-06-01,15.31252161986841
2023-06-02,15.72803353938677
2023-06-03,14.830826877787068
2023-06-04,13.978091383712906
2023-06-05,12.215331682668065
2023-06-06,13.08371191588785
2023-06-07,13.1483714766078
2023-06-08,15.094962732832915
2023-06-09,15.772249074006922
2023-06-10,15.587100520985254
2023-06-11,13.193840439954196
2023-06-12,12.850700851486813
2023-06-13,12.160492080906588
2023-06-14,12.399525276438094
2023-06-15,14.888119335260821
2023-06-16,16.356238204867864
2023-06-17,16.593068268128143
2023-06-18,18.37836060637134
2023-06-19,19.434127403041803
2023-06-20,20.56498719591097
2023-06-21,25.129321069000895
2023-06-22,28.464066252513696
2023-06-23,24.993963565849473
2023-06-24,14.91197662738496
2023-06-25,14.799394514952743
2023-06-26,17.8210990951795
2023-06-27,20.145530451049982
2023-06-28,19.911406298035818
2023-06-29,17.649831712962964
2023-06-30,18.383748270446006
2023-07-01,16.62752900946221
2023-07-02,17.343930595813205
2023-07-03,18.73410696051057
2023-07-04,17.524601818608794
2023-07-05,16.17001237076649
2023-07-06,16.510860973387576
2023-07-07,18.713319206222575
2023-07-08,19.99503193073593
2023-07-09,21.510570642201834
2023-07-10,24.280335657349898
2023-07-11,28.88775863770556
2023-07-12,34.07782443056653
2023-07-13,29.00383011849262
2023-07-14,26.790697674418606
2023-07-15,34.93333333333333
2023-07-16,29.4
2023-07-17,28.77777777777778
2023-07-18,33.88636363636363
2023-07-19,34.375237644238204
2023-07-20,33.316106361258875
2023-07-21,31.36305396525145
2023-07-22,29.46503921408237
2023-07-23,27.881018901201607
2023-07-24,40.40748399052638
2023-07-25,39.791226793847976
2023-07-26,28.33471600973856
2023-07-27,19.452380952380953
2023-07-28,17.2
2023-07-29,17.511111111111113
2023-07-30,16.57777777777778
2023-07-31,16.977272727272727
2023-08-01,21.355555555555554
2023-08-02,22.934782608695652
2023-08-03,18.812833694083697
2023-08-04,16.79710365521647
2023-08-05,10.498765273935708
2023-08-06,17.1196058144411
2023-08-07,17.5042199006909
2023-08-08,13.454358623841232
2023-08-09,14.423685160447231
2023-08-10,15.872331056549013
2023-08-11,17.341767092200847
2023-08-12,15.390750681610465
2023-08-13,15.217197789115646
2023-08-14,16.402804605700975
2023-08-15,16.684935519376157
2023-08-16,17.991465855573
2023-08-17,22.413178494339455
2023-08-18,22.872278817611406
2023-08-19,25.253838241436927
2023-08-20,21.57909755360918
2023-08-21,25.17610001391402
2023-08-22,26.89269861660079
2023-08-23,26.724604691660883
2023-08-24,26.84948617582321
2023-08-25,25.93723648051618
2023-08-26,24.84090909090909
2023-08-27,24.19039640591966
2023-08-28,19.33177477930649
2023-08-29,12.875912806084639
2023-08-30,13.996327800779975
2023-08-31,16.892044557040112
2023-09-01,17.30372885674095
2023-09-02,198.88806202612673
2023-09-03,877.1168232208603
2023-09-04,603.0499641689235
2023-09-05,14.94347316693723
2023-09-06,16.551287569573283
2023-09-07,17.753942378766666
2023-09-08,21.213808249768217
2023-09-09,23.06357534917912
2023-09-10,21.539385219562707
2023-09-11,23.387537515094884
2023-09-12,24.296824536008486
2023-09-13,22.55743133365348
2023-09-14,20.684565780570345
2023-09-15,18.990438411017852
2023-09-16,19.922138866314505
2023-09-17,23.00805845959596
2023-09-18,27.338256788351696
2023-09-19,26.127271101697417
2023-09-20,23.331624414755566
2023-09-21,20.952746485458984
2023-09-22,26.98269404889204
2023-09-23,13.524492187053418
2023-09-24,9.069124260220221
2023-09-25,9.812638579596179
2023-09-26,15.278583903943415
2023-09-27,24.561463447714367
2023-09-28,28.02205004589306
2023-09-29,27.975552123427835
2023-09-30,26.59688127155217
2023-10-01,24.18137986555173
2023-10-02,26.960678118303626
2023-10-03,26.112720311606633
2023-10-04,23.745540391697787
2023-10-05,24.19779762140034
2023-10-06,25.194439620020898
2023-10-07,24.83265019520852
2023-10-08,23.429314707285812
2023-10-09,26.285921881964708
2023-10-10,25.338225884071583
2023-10-11,25.482684096414506
2023-10-12,27.693091052628397
2023-10-13,27.150025364231286
2023-10-14,25.301342207391375
2023-10-15,21.43836964886965
2023-10-16,14.375058082339041
2023-10-17,12.361383487173018
2023-10-18,15.30867864283175
2023-10-19,24.303315572252465
2023-10-20,39.14750766376527
2023-10-21,14.103928776675362
2023-10-22,13.123674744607817
2023-10-23,20.749459693116563
2023-10-24,29.866845226014075
2023-10-25,14.88621949801965
2023-10-26,17.22255449811221
2023-10-27,21.228393625289986
2023-10-28,17.457681911235184
2023-10-29,15.126601058328099
2023-10-30,19.63315820804551
2023-10-31,19.52959221973904
2023-11-01,14.416825411305826
2023-11-02,12.227419536935223
2023-11-03,14.52287261904762
2023-11-04,10.885063225062284
2023-11-05,21.275821258036395
2023-11-06,20.578722728981965
2023-11-07,17.613377551574423
2023-11-08,18.544629990372986
2023-11-09,15.374070947824105
2023-11-10,10.84451886028099
2023-11-11,17.82965468345199
2023-11-12,18.000190382407116
2023-11-13,22.316013266043498
2023-11-14,26.112269950530738
2023-11-15,25.790679441373676
2023-11-16,20.076245921255342
2023-11-17,22.163265426550993
2023-11-18,19.230570671883488
2023-11-19,24.795101354462957
2023-11-20,28.9780062895756
2023-11-21,20.62105405280798
2023-11-22,11.082070753496499
2023-11-23,14.34236770516988
2023-11-24,23.563525897636765
2023-11-25,14.45855508732412
2023-11-26,19.999510563579722
2023-11-27,25.42833197727894
2023-11-28,22.811482780163594
2023-11-29,27.485100879862504
2023-11-30,23.577796198522925
2023-12-01,39.077616031083785
2023-12-02,38.83844900793651
2023-12-03,23.70226170568562
2023-12-04,23.83310321077473
2023-12-05,20.23160435514566
2023-12-06,22.546315311457704
2023-12-07,24.796979784567178
2023-12-08,25.7998779371862
2023-12-09,25.6494213036566
2023-12-10,21.10215739675606
2023-12-11,22.997438667919255
2023-12-12,25.658665211206753
2023-12-13,22.280607660455484
2023-12-14,19.904252824818535
2023-12-15,16.483842771940793
2023-12-16,15.370635830342904
2023-12-17,24.005723967771996
2023-12-18,37.78126660468319
2023-12-19,43.90416640520247
2023-12-20,43.66534894073478
2023-12-21,40.865058251583584
2023-12-22,30.475708349915433
2023-12-23,31.33367039068162
2023-12-24,32.89455589970501
2023-12-25,28.845376445037715
2023-12-26,26.549533751725328
2023-12-27,31.49496936552514
2023-12-28,36.274120630119725
2023-12-29,35.656405472921435
2023-12-30,31.605281010022587
2023-12-31,31.43278883311763
2024-01-01,28.52702451043823
2024-01-02,22.35263795093795
2024-01-03,24.81114769137867
2024-01-04,27.451715689401755
2024-01-05,21.3031877330706
2024-01-06,14.29873104282533
2024-01-07,12.130408920097473
2024-01-08,12.480491244544107
2024-01-09,19.556509399885737
2024-01-10,22.07085061162064
2024-01-11,20.022357219908713
2024-01-12,23.074320538854842
2024-01-13,29.542864583333333
2024-01-14,29.852538185817803
2024-01-15,30.222869674509827
2024-01-16,29.49386308714804
2024-01-17,26.438852059400137
2024-01-18,32.89027033998038
2024-01-19,24.317730497177838
2024-01-20,13.152618308456171
2024-01-21,20.49102383742911
2024-01-22,30.86904375176454
2024-01-23,30.67443376685838
2024-01-24,35.79107594191341
2024-01-25,38.87948290173785
2024-01-26,36.68851000639888
2024-01-27,36.160395876035196
2024-01-28,36.0676369319901
2024-01-29,36.20791370521807
2024-01-30,40.074341439376624
2024-01-31,45.71406233355419
2024-02-01,54.20694707353952
2024-02-02,47.45674494724666
2024-02-03,42.48347914150379
2024-02-04,39.5891709335193
2024-02-05,37.25822992338826
2024-02-06,49.30923710579266
2024-02-07,38.15076587781663
2024-02-08,37.35169333089604
2024-02-09,34.14837244841216
2024-02-10,43.4731180818344
2024-02-11,13.710345211104952
2024-02-12,20.15781980020711
2024-02-13,24.968670385075495
2024-02-14,27.42761064084961
2024-02-15,36.83198708665804
2024-02-16,48.09845315384085
2024-02-17,50.14325221463824
2024-02-18,50.44933944060789
2024-02-19,50.68719534558673
2024-02-20,39.263353498477294
2024-02-21,28.420674851405863
2024-02-22,26.408237773507434
2024-02-23,15.183229207429944
2024-02-24,14.269262655882807
2024-02-25,12.970868390004235
2024-02-26,13.308285233391679
2024-02-27,14.77192917155205
2024-02-28,32.316422163475664
2024-02-29,21.895713420177554
2024-03-01,16.06945249543426
2024-03-02,13.709825758379017
2024-03-03,13.16291451965812
2024-03-04,12.103343693898259
2024-03-05,19.51092398808655
2024-03-06,15.73448564303367
2024-03-07,18.404844899895423
2024-03-08,19.17038749346216
2024-03-09,12.3844101679071
2024-03-10,14.446895172107844
2024-03-11,10.828574406013889
2024-03-12,13.108695652173912
2024-03-13,18.90814876211744
2024-03-14,21.417246402689702
2024-03-15,19.192664370404966
2024-03-16,20.386560946620456
2024-03-17,19.94033665681372
2024-03-18,21.368341241628684
2024-03-19,19.345229514019618
2024-03-20,20.39466576956243
2024-03-21,17.34901271043644
2024-03-22,16.27868191083115
2024-03-23,18.86546135527778
2024-03-24,13.297649967337033
2024-03-25,13.819376095873304
2024-03-26,16.653269108970385
2024-03-27,17.543532625878644
2024-03-28,17.913616305381698
2024-03-29,54.13032856950468
2024-03-30,82.68835012589408
2024-03-31,76.0209411385166
2024-04-01,54.1049501035195
2024-04-02,14.056320525763862
2024-04-03,15.354974586931888
2024-04-04,16.78388149444707
2024-04-05,16.37569925551279
2024-04-06,14.823345381825183
2024-04-07,15.317458199679587
2024-04-08,22.588963249298605
2024-04-09,22.70899277612639
2024-04-10,13.180190247057162
2024-04-11,16.037323295440697
2024-04-12,22.111397580518783
2024-04-13,24.699045108112628
2024-04-14,22.538238686255198
2024-04-15,21.578537412007623
2024-04-16,21.596469013791953
2024-04-17,11.878207904230903
2024-04-18,9.46364975714006
2024-04-19,10.53095412804694
2024-04-20,10.273484784855798
2024-04-21,7.339121768304686
2024-04-22,7.754621957745697
2024-04-23,8.502825141551101
2024-04-24,8.236803759624497
2024-04-25,9.110489594945586
2024-04-26,11.306750906737825
2024-04-27,14.724460963732291
2024-04-28,17.41388857230575
2024-04-29,19.806044812911882
2024-04-30,21.225585610147277
2024-05-01,16.144134362235242
2024-05-02,10.455696508373629
2024-05-03,8.25969741510537
2024-05-04,10.622431867899852
2024-05-05,10.520351727196648
2024-05-06,11.817341679925335
2024-05-07,12.35322195052893
2024-05-08,11.734456597146169
2024-05-09,10.239887379944792
2024-05-10,13.652831262386485
2024-05-11,15.204120664929848
2024-05-12,15.416584743784387
2024-05-13,28.397594094299752
2024-05-14,14.615453654568372
2024-05-15,14.296090973637208
2024-05-16,16.975852654743665
2024-05-17,12.370214576687866
2024-05-18,14.8749579170865
2024-05-19,26.895583973416848
2024-05-20,43.661678248458394
2024-05-21,17.76276810899324
2024-05-22,10.161228521106338
2024-05-23,8.24320683839798
2024-05-24,11.173601990624613
2024-05-25,10.048754799704538
2024-05-26,9.310432716254793
2024-05-27,11.11021655935452
2024-05-28,12.12109686336447
2024-05-29,13.246820058061129
2024-05-30,13.307383277385174
2024-05-31,12.407927978988928
2024-06-01,11.809892715818044
2024-06-02,11.03181980048341
2024-06-03,10.765738469544095
2024-06-04,10.128454013629405
2024-06-05,12.652608400461286
2024-06-06,14.255426569023035
2024-06-07,15.144306570970839
2024-06-08,16.112578626518726
2024-06-09,20.426948656199226
2024-06-10,25.081257621214768
2024-06-11,17.50098843275222
2024-06-12,17.723050791551273
2024-06-13,16.261211059745303
2024-06-14,14.238432256688828
2024-06-15,13.722008815982873
2024-06-16,13.044874113037723
2024-06-17,18.413061061508554
2024-06-18,20.533976386859237
2024-06-19,26.56746828678119
2024-06-20,42.55308802417862
2024-06-21,52.20009326414372
2024-06-22,24.66669229264251
2024-06-23,13.468512650446849
2024-06-24,12.222457536259826
2024-06-25,13.534873236052881
2024-06-26,12.168108489681591
2024-06-27,13.247745152176401
2024-06-28,15.757506908033854
2024-06-29,26.002321679488592
2024-06-30,23.867355295880987
2024-07-01,19.397027770907915
2024-07-02,15.076287409959725
2024-07-03,13.637253701844227
2024-07-04,13.67596018242047
2024-07-05,15.454513353606563
2024-07-06,18.399370534678724
2024-07-07,19.916092666754565
2024-07-08,24.488628021303615
2024-07-09,24.040865161558603
2024-07-10,28.52795126636478
2024-07-11,24.79269919212085
2024-07-12,22.205174127694093
2024-07-13,19.80277644700966
2024-07-14,16.940055251029644
2024-07-15,18.873475596241427
2024-07-16,20.955091013873705
2024-07-17,21.75248427071663
2024-07-18,22.739571147759072
2024-07-19,24.540391314128517
2024-07-20,17.285833615192182
2024-07-21,16.378305659400347
2024-07-22,19.113241864225145
2024-07-23,19.781981810343108
2024-07-24,21.626657160954252
2024-07-25,18.535369637795018
2024-07-26,18.04168528684884
2024-07-27,19.422559145369647
2024-07-28,19.444678472721964
2024-07-29,20.336453713263726
2024-07-30,19.59364119498303
2024-07-31,21.003491705751117
2024-08-01,22.623633890996494
2024-08-02,19.737557251387436
2024-08-03,19.39385643646263
2024-08-04,17.475391755365905
2024-08-05,18.05421224220715
2024-08-06,20.14833416437205
2024-08-07,20.108075395971046
2024-08-08,18.06968475467048
2024-08-09,19.31698933028774
2024-08-10,20.203142559005006
2024-08-11,19.42706898379483
2024-08-12,20.50065793834901
2024-08-13,19.320760794922425
2024-08-14,17.985054286880363
2024-08-15,18.79084601647324
2024-08-16,24.191407531323257
2024-08-17,27.06391012532259
2024-08-18,15.5244158086793
2024-08-19,12.0360598716595
2024-08-20,12.751325545840793
2024-08-21,15.758429092937718
2024-08-22,35.759907255681306
2024-08-23,32.49250105202974
2024-08-24,19.677557139222163
2024-08-25,17.279794442562828
2024-08-26,22.340471238470776
2024-08-27,22.634633511176553
2024-08-28,17.928683753402144
2024-08-29,24.531680496785736
2024-08-30,24.465938952786054
2024-08-31,35.74820347384715
2024-09-01,19.918616308234025
2024-09-02,23.153350785624475
2024-09-03,20.215899029760163
2024-09-04,20.521048696275287
2024-09-05,22.35131122801167
2024-09-06,16.036818585126603
2024-09-07,21.404853909406338
2024-09-08,35.862813658970076
2024-09-09,15.64305278043419
2024-09-10,15.830089586247688
2024-09-11,15.580475635615851
2024-09-12,21.0045925195118
2024-09-13,18.103132881021292
2024-09-14,7.881824398035072
2024-09-15,17.121171066930515
2024-09-16,22.799496235632496
2024-09-17,18.774594376533376
2024-09-18,19.339318015786255
2024-09-19,18.22225689835952
2024-09-20,27.206772671586574
2024-09-21,23.90340641689191
2024-09-22,27.956571570204908
2024-09-23,29.966565136798412
2024-09-24,26.731176261933076
2024-09-25,14.7234997354535
2024-09-26,28.147017265623276
2024-09-27,29.994589888863082
2024-09-28,22.882003391714022
2024-09-29,11.147595128991101
2024-09-30,13.157880568483842
2024-10-01,18.808471045702152
2024-10-02,18.99657901069479
2024-10-03,12.024623518347727
2024-10-04,9.3069707961243
2024-10-05,10.160869937083842
2024-10-06,11.589332027449691
2024-10-07,16.049211390982617
2024-10-08,14.774893688829966
2024-10-09,14.465314024597232
2024-10-10,15.26496705642298
2024-10-11,16.19075870378082
2024-10-12,15.681211177950185
2024-10-13,16.684724325831358
2024-10-14,20.07787502022345
2024-10-15,25.838311997581318
2024-10-16,28.81833135067764
2024-10-17,24.38416365733997
2024-10-18,17.949855757614277
2024-10-19,12.44880717191308
2024-10-20,14.468269419888939
2024-10-21,21.032400242433564
2024-10-22,25.173760446150784
2024-10-23,23.470468870428938
2024-10-24,19.304470620272067
2024-10-25,20.987014678513404
2024-10-26,18.002263133403687
2024-10-27,20.256289228954476
2024-10-28,22.326726034003883
2024-10-29,25.435530076365417
2024-10-30,34.30531656397619
2024-10-31,27.500552415514132
2024-11-01,23.0060328555176
2024-11-02,23.987785631262074
2024-11-03,21.599137914741316
2024-11-04,25.847426692188773
2024-11-05,24.723025466910393
2024-11-06,27.24439090710489
2024-11-07,29.53229325722043
2024-11-08,35.52264445068735
2024-11-09,30.114832735209944
2024-11-10,27.31523593077833
2024-11-11,26.463563330400408
2024-11-12,24.942522479157496
2024-11-13,29.335253070799148
2024-11-14,27.958791349274204
2024-11-15,33.03566626004708
2024-11-16,37.066722257279395
2024-11-17,47.53011573209449
2024-11-18,1287.652942899978
2024-11-19,37.64833078147073
2024-11-20,29.842567133128174
2024-11-21,13.54568121237284
2024-11-22,14.712344203754055
2024-11-23,18.455461259668986
2024-11-24,23.948777901746094
2024-11-25,29.899573324352406
2024-11-26,70.60062754705999
2024-11-27,31.677065291122027
2024-11-28,29.614644980923103
2024-11-29,27.337638680830207
2024-11-30,21.986142083542784
2024-12-01,21.86868274170417
2024-12-02,32.55989501724767
2024-12-03,37.2756943151052
2024-12-04,31.673158237138704
2024-12-05,23.47936143904156
2024-12-06,31.095125984989124
2024-12-07,33.01918315671254
2024-12-08,167.75888657451668
2024-12-09,1367.322565927979
2024-12-10,49.507462207434855
2024-12-11,25.621439843622085
2024-12-12,29.069649719312824
2024-12-13,32.41183593711058
2024-12-14,30.722986786095227
2024-12-15,25.68283053500597
2024-12-16,31.71619837196033
2024-12-17,39.15934787087723
2024-12-18,40.91578479459185
2024-12-19,30.30123981702566
2024-12-20,12.188670774395042
2024-12-21,16.477901398891145
2024-12-22,24.21106465321107
2024-12-23,13.217685573945111
2024-12-24,13.322227521881757
2024-12-25,19.22138300749938
2024-12-26,24.537848481298443
2024-12-27,30.286879104010808
2024-12-28,35.388905632287134
2024-12-29,41.90653460095587
2024-12-30,44.5826979715844
2024-12-31,52.003409712392035
2025-01-01,74.16005179015991
2025-01-02,55.643929020568315
2025-01-03,35.2654030110087
2025-01-04,31.31860486564712
2025-01-05,31.96486017565658
2025-01-06,33.70709874897652
2025-01-07,28.15566052901515
2025-01-08,27.220679148344033
2025-01-09,22.989393080864165
2025-01-10,24.913358695128984
2025-01-11,21.24016531653731
2025-01-12,15.311556597309883
2025-01-13,16.921059177069527
2025-01-14,16.369565217391305
2025-01-15,25.404255319148938
2025-01-16,23.27659574468085
2025-01-17,16.32608695652174
2025-01-18,25.291111269035948
2025-01-19,23.026766100000003
2025-01-20,20.130085899234693
2025-01-21,22.26402696036125
2025-01-22,23.348793488717952
2025-01-23,24.63650349339934
2025-01-24,28.37923526328502
2025-01-25,29.71443462249191
2025-01-26,21.057596346078434
2025-01-27,19.066180383940242
2025-01-28,16.144520367599906
2025-01-29,21.57854706377551
2025-01-30,27.43520938448276
2025-01-31,31.007534308006534
2025-02-01,23.452569016080403
2025-02-02,19.212617286757425
2025-02-03,21.954705614055555
2025-02-04,26.348740502178217
2025-02-05,30.49926231590136
2025-02-06,34.04634169859903
2025-02-07,32.79503994731703
2025-02-08,29.339494568345323
2025-02-09,21.58046355
2025-02-10,24.048741687431693
2025-02-11,27.94252314213596
2025-02-12,25.137879026633986
2025-02-13,27.607532863069306
2025-02-14,16.190871538166665
2025-02-15,13.728670307557756
2025-02-16,21.70851979178982
2025-02-17,26.201870460360894
2025-02-18,27.75538159650165
2025-02-19,27.512338825268294
2025-02-20,32.43900789449838
2025-02-21,41.558218993236245
2025-02-22,51.2568834210396
2025-02-23,24.680851063829788
2025-02-24,48.6073366295
2025-02-25,44.7655999934466
2025-02-26,21.19859973990148
2025-02-27,18.55344761466346
2025-02-28,23.9049536734375
2025-03-01,17.958333333333332
2025-03-02,68.99658931154471
2025-03-03,19.59740210759804
2025-03-04,23.166666666666668
2025-03-05,32.14970534351396
2025-03-06,36.34684903707317
2025-03-07,28.958333333333332
2025-03-08,36.148936170212764
2025-03-09,35.585857154111494
2025-03-10,20.146944009061485
2025-03-11,20.06059867674797
2025-03-12,13.76686624925373
2025-03-13,14.221615134210527
2025-03-14,21.63980209547325
2025-03-15,22.190989739967637
2025-03-16,13.41303370675
2025-03-17,14.172239868788306
2025-03-18,13.302298590429043
2025-03-19,20.879058549021813
2025-03-20,29.42913900226537
2025-03-21,68.76232784063644
2025-03-22,24.819560421765388
2025-03-23,20.100872722975023
2025-03-24,20.880175718340407
2025-03-25,16.462682806198686
2025-03-26,17.19371237667484
2025-03-27,12.286437185608726
2025-03-28,11.798088292364532
2025-03-29,12.234269494530745
2025-03-30,9.380976975568554
2025-03-31,9.555213927241521
2025-04-01,10.135783975502564
2025-04-02,14.855583150185062
2025-04-03,31.191131733567577
2025-04-04,24.73056404784953
2025-04-05,23.043182627289845
2025-04-06,17.99126222876968
2025-04-07,16.873928380749284
2025-04-08,16.772464966257814
2025-04-09,19.650820047339423
2025-04-10,20.755756631223132
2025-04-11,23.75752316377401
2025-04-12,18.785881056905815
2025-04-13,17.49403931851604
2025-04-14,32.90314291038756
2025-04-15,39.62178850925925
2025-04-16,30.211873514692034
2025-04-17,37.87985621238226
2025-04-18,13.445819596427297
2025-04-19,12.23316634958121
2025-04-20,12.445387248929803
2025-04-21,12.78676632318283
2025-04-22,14.429887313443194
2025-04-23,15.061186896960168
2025-04-24,13.437831501556868
2025-04-25,11.162984643725558
2025-04-26,8.99579660545153
2025-04-27,9.668931749809934
2025-04-28,13.701411638903368
2025-04-29,17.452172082523713
2025-04-30,16.43481861367165
2025-05-01,16.9453750191951
2025-05-02,19.1879067895722
2025-05-03,16.19148936170213
2025-05-04,14.956552324174918
2025-05-05,21.522226472337785
2025-05-06,10.801196567153436
2025-05-07,10.504894716371366
2025-05-08,11.372665921166638
2025-05-09,11.360792031959969
2025-05-10,12.132852268367447
2025-05-11,12.439094564682827
2025-05-12,14.130056545043487
2025-05-13,18.978345809321496
2025-05-14,12.215586222317956
2025-05-15,13.842111889339538
2025-05-16,13.508113645390255
2025-05-17,12.153069433136228
2025-05-18,21.402062906473862
2025-05-19,16.12682288510479
2025-05-20,16.561567580871014
2025-05-21,13.688377596224848
2025-05-22,21.405427477518696
2025-05-23,11.639740680081937
2025-05-24,9.614558427395696
2025-05-25,12.095303164898679
2025-05-26,14.883963956646692
2025-05-27,13.425001406065205
2025-05-28,14.187847875224461
2025-05-29,13.44048357524709
2025-05-30,14.330032621256317
2025-05-31,15.784760943246424
2025-06-01,15.893996098928604
2025-06-02,13.22354090601667
2025-06-03,14.204816903553763
2025-06-04,23.404227995131208
2025-06-05,20.870227893245243
2025-06-06,21.736195961301483
2025-06-07,23.328967637839032
2025-06-08,25.78367830353261
2025-06-09,30.01401949502761
2025-06-10,28.903147235342118
2025-06-11,33.69944848171114
2025-06-12,35.96974350171809
2025-06-13,37.86909682694033
2025-06-14,36.05225146269679
2025-06-15,26.201365094505796
2025-06-16,24.57162635974265
2025-06-17,17.203817304923078
2025-06-18,17.54909162163636
2025-06-19,46.53297002514588
2025-06-20,29.19755560460032
2025-06-21,21.976246569424745
2025-06-22,15.679906306690382
2025-06-23,20.089084792638015
2025-06-24,22.787307674600143
2025-06-25,21.80320357815438
2025-06-26,21.96736591692018
2025-06-27,19.02179411982513
2025-06-28,18.936208175614635
2025-06-29,15.727999591525881
2025-06-30,17.92942236211542
2025-07-01,17.69795219408623
2025-07-02,17.53420574996468
2025-07-03,18.72841244620822
2025-07-04,19.418532211154357
2025-07-05,17.014562571008327
2025-07-06,15.532287355781339
2025-07-07,15.052282696360727
2025-07-08,13.112740176192752
2025-07-09,9.849044506729818
2025-07-10,11.598659657796507
2025-07-11,13.995926152824278
2025-07-12,13.284741757943745
2025-07-13,11.623814425473775
2025-07-14,14.02440862455751
2025-07-15,14.724518475323698
2025-07-16,17.520058445789786
2025-07-17,16.935275573323942
2025-07-18,14.58231595022423
2025-07-19,16.411487680874867
2025-07-20,18.471362697064702
2025-07-21,18.318905516470174
2025-07-22,16.99934300132705
2025-07-23,19.06092147908333
2025-07-24,15.732174930811846
2025-07-25,14.308994213152992
2025-07-26,12.848656648748324
2025-07-27,10.88650878553223
2025-07-28,12.215806063062018
2025-07-29,9.211102423300382
2025-07-30,10.303065520353966
2025-07-31,13.10643937458205
2025-08-01,14.741776137998
2025-08-02,11.741346284149381
2025-08-03,11.096705297124515
2025-08-04,10.949111012566759
2025-08-05,13.182461026544354
2025-08-06,15.339556152753381
2025-08-07,15.665393643501396
2025-08-08,18.893191304348935
2025-08-09,19.989145416213336
2025-08-10,21.052487237250574
2025-08-11,23.4232650771098
2025-08-12,26.5598224612161
2025-08-13,27.193602462708434
2025-08-14,26.543586411378456
2025-08-15,22.271958899278452
2025-08-16,22.222904323974056
2025-08-17,18.46094878140866
2025-08-18,18.242571041519152
2025-08-19,18.689063232643946
2025-08-20,16.91526076736913
2025-08-21,15.687587490564807
2025-08-22,15.278844195570603
2025-08-23,14.694079523276573
2025-08-24,16.820669709578453
2025-08-25,15.217660006406954
2025-08-26,16.83824517510568
2025-08-27,19.478153365799965
2025-08-28,18.851172111921926
2025-08-29,18.79084546786283
2025-08-30,12.078203278416195
2025-08-31,11.139033931834767
2025-09-01,13.036185089367667
2025-09-02,12.213700697819155
2025-09-03,13.847932042662563
2025-09-04,15.316109888706794
2025-09-05,15.10897019737582
2025-09-06,13.166492537389198
2025-09-07,13.480491944950883
2025-09-08,18.23404159156292
2025-09-09,18.776517328532588
2025-09-10,13.630910220655657
2025-09-11,58.716305567755995
2025-09-12,17.172946105352114
2025-09-13,16.339166080078588
2025-09-14,13.626001983314504
2025-09-15,14.908340207931353
2025-09-16,14.714523079390798
2025-09-17,15.327226053613591
2025-09-18,17.689893958047403
2025-09-19,18.96953730381031
2025-09-20,22.23502502820902
2025-09-21,18.404079397110245
2025-09-22,12.764888257764476
2025-09-23,11.96023130869002
2025-09-24,10.45107650873106
2025-09-25,10.433264882716117
2025-09-26,11.266338459311767
2025-09-27,9.973699676288325
2025-09-28,9.451687689283842
2025-09-29,12.790877679045156
2025-09-30,17.240093985177506
2025-10-01,13.859883713005958
2025-10-02,11.941509635884048
2025-10-03,15.537306163251333
2025-10-04,23.735816384639175
2025-10-05,13.224074904939549
2025-10-06,10.741537857260004
2025-10-07,16.401375916069224
2025-10-08,21.344247510927058
2025-10-09,27.234932946242967
2025-10-10,32.80815866753719
2025-10-11,28.87344955798611
2025-10-12,25.783790390789473
2025-10-13,25.035785471751844
2025-10-14,24.967605360876085
2025-10-15,22.039582884064096
2025-10-16,15.612243126752118
2025-10-17,17.91542105091648
2025-10-18,21.776636029996908
2025-10-19,38.028686944966736
2025-10-20,23.58060228006003
2025-10-21,15.665335731640402
2025-10-22,18.7024016017024
2025-10-23,19.957572172248963
2025-10-24,18.980853879688272
2025-10-25,16.72698838260499
2025-10-26,16.026623292652683
2025-10-27,16.655566726588205
2025-10-28,23.848365406511626
2025-10-29,25.97959886796636
2025-10-30,18.092081995627503
2025-10-31,18.481630377473174
2025-11-01,19.937461327639916
2025-11-02,19.285663128095237
2025-11-03,13.929601660697674
2025-11-04,16.731808502660407
2025-11-05,23.39067028515504
2025-11-06,24.714720899528302
2025-11-07,25.958873575649847
2025-11-08,26.840368684454543
2025-11-09,24.275869849787878
2025-11-10,30.356389030218068
2025-11-11,31.234964850167426
2025-11-12,28.26246864975078
2025-11-13,30.19956415403994
2025-11-14,36.817664797695855
2025-11-15,43.51645371819433
2025-11-16,35.71962977879505
2025-11-17,19.250697055563105
2025-11-18,11.790382232645785
2025-11-19,15.806937900586023
2025-11-20,19.26048340882883
2025-11-21,13.33575163973262
2025-11-22,10.584800013369764
2025-11-23,18.217872338213628
2025-11-24,19.619976862568304
2025-11-25,17.84453829654378
2025-11-26,16.468783969104
2025-11-27,16.22655508644539
2025-11-28,22.08242909520713
2025-11-29,34.56290869078212
2025-11-30,32.198284691727494
2025-12-01,7964.418415658288
2025-12-02,28.366150793209158
2025-12-03,29.78089455498713
2025-12-04,26.015977388334186
2025-12-05,22.942333546791446
2025-12-06,22.85994173244207
2025-12-07,25.463725085477478
2025-12-08,31.144478604283716
2025-12-09,38.43409238870968
2025-12-10,41.359168860976474
2025-12-11,45.78770786619981
2025-12-12,40.21008077756345
2025-12-13,37.96905550806595
2025-12-14,34.04022933666666
2025-12-15,37.81552282342342
2025-12-16,27.31087602459016
2025-12-17,22.921159232280218
2025-12-18,34.253985853469025
2025-12-19,39.854166666666664
2025-12-20,32.29935831043907
2025-12-21,26.11725478810811
2025-12-22,25.629654932789855
2025-12-23,20.599280159378733
2025-12-24,10.330362381767955
2025-12-25,12.265473202930401
2025-12-26,14.193223637887069
2025-12-27,21.21919879945055
2025-12-28,23.050432374242426
2025-12-29,32.186866319337014
2025-12-30,32.721771534414415
2025-12-31,31.673820338586957
2026-01-01,46.50562039956757
2026-01-02,33.33582980815218
2026-01-03,30.07526971845878
2026-01-04,27.428044247802198
2026-01-05,23.13591658772894
2026-01-06,29.11572147541436
2026-01-07,21.64689846320225
2026-01-08,33.648168142896175
2026-01-09,35.77613155635359
2026-01-10,28.839336081261262
2026-01-11,18.082702349256074
2026-01-12,31.623807178166278
2026-01-13,39.53522633613246
2026-01-14,40.06473330644363
2026-01-15,44.25188318522902
2026-01-16,44.54041077715043
2026-01-17,38.86354565421249
2026-01-18,25.24218526543014
2026-01-19,21.822427127793947
2026-01-20,24.99569794238493
2026-01-21,31.098185199550272
2026-01-22,12957.113078836783
2026-01-23,221285827057.3457
2026-01-24,28.31162310191249
2026-01-25,17.506787778559715
2026-01-26,18.892932300917938
2026-01-27,23.411959439821132
2026-01-28,12.977122327555495
2026-01-29,20.893082478945335
2026-01-30,25.116276718908587
2026-01-31,25.34988285887034
2026-02-01,23.314444622520387
2026-02-02,30.2657661457265
2026-02-03,22.162407746434937
2026-02-04,23.550762538777757
2026-02-05,14.137245948673549
2026-02-06,15.35477639999124
2026-02-07,21.793058415401205
2026-02-08,26.078543524891774
2026-02-09,21.572676319761293
2026-02-10,23.75443978422619
2026-02-11,17.204674043976855
2026-02-12,18.8119245986532
2026-02-13,20.21829160649586
2026-02-14,16.935181079244305
2026-02-15,13.770920461050725
2026-02-16,18.34792084088713
2026-02-17,14.862227193865674
2026-02-18,19.917951310982197
2026-02-19,15.971296015186113
2026-02-20,17.72516122884893
2026-02-21,19.23643377942045
2026-02-22,26.4842329564322
2026-02-23,33.99585615725171
2026-02-24,35.105125501496154
2026-02-25,33.87231955331466
2026-02-26,32.82392828495146
2026-02-27,36.292619199753695
2026-02-28,30.512268291309525
