date,france_no2_mean
2017-11-01,26.904761904761905
2017-11-02,38.395348837209305
2017-11-05,11.225
2017-11-06,14.9
2017-11-07,15.902439024390244
2017-11-08,28.048780487804876
2017-11-09,32.02325581395349
2017-11-13,15.585365853658537
2017-11-14,28.0
2017-11-15,30.8
2017-11-16,31.651162790697676
2017-11-20,32.951219512195124
2017-11-21,37.0
2017-11-22,40.904761904761905
2017-11-23,34.75675675675676
2017-11-27,28.595238095238095
2017-11-28,38.0
2017-11-29,36.07142857142857
2017-11-30,33.48780487804878
2017-12-03,29.5
2017-12-04,41.675
2017-12-06,41.1219512195122
2017-12-10,24.951219512195124
2017-12-12,30.853658536585368
2017-12-13,33.7906976744186
2017-12-14,30.571428571428573
2017-12-17,27.547619047619047
2017-12-20,41.97560975609756
2017-12-21,44.26190476190476
2017-12-22,26.5
2017-12-23,40.51162790697674
2017-12-26,26.615384615384617
2017-12-27,24.142857142857142
2017-12-28,17.80952380952381
2018-01-01,27.52504418522446
2018-01-02,27.104574169791565
2018-01-03,35.18878755683676
2018-01-04,37.32674571805007
2018-01-07,29.665402763734413
2018-01-08,24.968119499800306
2018-01-09,28.11747244448729
2018-01-10,33.73831146424315
2018-01-14,27.39490859970712
2018-01-15,29.27714842524625
2018-01-16,32.31818966058096
2018-01-17,26.226451889495372
2018-01-21,33.642857142857146
2018-01-22,38.42857142857143
2018-01-23,32.825
2018-01-24,35.85
2018-01-25,38.166666666666664
2018-01-28,27.738095238095237
2018-01-29,4.846181508176393
2018-01-30,13.555006781768402
2018-01-31,16.24673459091066
2018-02-01,26.29280632411067
2018-02-02,-6.952063362258265
2018-02-03,20.191472567287782
2018-02-04,-18.875229052140597
2018-02-05,6.860446570972886
2018-02-06,-1.3168739508762135
2018-02-07,1.4810495033382178
2018-02-08,1.4075944207233893
2018-02-09,9.060919233745322
2018-02-10,4.698631239935587
2018-02-11,4.858695652173913
2018-02-12,12.481999341238472
2018-02-14,14.637608172825564
2018-02-15,-11.256340579710145
2018-02-16,43.104247888968736
2018-02-17,46.37647058823529
2018-02-18,-1.2633147051963363
2018-02-19,27.578695861304556
2018-02-21,-25.190217391304348
2018-02-22,10.054388910894426
2018-02-23,3.451028126606447
2018-02-24,-12.815705128205128
2018-02-25,-62.01811594202899
2018-02-26,-30.743630078899944
2018-02-27,-23.72549019607843
2018-02-28,-24.525641025641026
2018-03-01,4.469183678391717
2018-03-02,9.324717349494406
2018-03-03,46.13221628388464
2018-03-04,2.6357886904761907
2018-03-05,-19.196557971014492
2018-03-06,45.7193165893408
2018-03-07,13.509881675496285
2018-03-08,7.336602061884398
2018-03-09,8.029325567772075
2018-03-10,28.511946892002502
2018-03-11,-8.040604697651176
2018-03-12,4.2973292394206934
2018-03-13,16.197714678756878
2018-03-14,7.300667222270484
2018-03-15,-5.858581590294458
2018-03-17,-26.192307692307693
2018-03-18,-22.036458333333332
2018-03-19,11.179487179487179
2018-03-20,4.190356849059762
2018-03-21,-5.597097219666834
2018-03-22,26.45147414697104
2018-03-23,-35.09509154040404
2018-03-24,-16.257246376811594
2018-03-25,-25.434782608695652
2018-03-26,6.895597451394552
2018-03-27,27.9195128159061
2018-03-28,7.945970938746655
2018-03-29,-10.365191511387163
2018-03-30,-10.145833333333334
2018-03-31,-27.78768948858904
2018-04-01,10.170133007089529
2018-04-02,-21.94034090909091
2018-04-03,-7.978938653938655
2018-04-04,-8.223351305943176
2018-04-05,-1.8525280898876408
2018-04-06,4.366898697116088
2018-04-07,2.129376323074418
2018-04-08,-11.005970026350461
2018-04-09,7.587264150943396
2018-04-10,-8.226716798101751
2018-04-11,-4.6072114519322245
2018-04-12,-1.7071459253095402
2018-04-13,-5.428591295982599
2018-04-14,-6.21604267310789
2018-04-15,20.054516346477925
2018-04-16,-1.2017790262172283
2018-04-17,-2.88568881994627
2018-04-18,22.301136363636363
2018-04-19,-4.459470560978544
2018-04-20,2.791466475048376
2018-04-21,0.2768073565556401
2018-04-22,-7.4797171766517145
2018-04-23,20.121905899964545
2018-04-24,-0.9983795592491245
2018-04-25,-4.585728663446055
2018-04-26,13.724301242236026
2018-04-27,-12.855555555555556
2018-04-28,-13.555253623188404
2018-04-29,12.263792819499342
2018-04-30,-18.486789610812572
2018-05-01,-10.321080368906456
2018-05-02,-12.104432243912058
2018-05-03,-7.098456615847921
2018-05-04,-1.7776041666666669
2018-05-05,-8.69329307568438
2018-05-06,-39.94954618650271
2018-05-07,-30.05471149774139
2018-05-08,-9.420691751887404
2018-05-09,17.04544738500315
2018-05-10,18.440570192324145
2018-05-11,-6.804136874361593
2018-05-12,-11.91786761113825
2018-05-13,10.841169531513312
2018-05-14,-21.288041363456607
2018-05-15,-24.20037453183521
2018-05-16,-5.913847869106529
2018-05-17,-8.295970822045566
2018-05-18,16.44943820224719
2018-05-19,-21.57608695652174
2018-05-20,-11.817708333333334
2018-05-22,-47.796195652173914
2018-05-23,-13.135416666666666
2018-05-24,-11.1109920652544
2018-05-25,-11.752320468978994
2018-05-26,-14.842712999560826
2018-05-27,-18.611820546603155
2018-05-28,-18.374804724261246
2018-05-29,-21.000848817044467
2018-05-30,-10.073619885214088
2018-05-31,-7.756298449612403
2018-06-01,-14.716646537842191
2018-06-02,-0.7819089726698427
2018-06-03,-22.886623804111014
2018-06-04,-21.242381198347108
2018-06-05,-22.084353978013397
2018-06-06,6.254102497388942
2018-06-07,-15.31828978187674
2018-06-08,-33.306215161649945
2018-06-09,-31.752433757868538
2018-06-10,-21.9543961352657
2018-06-11,-9.455065359477123
2018-06-12,-23.921121306230003
2018-06-13,-38.08135155906895
2018-06-14,-24.05682393291089
2018-06-15,-12.052088374875641
2018-06-16,-16.447690217391305
2018-06-17,7.4147727272727275
2018-06-18,-13.573309747432555
2018-06-19,-5.679972342472342
2018-06-20,-5.192027835288704
2018-06-21,-10.666906748645879
2018-06-22,-8.199130800761235
2018-06-23,-7.292330917874396
2018-06-24,-16.285668276972626
2018-06-25,-17.476894409937888
2018-06-26,-16.309190246146766
2018-06-27,-26.059757837721225
2018-06-28,-20.69264138607388
2018-06-29,-14.558416180790386
2018-06-30,-14.731113672961497
2018-07-01,-2.5771263958184845
2018-07-02,-40.10769836041575
2018-07-03,-53.64818029739845
2018-07-04,7.791848550000724
2018-07-05,-31.5648902402419
2018-07-06,-20.118280384756357
2018-07-07,-10.906652011073115
2018-07-08,-27.438282279314887
2018-07-09,-17.459158981115504
2018-07-10,10.303847420695247
2018-07-11,7.628065774804905
2018-07-12,-8.494776387058996
2018-07-13,-25.85522425878564
2018-07-14,-29.000144104084324
2018-07-15,-44.58774779277028
2018-07-16,-25.06482049324194
2018-07-17,-23.53370786516854
2018-07-18,-0.9211639098949079
2018-07-19,19.507690657842325
2018-07-20,-16.509095435668662
2018-07-21,-18.684845870715435
2018-07-22,-23.942811264822137
2018-07-23,-17.105135379194977
2018-07-24,-9.354286951642024
2018-07-25,-17.249219650081717
2018-07-26,-18.062318312249662
2018-07-27,11.984775641025642
2018-07-28,4.466914569031274
2018-07-29,6.230699554069119
2018-07-30,-18.42509727934599
2018-07-31,-13.262723246962377
2018-08-01,-16.02008490704143
2018-08-02,-19.61857337419135
2018-08-03,-20.260074607357215
2018-08-04,-41.88173949641341
2018-08-05,-12.79933110367893
2018-08-06,3.05661231884058
2018-08-07,-37.13998127340824
2018-08-08,-33.74108529175665
2018-08-09,-25.81434212727691
2018-08-10,-19.627002513053238
2018-08-11,11.797691270643748
2018-08-12,-38.89582023296203
2018-08-13,-43.28128609285971
2018-08-14,-28.221954778587687
2018-08-15,9.567785777024907
2018-08-16,-6.316091954022989
2018-08-17,-18.577946674537586
2018-08-18,13.100101112234581
2018-08-19,-19.796085858585858
2018-08-20,14.73516289375973
2018-08-21,16.613636363636363
2018-08-22,-49.22010869565217
2018-08-23,-18.602520688072715
2018-08-24,-8.313970185489483
2018-08-25,-19.04403409090909
2018-08-26,-19.6876145260703
2018-08-27,-10.60700988882474
2018-08-28,-18.274358240920023
2018-08-29,20.312807564635627
2018-08-30,-0.9344101431460532
2018-08-31,-7.20782436162871
2018-09-01,-14.4954307568438
2018-09-02,-9.38683574879227
2018-09-03,-17.06777155614112
2018-09-04,-9.319974590626764
2018-09-05,-5.169764065778558
2018-09-06,-4.2955716586151365
2018-09-07,-19.903703703703705
2018-09-08,-33.17934782608695
2018-09-09,-34.557065217391305
2018-09-10,-49.3052536231884
2018-09-11,-16.304854698419756
2018-09-12,-3.447574980385191
2018-09-13,3.5022455402890182
2018-09-14,-9.06137461572244
2018-09-15,2.761111111111111
2018-09-16,-42.36121359700905
2018-09-17,-24.621906644080557
2018-09-18,-16.955046821766413
2018-09-19,-10.758559630117603
2018-09-20,-10.170972666624841
2018-09-21,-0.44037768994290716
2018-09-22,0.7461732616837646
2018-09-23,-16.146781260532524
2018-09-24,-16.85158215055695
2018-09-25,-14.821398770311815
2018-09-26,-19.592834302971088
2018-09-27,-2.1142240677414104
2018-09-28,1.4301649335845719
2018-09-29,-17.00425419312816
2018-09-30,-14.782944176060118
2018-10-01,-7.575715015321757
2018-10-02,-3.115004931997686
2018-10-03,13.79216073781291
2018-10-04,2.9353725380899296
2018-10-05,-10.970169082125604
2018-10-06,-4.73413043478261
2018-10-07,-37.23636098617358
2018-10-08,-26.270058539944902
2018-10-09,2.004789272030652
2018-10-10,-13.971014492753623
2018-10-11,7.730884936319719
2018-10-12,5.314750741037926
2018-10-13,0.09248462889767305
2018-10-14,-7.207966943494544
2018-10-15,9.398876404494382
2018-10-16,-10.433795418065081
2018-10-17,27.200082530236415
2018-10-18,27.385812577116926
2018-10-19,30.12279351485873
2018-10-20,28.18411835748792
2018-10-21,18.03139074905093
2018-10-22,20.050812758991157
2018-10-23,25.557667359549512
2018-10-24,31.00290205458016
2018-10-25,28.846171322185644
2018-10-26,28.01858376124681
2018-10-27,14.16177188170349
2018-10-28,9.828812217696957
2018-10-29,11.073188700635699
2018-10-30,19.923424991964275
2018-10-31,25.94215345146347
2018-11-01,16.628424811354652
2018-11-02,21.377141988061048
2018-11-03,22.651402989138987
2018-11-04,17.160344406448463
2018-11-05,20.989444674999575
2018-11-06,23.443079518453963
2018-11-07,27.080062148032212
2018-11-08,29.344666859493433
2018-11-09,28.913998357963877
2018-11-10,25.496797306777545
2018-11-11,24.179874247129682
2018-11-12,30.717835166315897
2018-11-13,30.33531627363864
2018-11-14,22.954545454545453
2018-11-15,32.25817706180025
2018-11-16,26.383279683279685
2018-11-17,22.95252377118319
2018-11-18,19.934079563753475
2018-11-19,22.609713626337665
2018-11-20,23.35653164302573
2018-11-21,28.63882865513586
2018-11-22,31.856557186774577
2018-11-23,29.82523323726582
2018-11-24,23.846772438601946
2018-11-25,19.543964930200886
2018-11-26,28.762693942855538
2018-11-27,24.574952250483378
2018-11-28,23.21126986465945
2018-11-29,32.80996157224418
2018-11-30,35.0833965409371
2018-12-01,34.97447154612486
2018-12-02,30.114948964911488
2018-12-03,33.272044032339586
2018-12-04,34.327722856082715
2018-12-05,37.85688771775728
2018-12-06,35.25931677018633
2018-12-07,33.871215864175355
2018-12-08,24.64323251815785
2018-12-09,25.76142999928607
2018-12-10,27.29785596102583
2018-12-11,37.54393417489965
2018-12-12,39.73993271221532
2018-12-14,12.0
2018-12-15,19.436023042637288
2018-12-16,29.500519977498485
2018-12-17,30.451861027752575
2018-12-18,35.80978287605017
2018-12-19,43.30154859185758
2018-12-20,41.12301691866909
2018-12-21,38.561667075528824
2018-12-22,33.42385711905952
2018-12-23,27.673534444898763
2018-12-24,28.19933138200184
2018-12-25,20.339969072429547
2018-12-26,25.574790547616633
2018-12-27,34.77503551519185
2018-12-28,36.13043840570538
2018-12-29,34.887207674571805
2018-12-30,29.19004147203258
2018-12-31,30.931004663613358
2019-01-01,25.69707184201566
2019-01-02,26.903382259329987
2019-01-03,27.346926660084556
2019-01-04,29.549395830283512
2019-01-05,38.0120483042442
2019-01-06,34.652133203061396
2019-01-07,42.7111391346174
2019-01-08,38.46264896993652
2019-01-09,33.46746541501977
2019-01-10,30.203532786931998
2019-01-11,31.97805384868045
2019-01-12,35.2455533596838
2019-01-13,42.08139534883721
2019-01-14,30.948521545504306
2019-01-15,36.80815945863047
2019-01-16,41.3870545699666
2019-01-17,31.97321502264387
2019-01-18,33.02214965388878
2019-01-19,27.452067779241695
2019-01-20,26.167505292297673
2019-01-21,28.562682798393595
2019-01-22,28.490516244286265
2019-01-23,25.32420613182055
2019-01-24,28.260332280534012
2019-01-25,28.026688363970976
2019-01-26,31.74266578831796
2019-01-27,31.767448456933067
2019-01-28,31.920406627019897
2019-01-29,31.494561191626406
2019-01-30,32.700458352582864
2019-01-31,30.99133683962612
2019-02-01,28.10996193189647
2019-02-02,26.505928580074393
2019-02-03,23.721634503603813
2019-02-04,26.42078665611373
2019-02-05,29.091827623605834
2019-02-06,32.247812250756866
2019-02-07,39.589861787710255
2019-02-08,42.23502520024259
2019-02-09,36.32138870589958
2019-02-10,22.648065518477924
2019-02-11,24.13781062820385
2019-02-12,17.329545454545453
2019-02-13,30.060677025604562
2019-02-14,37.10425107750205
2019-02-15,35.20941100280345
2019-02-16,33.14012701887042
2019-02-17,31.71731719367589
2019-02-18,38.26926277426277
2019-02-19,40.668124943739315
2019-02-20,32.796288720666574
2019-02-21,35.06111669957413
2019-02-22,35.82342345703579
2019-02-23,16.131264116318462
2019-02-24,19.073805620433586
2019-02-25,26.845188016704036
2019-02-26,40.03565973747133
2019-02-27,34.08231899467598
2019-02-28,35.00077756065787
2019-03-01,33.68138242326648
2019-03-02,28.74085959153095
2019-03-03,26.18043661250183
2019-03-04,24.617533628110422
2019-03-05,28.437468067595944
2019-03-06,26.063263673316722
2019-03-07,22.012964788063776
2019-03-08,23.255371416023593
2019-03-09,21.808121641426478
2019-03-10,18.44631093544137
2019-03-11,19.25061417502129
2019-03-12,20.135483405483406
2019-03-13,30.214530502879303
2019-03-14,20.48235294117647
2019-03-15,28.169883739448952
2019-03-16,24.07532985543569
2019-03-17,17.62108429374801
2019-03-18,18.796722312687354
2019-03-19,22.686485831190126
2019-03-20,22.531557218481886
2019-03-21,26.60374523896583
2019-03-22,31.46279213377406
2019-03-23,29.948793702050672
2019-03-24,25.08533581866092
2019-03-25,27.272447909042114
2019-03-26,20.62243815490383
2019-03-27,22.35290999776404
2019-03-28,22.37371009547365
2019-03-29,27.290253793764062
2019-03-30,26.037870879623895
2019-03-31,25.171746295535822
2019-04-01,31.811306048200812
2019-04-02,30.06929570321119
2019-04-03,20.927407704654897
2019-04-04,16.805970991229906
2019-04-05,22.87991774007895
2019-04-06,21.71703125892183
2019-04-07,17.41798984529963
2019-04-08,20.914243682550964
2019-04-09,23.167846243002856
2019-04-10,24.87409156206883
2019-04-11,21.88404537829205
2019-04-12,22.574288896085886
2019-04-13,17.28488372093023
2019-04-14,16.798127793006685
2019-04-15,20.039898340872853
2019-04-16,24.635712895470803
2019-04-17,27.551419492069193
2019-04-18,27.78357558326061
2019-04-19,26.829818120973922
2019-04-20,23.533592720685114
2019-04-21,18.638698570295272
2019-04-22,12.240130504817058
2019-04-23,13.691463319347134
2019-04-24,19.07504979923458
2019-04-25,18.606075451110172
2019-04-26,16.734328606955764
2019-04-27,15.006224160646948
2019-04-28,13.159182941951485
2019-04-29,19.10999397917629
2019-04-30,19.2877322964759
2019-05-01,15.748158622708848
2019-05-02,18.84785890865509
2019-05-03,17.29401251128647
2019-05-04,16.384086963695186
2019-05-05,11.080428884441352
2019-05-06,15.218447546553655
2019-05-07,19.06829202734198
2019-05-08,20.11835901446457
2019-05-09,18.500436186548235
2019-05-10,19.730986588176414
2019-05-11,15.92466136876957
2019-05-12,12.005913269769058
2019-05-13,9.414772727272727
2019-05-14,15.04328500956408
2019-05-15,19.229321652079804
2019-05-16,18.9701221703198
2019-05-17,18.44641071214688
2019-05-18,14.330693581780539
2019-05-19,12.291596352428861
2019-05-20,17.09956843633968
2019-05-21,16.07673998093668
2019-05-22,16.473870378549616
2019-05-23,18.46025469924481
2019-05-24,17.97078804347826
2019-05-25,14.992905315019259
2019-05-26,12.780636113409118
2019-05-27,15.667963685043288
2019-05-28,14.969495826561236
2019-05-29,15.780515403398125
2019-05-30,18.00272182938932
2019-05-31,17.919203176913957
2019-06-01,17.669228384212996
2019-06-02,13.473314905519151
2019-06-03,18.301252404100982
2019-06-04,18.523566247179442
2019-06-05,16.224043898035603
2019-06-06,13.94483608128748
2019-06-07,17.281269199199624
2019-06-08,18.38663125823452
2019-06-09,15.211069465267366
2019-06-10,19.231741326306544
2019-06-11,16.469165708147493
2019-06-12,13.729885057471265
2019-06-13,21.54036672366667
2019-06-14,20.659910173818275
2019-06-15,15.050375031782355
2019-06-16,12.90410476579892
2019-06-17,16.779508124764142
2019-06-18,17.68313868737085
2019-06-19,17.934817192716153
2019-06-20,18.32411531621279
2019-06-21,21.002013954535936
2019-06-22,15.642909087736884
2019-06-23,13.136428183151532
2019-06-24,17.71312063124282
2019-06-25,19.36802691023294
2019-06-26,22.401656308897095
2019-06-27,23.187326823965808
2019-06-28,23.191865273222135
2019-06-29,16.139506549116234
2019-06-30,13.294957113280097
2019-07-01,23.014233959753845
2019-07-02,22.34589242261749
2019-07-03,20.255430355432928
2019-07-04,18.49361609103457
2019-07-05,20.645847211736317
2019-07-06,15.635464827391719
2019-07-07,10.939202747111294
2019-07-08,14.068046424118387
2019-07-09,15.525299032503279
2019-07-10,15.030511437586405
2019-07-11,17.407266863977906
2019-07-12,17.269662921348313
2019-07-13,12.216930477368088
2019-07-14,10.437441984069949
2019-07-15,18.58027775839207
2019-07-16,15.462329784691777
2019-07-17,19.764978642342935
2019-07-18,20.579644903215982
2019-07-19,18.683654942191826
2019-07-20,15.392419523499665
2019-07-21,13.948527037027532
2019-07-22,20.17372415751245
2019-07-23,21.340321704024685
2019-07-24,21.976991360913274
2019-07-25,22.273990683229815
2019-07-26,19.49735862649647
2019-07-27,10.846188685279207
2019-07-28,10.25668687764961
2019-07-29,15.539405876456426
2019-07-30,16.389067078052925
2019-07-31,16.352703986273248
2019-08-01,19.165297906602255
2019-08-02,21.916603390888287
2019-08-03,16.894407483710843
2019-08-04,13.672055512647718
2019-08-05,17.44752058704823
2019-08-06,17.567049472367888
2019-08-07,15.417515535402366
2019-08-08,16.41716890710745
2019-08-09,16.89344109859179
2019-08-10,16.542504341837347
2019-08-11,15.925287356321839
2019-08-12,17.411363352651918
2019-08-13,14.502493392778717
2019-08-14,12.304463269767124
2019-08-15,9.97334150259476
2019-08-16,12.732954337199448
2019-08-17,12.653767107830518
2019-08-18,11.375480746184211
2019-08-19,15.933282749858837
2019-08-20,17.191157416350492
2019-08-21,15.56898042863627
2019-08-22,14.593935309464037
2019-08-23,17.79947221339267
2019-08-24,14.599970287194225
2019-08-25,13.995850586611455
2019-08-26,17.2250023803988
2019-08-27,17.31139558867719
2019-08-28,18.40629908096631
2019-08-29,17.774498252351513
2019-08-30,19.542568346508563
2019-08-31,18.600905414100563
2019-09-01,14.84924023120954
2019-09-02,19.40882166049999
2019-09-03,15.426311655328584
2019-09-04,17.92049958767537
2019-09-05,21.407170138117866
2019-09-06,18.965060842918685
2019-09-07,17.567842438358742
2019-09-08,13.08798380221654
2019-09-09,18.054641645958345
2019-09-10,16.689655172413794
2019-09-11,22.954089504523996
2019-09-12,24.04054132644753
2019-09-13,25.035240886779725
2019-09-14,21.35103054411799
2019-09-15,17.7374187650812
2019-09-16,23.801028062332986
2019-09-17,22.901719967423208
2019-09-18,18.84609486266659
2019-09-19,19.812295852215133
2019-09-20,18.963099884444606
2019-09-21,19.976674777497546
2019-09-22,15.822153261979839
2019-09-23,18.775684390320386
2019-09-24,20.472105189139747
2019-09-25,22.294306083375453
2019-09-26,20.60857251712645
2019-09-27,24.18652506502062
2019-09-28,18.360512860821657
2019-09-29,13.92744629730119
2019-09-30,20.09122184705289
2019-10-01,20.69965259052948
2019-10-02,18.523620622028623
2019-10-03,19.114080311622846
2019-10-04,25.044843145197586
2019-10-05,23.40061508277482
2019-10-06,19.111422192943934
2019-10-07,19.41510202089912
2019-10-08,27.619030676551876
2019-10-09,27.979704802129188
2019-10-10,20.445652173913043
2019-10-11,29.84437870771204
2019-10-12,23.099689334051984
2019-10-13,19.148380398671097
2019-10-14,23.14945083820267
2019-10-15,19.785808149631972
2019-10-16,23.319459505415534
2019-10-17,26.909281825828504
2019-10-18,27.01810854021406
2019-10-19,22.008316864295125
2019-10-20,16.820261034255598
2019-10-21,21.749463954194685
2019-10-22,26.62631784027729
2019-10-23,26.68828231015578
2019-10-24,24.08387029298119
2019-10-25,25.08942349378353
2019-10-26,25.255451436692276
2019-10-27,22.096495166614854
2019-10-28,28.176805302660213
2019-10-29,27.58303826526836
2019-10-30,24.40918884996207
2019-10-31,23.94094022305397
2019-11-01,17.139971680826253
2019-11-02,17.321802065687937
2019-11-03,12.810837956568292
2019-11-04,20.714366122799404
2019-11-05,19.202162689502156
2019-11-06,24.909283618226308
2019-11-07,27.306820052038233
2019-11-08,24.851527032217568
2019-11-09,17.654761904761905
2019-11-10,19.314950916150316
2019-11-11,27.226252849515244
2019-11-12,25.04171167535662
2019-11-13,28.00787388964036
2019-11-14,27.60955719573732
2019-11-15,21.48461435028848
2019-11-16,24.460155402740806
2019-11-17,16.589657480484302
2019-11-18,24.974341271555716
2019-11-19,27.133091876557785
2019-11-20,27.943648559549878
2019-11-21,27.429040859465356
2019-11-22,27.554984284778207
2019-11-23,18.279941299642385
2019-11-24,16.64064001125253
2019-11-25,27.009575773636485
2019-11-26,30.702845952241365
2019-11-27,26.12328225023633
2019-11-28,28.69186301130592
2019-11-29,28.99659331468076
2019-11-30,29.36738644029802
2019-12-01,21.073819357649352
2019-12-02,23.669555788483827
2019-12-03,25.134793041506136
2019-12-04,29.954288754810133
2019-12-05,34.32697770672339
2019-12-06,36.297249485573865
2019-12-07,33.4016235881038
2019-12-08,29.069840485601354
2019-12-09,25.55952380952381
2019-12-10,27.95240664618035
2019-12-11,31.484286036756394
2019-12-12,37.166462398344784
2019-12-13,27.443296195209815
2019-12-14,36.66881109942261
2019-12-15,32.35285010608627
2019-12-16,33.154743257776595
2019-12-17,32.15092067532235
2019-12-18,33.65690679850055
2019-12-19,31.946878333019633
2019-12-20,25.48113684193817
2019-12-21,18.623186004754487
2019-12-22,15.167450294491651
2019-12-23,20.051926232723552
2019-12-24,29.427537615836847
2019-12-25,26.617093366991064
2019-12-26,28.42485158023398
2019-12-27,34.19308851180249
2019-12-28,25.462611314824517
2019-12-29,20.440829722050257
2019-12-30,23.358163803932438
2019-12-31,32.520669611718205
2020-01-01,34.26966209408665
2020-01-02,38.834346109985496
2020-01-03,38.172397393740106
2020-01-04,34.6605886228009
2020-01-05,27.87226226458963
2020-01-06,23.541676612674056
2020-01-07,37.66958653026428
2020-01-08,31.841463414634145
2020-01-09,44.38054521105763
2020-01-10,44.2595500278453
2020-01-11,39.36664535379369
2020-01-12,32.635941453876235
2020-01-13,39.748615633902226
2020-01-14,41.332102983739965
2020-01-15,44.43602274711494
2020-01-16,42.234799200888844
2020-01-17,40.5122878400372
2020-01-18,31.360515771526003
2020-01-19,23.792945439045184
2020-01-20,26.8199290923349
2020-01-21,34.53911140694183
2020-01-22,37.71662007133906
2020-01-23,42.989717961185356
2020-01-24,41.39167519181586
2020-01-25,35.97120080193509
2020-01-26,30.502230101526777
2020-01-27,32.470487044730056
2020-01-28,29.15891902215432
2020-01-29,31.264961752678325
2020-01-30,33.20644583591012
2020-01-31,35.45502983802216
2020-02-01,34.13376263548898
2020-02-02,24.861311322948154
2020-02-03,28.60542386516357
2020-02-04,19.51740662269769
2020-02-05,16.643770247904424
2020-02-06,24.20247441675947
2020-02-07,26.153846153846153
2020-02-08,38.60171277997365
2020-02-09,27.447722567287787
2020-02-10,29.891344825944095
2020-02-11,26.767018410000635
2020-02-12,29.641537343591956
2020-02-13,29.88921731326291
2020-02-14,28.163824834940563
2020-02-15,31.35330708370305
2020-02-16,28.594887769529873
2020-02-17,32.63453316371075
2020-02-18,31.84146977520471
2020-02-19,28.983196507089907
2020-02-20,27.775600595493206
2020-02-21,34.00498188405797
2020-02-22,29.938047791580402
2020-02-23,25.846815537809327
2020-02-24,26.204114962849435
2020-02-25,21.730073934754913
2020-02-26,15.523113375371379
2020-02-27,18.655135836281467
2020-02-28,20.02296090793937
2020-02-29,23.440778264573442
2020-03-01,15.127989560349434
2020-03-02,17.20748873529125
2020-03-03,18.749450404000832
2020-03-04,21.802471252005414
2020-03-05,21.838986470741126
2020-03-06,16.669698565313126
2020-03-07,19.266560102301792
2020-03-08,19.21951219512195
2020-03-09,22.920435426735065
2020-03-10,22.45316903045803
2020-03-11,22.505018049657973
2020-03-12,19.745276915113873
2020-03-13,17.35236225345576
2020-03-14,11.760000627391932
2020-03-15,8.76192653488134
2020-03-16,16.291354595197763
2020-03-17,18.919387841584637
2020-03-18,20.19247332436622
2020-03-19,19.016708101439857
2020-03-20,19.09568511198946
2020-03-21,11.038642413487134
2020-03-22,10.45016835016835
2020-03-23,7.077685632720207
2020-03-24,9.13028835701012
2020-03-25,8.274499494306985
2020-03-26,11.999528429070356
2020-03-27,13.420300248613502
2020-03-28,12.528312629399585
2020-03-29,9.528760564285484
2020-03-30,12.198558222906186
2020-03-31,8.819652427654688
2020-04-01,9.894362692732258
2020-04-02,13.664957646218514
2020-04-03,15.794092408130302
2020-04-04,11.875174603174603
2020-04-05,8.788141402271838
2020-04-06,12.529736813429455
2020-04-07,12.91891891891892
2020-04-08,12.88109604820131
2020-04-09,13.042949084668193
2020-04-10,13.380461020973486
2020-04-11,9.456130043086564
2020-04-12,5.606737171954563
2020-04-13,5.526782216999608
2020-04-14,6.56660666905458
2020-04-15,8.924961861174676
2020-04-16,12.424896851813328
2020-04-17,13.6058352402746
2020-04-18,10.656798245614034
2020-04-19,6.317895776991887
2020-04-20,8.238934586760674
2020-04-21,11.351155503329416
2020-04-22,11.439825695260478
2020-04-23,12.9809404265926
2020-04-24,12.56981981981982
2020-04-25,8.165096223674656
2020-04-26,6.204307568438003
2020-04-27,8.811424937783634
2020-04-28,8.666128084606346
2020-04-29,8.03936719268527
2020-04-30,8.203527841342487
2020-05-01,4.5553088241197965
2020-05-02,6.546456602031395
2020-05-03,4.976374359812574
2020-05-04,11.152078565980167
2020-05-05,11.946174223348137
2020-05-06,9.914593822516233
2020-05-07,9.313455315439882
2020-05-08,14.44010762309035
2020-05-09,12.269299198977098
2020-05-10,7.285922126825875
2020-05-11,8.967984194782243
2020-05-12,-8.212738314540095
2020-05-13,9.826001571440573
2020-05-14,1.6483387437418777
2020-05-15,6.13195187920067
2020-05-16,13.388916252020683
2020-05-17,8.341102936976247
2020-05-18,13.25440602136029
2020-05-19,13.203673969226246
2020-05-20,12.851980435630768
2020-05-21,11.678157632669334
2020-05-22,16.758376661409663
2020-05-23,14.042123222778864
2020-05-24,12.011595756661746
2020-05-25,12.108012335793358
2020-05-26,13.539878671140281
2020-05-27,-0.21382782704266617
2020-05-28,13.319495676664184
2020-05-29,2.8923895235003108
2020-05-30,13.671564468152864
2020-05-31,3.6046879119744095
2020-06-01,-0.8042771944043418
2020-06-02,-3.2199813900267427
2020-06-03,12.65557952862597
2020-06-04,9.933134217570622
2020-06-08,10.121464268685413
2020-06-09,12.63373364017691
2020-06-10,8.901935990950237
2020-06-11,6.597946688832089
2020-06-12,4.76502457011343
2020-06-13,12.822771417660068
2020-06-14,8.988418444893782
2020-06-15,4.872218651821878
2020-06-16,12.409368705681139
2020-06-17,10.00388676464077
2020-06-18,9.667960075027144
2020-06-19,13.617312721805773
2020-06-20,13.248915926332003
2020-06-21,11.083937669954162
2020-06-22,14.162522659915611
2020-06-25,11.117310050090396
2020-06-26,15.840389132878634
2020-06-27,5.231838438469322
2020-06-28,8.005422073246772
2020-06-29,9.45080931328875
2020-06-30,9.505860873417534
2020-07-01,13.622729211940657
2020-07-02,13.553014137145947
2020-07-03,12.664802621640975
2020-07-04,10.44221183410486
2020-07-05,10.359520548321775
2020-07-06,15.25961770926641
2020-07-07,10.629532853131721
2020-07-08,12.897858286435254
2020-07-09,15.516956674934457
2020-07-10,17.03996966536997
2020-07-11,12.467905918351647
2020-07-12,8.80911188894434
2020-07-13,10.782960346925366
2020-07-14,12.917458324669012
2020-07-15,14.596176927104352
2020-07-16,13.650406322897126
2020-07-17,13.349599581985931
2020-07-18,9.87255926843514
2020-07-19,-6.444904804729438
2020-07-20,13.145457350142744
2020-07-21,14.263086102399223
2020-07-22,9.255149698556671
2020-07-23,13.918617543223792
2020-07-24,14.035065845226997
2020-07-25,16.746084703351166
2020-07-26,10.335675394377382
2020-07-27,15.061488346043076
2020-07-28,17.518006128450004
2020-07-29,16.319742366646384
2020-07-30,17.4705595973885
2020-07-31,18.80128797617284
2020-08-03,-6.738930282767712
2020-08-04,10.243326835502463
2020-08-06,13.472057870266195
2020-08-07,18.77274099198952
2020-08-08,11.442826389179396
2020-08-09,12.002650145698357
2020-08-10,4.274896242519558
2020-08-11,12.972499003992134
2020-08-12,14.519069964588375
2020-08-13,13.852697884895495
2020-08-14,2.1665789448945123
2020-08-15,9.135470690795879
2020-08-16,9.591630047449003
2020-08-17,-4.862990468771437
2020-08-18,-11.238428570291667
2020-08-19,-5.624118410135123
2020-08-20,12.966657443614794
2020-08-21,-2.4128603580409522
2020-08-22,1.9389412995413895
2020-08-23,10.959228855709968
2020-08-24,11.695444908953158
2020-08-25,-8.145377954559242
2020-08-26,14.318903710544596
2020-08-27,12.815271717753731
2020-08-28,-7.220325675697878
2020-08-29,11.43305298853382
2020-08-30,9.004669836698408
2020-08-31,14.37110573473175
2020-09-01,5.946864496516901
2020-09-02,0.03263751948291622
2020-09-03,15.776420646482498
2020-09-04,18.51818378226837
2020-09-05,-14.944928591127523
2020-09-06,-0.8604670377142525
2020-09-07,15.480614215513121
2020-09-08,15.09690856062383
2020-09-09,17.653970850154597
2020-09-10,18.820006809432655
2020-09-11,17.886775362742775
2020-09-12,16.24565563647567
2020-09-13,13.969853022324813
2020-09-14,16.938187722127
2020-09-15,18.707888466791417
2020-09-16,19.97036926893163
2020-09-17,19.00215996576781
2020-09-18,18.103856576777165
2020-09-19,16.322809902751967
2020-09-20,15.450030313521788
2020-09-21,18.320775632508774
2020-09-22,16.67220358344381
2020-09-23,17.08434462175038
2020-09-24,17.13393100252371
2020-09-25,12.44597359670629
2020-09-26,12.714223665220532
2020-09-27,11.853504476313423
2020-09-28,17.43689415779602
2020-09-29,19.749725357866716
2020-09-30,20.730870186513805
2020-10-01,20.721380253522213
2020-10-02,17.31612319638968
2020-10-03,12.49597455363442
2020-10-04,11.726511689527028
2020-10-05,17.26640368997952
2020-10-06,17.09816303387897
2020-10-07,16.408638693248626
2020-10-08,17.158808655059232
2020-10-09,21.345003527755573
2020-10-10,18.97072960616161
2020-10-11,13.406052103397583
2020-10-12,18.62770256532113
2020-10-13,17.834415104203114
2020-10-14,18.94235545671045
2020-10-15,14.918249116768553
2020-10-16,19.23066907827448
2020-10-17,17.164109253024975
2020-10-18,17.6760590836406
2020-10-19,21.89614113649037
2020-10-20,23.709793364910446
2020-10-21,26.340565249809696
2020-10-22,26.913728247997472
2020-10-23,24.543067682173632
2020-10-24,20.05063909959233
2020-10-25,15.510380390524862
2020-10-26,16.62598566567493
2020-10-27,19.995989800611124
2020-10-28,20.603912789013403
2020-10-29,22.751297961695546
2020-10-30,27.250488578158492
2020-10-31,17.63860707167943
2020-11-01,16.97956997716561
2020-11-02,21.921785378562177
2020-11-03,19.2117121541502
2020-11-04,22.734136592470488
2020-11-05,20.63450848207355
2020-11-06,20.75955035253187
2020-11-07,15.992159799222923
2020-11-08,16.578162707936702
2020-11-09,27.279501555651976
2020-11-10,25.42695820493912
2020-11-11,25.22975524360915
2020-11-12,24.953639186753772
2020-11-13,23.89625137123682
2020-11-14,21.50505522362973
2020-11-15,16.202381123017915
2020-11-16,19.699086552360075
2020-11-17,19.217198008027136
2020-11-18,21.864180048276623
2020-11-19,25.549803661952954
2020-11-20,21.592273728403455
2020-11-21,14.560380214601919
2020-11-22,13.51545761600118
2020-11-23,28.001290656304413
2020-11-24,24.637693599086365
2020-11-25,40.0433432244454
2020-11-26,34.609321799406814
2020-11-27,30.44790517187591
2020-11-28,27.22059971608438
2020-11-29,19.21360430628589
2020-11-30,23.238227554512076
2020-12-01,26.169424365456404
2020-12-02,21.676939405813798
2020-12-03,18.878898347551722
2020-12-04,23.017623774050914
2020-12-05,18.417130965861883
2020-12-06,16.30622587037504
2020-12-07,23.12676159891024
2020-12-08,15.85085954736982
2020-12-09,22.916915222141256
2020-12-10,24.7183284921187
2020-12-11,17.06483561626999
2020-12-13,23.776922207115934
2020-12-14,27.477237466304416
2020-12-15,25.902542700267393
2020-12-16,31.24452188957176
2020-12-17,30.913461661187476
2020-12-18,30.616242041622275
2020-12-19,34.25625537235078
2020-12-20,27.21282593670013
2020-12-21,25.331123138201
2020-12-22,29.156279836170256
2020-12-23,28.704004029626088
2020-12-24,20.751998301128594
2020-12-25,-15.927493746133816
2020-12-26,12.227067433359613
2020-12-27,12.789187793719806
2020-12-29,18.932857046675885
2020-12-30,24.57179003318727
2020-12-31,26.417417567715017
2021-01-01,19.39017231844944
2021-01-02,15.57462527389937
2021-01-03,17.0278641806176
2021-01-04,23.32959744729901
2021-01-05,21.223223787412117
2021-01-06,17.39641163107119
2021-01-07,25.4736365507949
2021-01-08,25.759490742355656
2021-01-09,23.4266681734999
2021-01-10,20.287708201497367
2021-01-11,25.57224868205585
2021-01-12,29.66735254782631
2021-01-13,33.1532792513271
2021-01-14,30.89107497866491
2021-01-15,25.82482667907071
2021-01-16,24.092019667455972
2021-01-17,22.830794053510527
2021-01-18,31.288684928672687
2021-01-19,35.47743191132561
2021-01-20,31.832837597012112
2021-01-21,31.888585452514405
2021-01-22,23.496089665376672
2021-01-26,27.36549991007663
2021-01-27,31.996195302802374
2021-01-28,32.906071546359804
2021-01-29,31.34377572348655
2021-01-30,26.441476818065052
2021-01-31,19.398276685115086
2021-02-01,18.256916415285716
2021-02-02,29.625271890597546
2021-02-03,29.612453336208706
2021-02-04,29.584622309702603
2021-02-05,29.936594981488398
2021-02-06,27.295437713096586
2021-02-07,18.332184032813284
2021-02-08,19.696178804515498
2021-02-09,19.800103393679187
2021-02-10,20.593093002314028
2021-02-11,20.85571666956885
2021-02-12,17.352010347359908
2021-02-13,13.688048297059078
2021-02-14,14.932400597800898
2021-02-15,17.030888938163265
2021-02-16,30.44629639205363
2021-02-17,30.78584900118855
2021-02-18,29.478729973386585
2021-02-19,26.18742049247304
2021-02-20,29.441072522199388
2021-02-21,20.302294133653483
2021-02-22,25.841917581571764
2021-02-23,27.316897269658206
2021-02-24,29.427175114769863
2021-02-25,29.8941178643453
2021-02-26,34.018764940462134
2021-02-28,21.7830733850203
2021-03-01,23.899510932615133
2021-03-02,27.275590897300827
2021-03-03,24.725953157142857
2021-03-04,28.897150120502022
2021-03-05,25.15145332866728
2021-03-06,15.746425475672899
2021-03-07,15.794272401603612
2021-03-08,21.25554098404976
2021-03-09,19.65188000090486
2021-03-10,23.347664706212512
2021-03-11,23.64569579269482
2021-03-12,21.24558273459796
2021-03-13,16.54684992035222
2021-03-14,9.726793361072854
2021-03-15,16.128537911082265
2021-03-16,17.0871759228028
2021-03-17,19.42217231656351
2021-03-18,17.98524751778889
2021-03-19,17.40517888384562
2021-03-20,13.68751546028807
2021-03-21,10.905038801722627
2021-03-22,18.320039798304734
2021-03-23,16.962328544707727
2021-03-24,21.779138108704526
2021-03-25,22.680501516719026
2021-03-26,21.622001618475522
2021-03-27,17.159414824069287
2021-03-28,14.252662756587076
2021-03-29,20.429394319758988
2021-03-30,21.793812124205434
2021-03-31,21.499026802245865
2021-04-01,21.033870712249797
2021-04-02,15.529034902710146
2021-04-03,11.182056363498226
2021-04-04,7.713543994450074
2021-04-05,9.251081269564674
2021-04-06,13.69353136622819
2021-04-07,13.303661528102195
2021-04-08,16.617620227366174
2021-04-09,19.01149090893142
2021-04-10,16.487976962118815
2021-04-11,11.001014619509577
2021-04-12,16.50140795590613
2021-04-13,12.96503533827598
2021-04-14,15.304777712054744
2021-04-15,15.891064012471332
2021-04-16,3.5384214259046214
2021-04-17,15.45983953281697
2021-04-18,-5.1427093276199285
2021-04-19,17.853623033659208
2021-04-20,18.423722307641086
2021-04-21,17.01668729552877
2021-04-22,17.590958140410034
2021-04-23,17.247521791282622
2021-04-24,14.552473892791006
2021-04-26,15.468283858998143
2021-04-27,15.820632625287951
2021-04-28,14.7188741643985
2021-04-29,15.808207812918722
2021-04-30,16.77611358957026
2021-05-01,15.354194633702036
2021-05-02,7.468816299583334
2021-05-03,13.687521306518994
2021-05-04,16.28233347735745
2021-05-05,13.897246004027116
2021-05-06,13.201618719731309
2021-05-07,13.33002619598111
2021-05-08,11.074266250095171
2021-05-09,15.664846765767251
2021-05-10,16.684814682829067
2021-05-11,17.186136089776838
2021-05-12,11.428801119144183
2021-05-13,9.877017709885015
2021-05-14,14.875427212548049
2021-05-15,11.112034867201652
2021-05-16,10.163523788143609
2021-05-17,11.717653704355804
2021-05-18,13.64291126331625
2021-05-19,12.102289901450948
2021-05-20,13.074931760779123
2021-05-21,13.700915203227156
2021-05-22,11.069970218746747
2021-05-24,11.851307035154063
2021-05-25,11.455366532256075
2021-05-26,12.916034366666667
2021-05-27,15.593052748762837
2021-05-28,14.946637490421727
2021-05-29,14.5016137524418
2021-05-30,13.414953637321938
2021-05-31,12.8337237393166
2021-06-01,13.226031604191617
2021-06-02,11.743731729332866
2021-06-03,16.20770192389538
2021-06-04,16.445880241646925
2021-06-05,14.783531751353175
2021-06-06,10.70374387974911
2021-06-07,12.977912879423982
2021-06-08,12.13879440480106
2021-06-09,29.504224856406534
2021-06-10,16.61070640095188
2021-06-11,17.16804608517491
2021-06-12,14.444866995452918
2021-06-13,11.899609007489092
2021-06-14,13.179560601082867
2021-06-15,12.013753589888001
2021-06-17,14.103381833257364
2021-06-18,17.369655103337593
2021-06-19,15.280002795364904
2021-06-20,8.926444415049604
2021-06-21,6.101240718676485
2021-06-22,-3.1109706389438023
2021-06-23,15.44727311438391
2021-06-24,15.651076482335853
2021-06-25,14.960379365349995
2021-06-26,-0.05172762821547242
2021-06-27,12.65796765611278
2021-06-28,17.59901221085631
2021-06-29,14.577362423426374
2021-06-30,12.724099381718087
2021-07-01,11.52207663154762
2021-07-02,13.260168690017487
2021-07-03,13.095772331238965
2021-07-04,10.437076936512376
2021-07-05,12.105457377417496
2021-07-06,14.433960233963889
2021-07-07,16.427193675647544
2021-07-08,16.174324077547144
2021-07-09,12.987745405437522
2021-07-11,4.666666666666667
2021-07-12,13.891346037803741
2021-07-13,14.079771185533529
2021-07-14,11.037906114834207
2021-07-15,11.624096850977818
2021-07-16,15.756772653570799
2021-07-17,15.275663806452224
2021-07-18,13.306732285511602
2021-07-19,16.80556058003784
2021-07-20,16.21413639880225
2021-07-21,17.38865254576197
2021-07-22,16.519109028413038
2021-07-23,16.110572395372298
2021-07-24,14.730393463539937
2021-07-25,13.620537337125942
2021-08-03,13.557859170042047
2021-08-04,15.23507176959879
2021-08-05,12.735248681239844
2021-08-06,11.770551183802699
2021-08-07,11.82505084658383
2021-08-08,-3.430497107741771
2021-08-09,13.040719686495843
2021-08-10,14.844731511321157
2021-08-11,16.790827838112875
2021-08-12,15.937224293656765
2021-08-13,15.34121693642923
2021-08-14,14.733339887369091
2021-08-15,12.488055429935976
2021-08-16,12.822645355537846
2021-08-17,9.962568569798798
2021-08-18,9.97683310721333
2021-08-19,11.185849954422302
2021-08-20,10.98577718139986
2021-08-21,12.259489975853459
2021-08-22,10.96416640051982
2021-08-23,12.25173769243499
2021-08-24,12.092137655363672
2021-08-25,12.01544919092973
2021-08-26,13.751349075993957
2021-08-27,11.999344140665956
2021-08-28,11.200075429489463
2021-08-29,10.757402738210075
2021-08-30,13.395069985037313
2021-08-31,14.752099803592168
2021-09-01,15.130899661545746
2021-09-02,14.988363002922247
2021-09-03,16.333544206810537
2021-09-04,15.589143161723566
2021-09-05,12.216884616401945
2021-09-06,15.244546837262984
2021-09-07,17.746728509114135
2021-09-08,18.121594498596085
2021-09-09,19.145914578639825
2021-09-10,20.475543333097633
2021-09-11,17.882656400700107
2021-09-12,14.722581496610337
2021-09-13,20.33994233270933
2021-09-14,20.186335521563752
2021-09-15,20.518505096932866
2021-09-16,18.85678820002427
2021-09-17,16.624026834361985
2021-09-18,14.486873844621746
2021-09-19,11.34844304686971
2021-09-20,14.656727022411111
2021-09-21,14.982772613322853
2021-09-22,16.036147636381312
2021-09-23,17.301991629253113
2021-09-24,20.508504910433857
2021-09-25,20.015567425146276
2021-09-26,15.77757620731054
2021-09-27,17.91567526119573
2021-09-28,17.516519434053745
2021-09-29,18.60236694182561
2021-09-30,17.5385421416909
2021-10-01,17.299873060641776
2021-10-02,17.804509201688283
2021-10-03,13.977039187461287
2021-10-04,15.922665875274614
2021-10-05,15.340685383802034
2021-10-06,15.798680886509315
2021-10-07,16.4530046961141
2021-10-08,16.756215500838575
2021-10-09,13.65825958531579
2021-10-10,12.375902134469591
2021-10-11,19.737246485956824
2021-10-12,21.7165678662425
2021-10-13,19.765055521782582
2021-10-14,17.758015713269163
2021-10-15,19.850334353636644
2021-10-16,21.272473824014906
2021-10-17,19.50611516658385
2021-10-18,24.57895680698323
2021-10-19,13.413205537915887
2021-10-20,26.16734151531381
2021-10-21,24.26645061049845
2021-10-22,22.948402530038937
2021-10-23,19.57026801280022
2021-10-24,13.556720053683824
2021-10-25,20.932842406559917
2021-10-26,23.7353572122706
2021-10-27,23.367516777347536
2021-10-28,25.831133908306672
2021-10-29,26.027245482283465
2021-10-30,4.554097391353798
2021-10-31,19.39296827858004
2021-11-01,14.916594758271545
2021-11-02,16.89402416566604
2021-11-03,20.079103846078816
2021-11-04,20.021166279296104
2021-11-05,22.819383817505393
2021-11-06,18.40336944185664
2021-11-07,18.41355049793292
2021-11-08,21.906824974404774
2021-11-09,19.8976042254307
2021-11-10,20.60753356193261
2021-11-11,22.165333698497857
2021-11-12,21.96741445100705
2021-11-13,21.900150924726734
2021-11-14,17.47701033710189
2021-11-15,20.731311372547438
2021-11-16,20.63391567806381
2021-11-17,21.948630834511896
2021-11-18,21.959267537844827
2021-11-19,22.135606716882695
2021-11-20,22.633789892598983
2021-11-21,21.07139210547619
2021-11-22,23.22056963300906
2021-11-23,21.404834773998402
2021-11-24,22.787447271763995
2021-11-25,25.31435195558752
2021-11-26,24.413928244050158
2021-11-27,20.34210098190304
2021-11-28,15.69576577445055
2021-11-29,21.481059595932727
2021-11-30,26.191673168333296
2021-12-01,29.15393195626596
2021-12-02,25.90341148851123
2021-12-03,24.963437438254832
2021-12-04,26.087991333032203
2021-12-05,23.808673616758245
2021-12-06,27.73390998338182
2021-12-07,34.04009221229479
2021-12-08,27.706438969546266
2021-12-09,27.742341584499098
2021-12-10,29.507686039768654
2021-12-11,25.003048732725308
2021-12-12,24.932244071045854
2021-12-13,38.0680915643904
2021-12-14,35.13564568703681
2021-12-15,34.22718022813336
2021-12-16,33.17346027085028
2021-12-17,33.005903227941964
2021-12-18,29.409543998161617
2021-12-19,29.52943446374006
2021-12-20,29.647483087981907
2021-12-21,45.86825396825397
2021-12-22,42.572662844401975
2021-12-23,37.277367559976256
2021-12-24,24.157997557997557
2021-12-25,12.748840048840048
2021-12-26,20.632485268354834
2021-12-27,26.464569247177945
2021-12-29,29.309001385088344
2021-12-30,33.141608391608386
2021-12-31,31.40948363230972
2022-01-02,22.08888888888889
2022-01-03,27.329301133648958
2022-01-04,19.56497849976111
2022-01-05,13.005434782608695
2022-01-06,18.826170126170126
2022-01-07,24.080602006688963
2022-01-08,22.91552795031056
2022-01-09,23.115182626870805
2022-01-10,24.6430127640822
2022-01-11,24.038018896376236
2022-01-12,27.226079688810977
2022-01-13,30.699064909012563
2022-01-14,37.080079401561086
2022-01-15,35.490598524770164
2022-01-16,29.456965887364877
2022-01-17,32.265970496590604
2022-01-18,30.90927765736571
2022-01-19,35.09533966838162
2022-01-20,30.33399386530501
2022-01-21,2.4606363008041114
2022-01-22,9.161564901624207
2022-01-23,10.170759160977193
2022-01-24,27.157115041327412
2022-01-25,16.425710391742648
2022-01-26,19.79552427216112
2022-01-27,28.34383976980337
2022-01-28,30.326184419620326
2022-01-29,28.294883625679166
2022-01-30,27.24784865657995
2022-01-31,28.921256825836693
2022-02-01,22.581522028331477
2022-02-02,28.5090585013523
2022-02-03,29.55607047818244
2022-02-04,30.663786151425608
2022-02-05,28.11941330410963
2022-02-06,21.744403479166053
2022-02-07,18.704168926592704
2022-02-08,29.221862703696107
2022-02-09,32.88734037115553
2022-02-10,33.097844325799876
2022-02-11,31.53902865933574
2022-02-12,23.071772235473293
2022-02-13,21.6620303745767
2022-02-14,28.38834634929726
2022-02-15,25.15450694306638
2022-02-16,26.909324488478973
2022-02-17,28.346766519812874
2022-02-18,27.833668998391833
2022-02-19,24.556536242035808
2022-02-20,20.405900832449635
2022-02-21,19.208336466060555
2022-02-22,19.406415448195105
2022-02-23,28.684763913043614
2022-02-24,31.02553694085175
2022-02-25,25.361958465997617
2022-02-26,15.672508424156252
2022-02-27,14.519650231078076
2022-02-28,21.363632123450078
2022-03-01,19.039678385349774
2022-03-02,26.34930689896803
2022-03-03,31.51354573954088
2022-03-04,26.89794729571731
2022-03-05,18.092821688270117
2022-03-06,17.18207277878332
2022-03-07,22.52300852280683
2022-03-08,22.965077856582063
2022-03-09,26.94352175453902
2022-03-10,29.727582249884634
2022-03-11,22.31671189689618
2022-03-12,18.861215813683195
2022-03-13,18.700536703450062
2022-03-14,26.04328263992463
2022-03-15,27.222652608896414
2022-03-16,25.158110968028566
2022-03-17,23.771693617141214
2022-03-18,21.683469780087922
2022-03-19,17.43278667401864
2022-03-20,14.870226548671715
2022-03-21,21.60164710489506
2022-03-22,20.411051957327366
2022-03-24,31.375909751151372
2022-03-25,29.88603423704401
2022-03-26,27.626552166626272
2022-03-27,20.170984327860563
2022-03-28,20.972044176561404
2022-03-29,22.512279628092426
2022-03-30,22.06157134063779
2022-03-31,16.584919169009694
2022-04-01,16.26896752813893
2022-04-02,13.164250920137476
2022-04-03,13.456330256639594
2022-04-04,20.775088682979998
2022-04-05,20.29672851908963
2022-04-06,22.133444168773426
2022-04-07,17.082386895764227
2022-04-08,15.742427854209767
2022-04-09,11.092652440264276
2022-04-10,10.61340531062679
2022-04-11,18.357492211869015
2022-04-12,20.403782875644165
2022-04-13,24.116802558017348
2022-04-14,23.366014670026406
2022-04-15,24.330997383813994
2022-04-16,17.131521859051112
2022-04-17,8.336131742010672
2022-04-18,10.22006305934594
2022-04-19,15.268302926325653
2022-04-20,16.337582233588428
2022-04-21,16.08563769603023
2022-04-22,15.349220142878865
2022-04-23,13.597218055262072
2022-04-24,11.193641070916888
2022-04-25,10.83837874372947
2022-04-26,16.64364456624898
2022-04-27,16.581479246258993
2022-04-28,15.62892428499117
2022-04-29,16.04403389425546
2022-04-30,16.610242887904878
2022-05-01,13.76146425744343
2022-05-02,16.686145431316397
2022-05-03,16.78809291267231
2022-05-04,17.491204021471894
2022-05-05,19.655613637582896
2022-05-06,14.751194927186631
2022-05-07,12.54877245088459
2022-05-08,11.539827409479619
2022-05-09,15.78967044558041
2022-05-10,17.35391865847049
2022-05-11,17.30320522543471
2022-05-12,16.785454918132924
2022-05-13,17.22701558707406
2022-05-14,14.933998453141417
2022-05-15,13.40285788767464
2022-05-16,16.427124920841774
2022-05-17,16.63330361780219
2022-05-18,15.99115951595548
2022-05-19,14.105661351421203
2022-05-20,17.85063143113343
2022-05-21,14.866051794806129
2022-05-22,12.428653587130963
2022-05-23,14.215196458163943
2022-05-24,13.64271771702009
2022-05-25,16.149903849805792
2022-05-26,18.828610069346695
2022-05-27,17.828690681612905
2022-05-28,14.651977239802799
2022-05-29,8.735089297660593
2022-05-30,12.294889312547484
2022-05-31,14.39452141394408
2022-06-01,14.808907737358632
2022-06-02,13.277106115717897
2022-06-03,18.435542308148175
2022-06-04,17.42210522385299
2022-06-05,14.408362779836539
2022-06-06,15.146549249109563
2022-06-07,14.121045757493329
2022-06-08,13.360704634353644
2022-06-09,12.874338637792702
2022-06-10,12.833039565915014
2022-06-11,13.650710961745888
2022-06-12,12.461520871426663
2022-06-13,16.758315504327378
2022-06-14,16.779259918106472
2022-06-15,16.678099507174675
2022-06-16,17.031026361035316
2022-06-17,17.45344478177007
2022-06-18,13.886296416484381
2022-06-19,12.603586845534078
2022-06-20,15.434792578506794
2022-06-21,14.716870315295546
2022-06-22,16.342364314132755
2022-06-23,16.07344953366632
2022-06-24,13.846606569326392
2022-06-25,11.960983835063734
2022-06-26,16.3288352501938
2022-06-27,17.082713616415415
2022-06-28,18.900081973834475
2022-06-29,12.804150908512627
2022-06-30,14.325459553420897
2022-07-01,15.975644005685796
2022-07-02,14.752209828786789
2022-07-03,13.280499533559492
2022-07-04,17.14012131633378
2022-07-05,15.574592610234683
2022-07-06,14.278658886381969
2022-07-07,14.493983562278316
2022-07-08,12.015806401448707
2022-07-09,11.588400492355323
2022-07-10,10.484018886018397
2022-07-11,13.07289728434324
2022-07-12,13.326762121637296
2022-07-13,12.888829057310437
2022-07-14,15.869669409315984
2022-07-15,16.78563132684594
2022-07-16,14.567821631696402
2022-07-17,13.869011091214938
2022-07-18,16.2422057116154
2022-07-19,16.264901627382123
2022-07-20,17.88744637102787
2022-07-21,17.21617923363293
2022-07-22,17.273204569200004
2022-07-23,13.073281369792996
2022-07-24,11.8582720982721
2022-07-25,14.433050869024735
2022-07-26,10.655232558139534
2022-07-27,13.622905643355042
2022-07-28,13.674907899706776
2022-07-29,14.225345334690221
2022-07-30,12.158107956174424
2022-07-31,11.760086115916408
2022-08-01,15.207139305393394
2022-08-02,15.367251442254712
2022-08-03,15.912047788922289
2022-08-04,16.8917242672508
2022-08-05,16.177181142912893
2022-08-06,15.015999693846712
2022-08-07,11.305404435282837
2022-08-08,13.237667909398278
2022-08-09,13.777977906212758
2022-08-10,13.834680456252235
2022-08-11,13.3700535222012
2022-08-12,13.933838947790788
2022-08-13,11.881072811839394
2022-08-14,11.881059808532191
2022-08-15,10.353528897150467
2022-08-16,11.408361208521047
2022-08-17,12.192457703876391
2022-08-18,12.127680848191254
2022-08-19,10.396177360399879
2022-08-20,13.248013350286078
2022-08-21,13.142002442002441
2022-08-22,14.97951113321856
2022-08-23,13.434410423804495
2022-08-24,12.495466656839524
2022-08-25,12.616837571897811
2022-08-26,14.153905857100247
2022-08-27,12.957673218511804
2022-08-28,10.644860687655411
2022-08-29,13.10655976975145
2022-08-30,14.092825846266688
2022-08-31,13.398321174902517
2022-09-01,13.349738999171475
2022-09-02,12.966633577006782
2022-09-03,13.435156749702427
2022-09-04,12.333964537397549
2022-09-05,14.57389141795296
2022-09-06,15.622907794841916
2022-09-07,14.327506732104453
2022-09-08,12.759218903615187
2022-09-09,13.247295521379858
2022-09-10,12.75405096062293
2022-09-11,11.198634734635368
2022-09-12,14.694857467947735
2022-09-13,17.041982071997264
2022-09-14,16.65714994820735
2022-09-15,3.0369001861066898
2022-09-16,7.622225791028939
2022-09-17,7.185805661240773
2022-09-18,11.769082807729779
2022-09-19,16.49269621582992
2022-09-20,15.159791426607626
2022-09-21,9.135177413273393
2022-09-22,14.250146443428068
2022-09-23,16.965308511451042
2022-09-24,18.929461702131782
2022-09-25,11.652781418526486
2022-09-26,15.91436569709341
2022-09-27,14.146817920045871
2022-09-28,-4.652141947377703
2022-09-29,6.925010733171933
2022-09-30,15.068211210448073
2022-10-01,12.628213837320246
2022-10-02,12.658738016195585
2022-10-03,16.128162538980213
2022-10-04,2.1401938103411635
2022-10-05,-8.28495867820739
2022-10-06,3.7746327294624846
2022-10-07,14.353994821512012
2022-10-08,10.090774343753132
2022-10-09,9.519830425787076
2022-10-10,14.039723719808963
2022-10-11,16.79918046672965
2022-10-12,13.018282250468413
2022-10-13,12.160585607955333
2022-10-14,9.918833391701357
2022-10-15,3.5220699229048607
2022-10-16,15.135332924997297
2022-10-17,19.526039976034927
2022-10-18,19.510731916610855
2022-10-19,20.073227652245084
2022-10-20,21.523793905835742
2022-10-21,21.410780051331052
2022-10-22,14.450703631997467
2022-10-23,13.443300381366251
2022-10-24,14.92880889875
2022-10-25,19.537756301913102
2022-10-26,19.77117535215607
2022-10-27,20.94894287852792
2022-10-28,20.26030726703992
2022-10-29,28.70314852719744
2022-10-30,23.162790697674417
2022-10-31,30.116471390927913
2022-11-01,23.42142308291677
2022-11-02,23.101965458583607
2022-11-03,20.82991847644017
2022-11-04,16.838642341819305
2022-11-05,14.770729903864913
2022-11-06,14.26799162104606
2022-11-07,17.684692403077385
2022-11-08,26.2490019448576
2022-11-09,24.800238953559358
2022-11-10,21.658986357922682
2022-11-11,19.875912556065323
2022-11-12,12.536435609905835
2022-11-13,13.151511610455533
2022-11-14,7.693465803373658
2022-11-15,19.95081476015696
2022-11-16,19.699956166725176
2022-11-17,19.721869908458693
2022-11-18,18.894641920993518
2022-11-19,18.242378080079025
2022-11-20,14.159279080050453
2022-11-21,14.332266751631275
2022-11-22,14.59773913777619
2022-11-23,-29.724129789211617
2022-11-24,21.50600000245793
2022-11-25,17.15170427526907
2022-11-26,15.123664127162401
2022-11-27,1.590163755934315
2022-11-28,9.512384873133653
2022-11-29,17.528709588661485
2022-11-30,15.487174806599656
2022-12-01,16.38805453661968
2022-12-02,20.418212119248548
2022-12-03,11.582127901557904
2022-12-04,15.984932528008729
2022-12-05,23.104509985185743
2022-12-06,22.812060132102108
2022-12-07,25.378989385696965
2022-12-08,21.403562044667446
2022-12-09,20.202217771960868
2022-12-10,16.37512068581535
2022-12-11,15.538995548269106
2022-12-12,24.128418572566893
2022-12-13,22.53773994649176
2022-12-14,18.806291465250386
2022-12-15,23.808211855063462
2022-12-16,23.79739898551536
2022-12-17,24.443614397936088
2022-12-18,19.308205687732123
2022-12-19,23.9183470929424
2022-12-20,27.510385063639397
2022-12-21,29.270138684165634
2022-12-22,28.891667544282566
2022-12-23,24.674417707246377
2022-12-24,23.81917731549534
2022-12-25,19.000535926935115
2022-12-26,17.24671702925095
2022-12-27,21.905508524957632
2022-12-28,-2.745663655613756
2022-12-29,-10.270286892730661
2022-12-30,-1.7983519431568453
2022-12-31,24.238636363636363
2023-01-01,21.123427586905848
2023-01-02,22.025368069033686
2023-01-03,-4.451211446718097
2023-01-04,4.07187407021306
2023-01-05,20.60051272496141
2023-01-06,17.557316549765996
2023-01-07,17.794885224482407
2023-01-08,16.086533908630518
2023-01-09,16.869255535872192
2023-01-10,19.45959176804362
2023-01-11,15.177268400731172
2023-01-16,18.50177360329842
2023-01-17,18.01376955950651
2023-01-18,20.260025815169943
2023-01-19,20.235515985143447
2023-01-20,18.41895604292053
2023-01-21,16.994582400588698
2023-01-22,17.22519343261649
2023-01-23,21.994497162802187
2023-01-24,23.656577387945518
2023-01-25,21.735513568570095
2023-01-26,20.853750867814398
2023-01-27,20.186505097536696
2023-01-28,18.98948301274936
2023-01-29,17.918666265571037
2023-01-30,27.222635660356275
2023-01-31,29.218072388522693
2023-02-01,34.684970378847545
2023-02-02,26.34991307792208
2023-02-14,30.91760674861033
2023-02-15,33.5012472790614
2023-02-16,29.57895371848185
2023-03-19,18.330657009006124
2023-03-20,19.938733890335026
2023-03-21,9.326911800558348
2023-03-22,21.630804125884705
2023-03-23,20.460887434591193
2023-03-24,18.848963337188888
2023-03-25,15.449231588014289
2023-03-26,12.014436319036479
2023-03-27,13.725799891142136
2023-03-28,15.367420636560102
2023-03-29,19.145777263864282
2023-03-30,18.158413868830532
2023-03-31,17.672345234003156
2023-04-01,13.821554354536575
2023-04-02,12.73592390399833
2023-04-03,13.069104842197206
2023-04-04,12.46648776111102
2023-04-05,-13.223443932836007
2023-04-06,14.58730579521523
2023-04-07,19.975703575029467
2023-04-08,16.14174887305448
2023-04-09,11.91843624813745
2023-04-10,11.13346416872782
2023-04-11,17.004879995176218
2023-04-12,18.451283859174975
2023-04-13,14.980986574659765
2023-04-14,15.001870477999072
2023-04-15,14.444612110192152
2023-04-16,11.083443954598605
2023-04-17,15.985978221429445
2023-04-18,18.227172282766166
2023-04-19,16.67047687770008
2023-04-20,-13.418198995290053
2023-04-21,17.217332611115904
2023-04-22,19.52704361640625
2023-04-23,13.084683914560308
2023-04-24,11.11311105557824
2023-04-26,14.291309198783578
2023-04-27,16.94226342388783
2023-04-28,17.653509759322638
2023-04-29,15.041980758064566
2023-04-30,11.67366328502668
2023-05-01,9.773104995404246
2023-05-02,12.393135968647798
2023-05-03,12.736647129265688
2023-05-04,14.14787796647286
2023-05-05,16.715296561000887
2023-05-06,16.005054165350135
2023-05-07,13.288069170573978
2023-05-08,17.503156102593326
2023-05-09,14.443629756626642
2023-05-10,13.531520673861023
2023-05-11,11.616298778015963
2023-05-12,12.758446211440454
2023-05-13,12.540175737092472
2023-05-14,10.147512480390514
2023-05-15,13.5642219898725
2023-05-16,12.7096242042101
2023-05-17,13.423822128766426
2023-05-18,13.4024288206645
2023-05-19,14.160686730133797
2023-05-20,13.143547152390873
2023-05-21,10.772008695300288
2023-05-22,14.893222690176767
2023-05-23,15.814051859442406
2023-05-24,15.162855795777714
2023-05-25,15.789285320608911
2023-05-26,15.151801801250752
2023-05-27,13.269590300987852
2023-05-28,10.872918289953038
2023-05-29,14.421799329748989
2023-05-30,14.579671821176186
2023-05-31,13.588162871443636
2023-06-01,14.109626400348533
2023-06-02,11.019365591516484
2023-06-03,11.711760302848239
2023-06-04,10.339184714164949
2023-06-05,12.656480812548905
2023-06-06,12.154985342437003
2023-06-07,12.416630553626296
2023-06-08,13.021443617474107
2023-06-09,13.311238539615335
2023-06-10,11.37532827949779
2023-06-11,10.26228376074421
2023-06-12,12.40035365328071
2023-06-13,13.363692175531186
2023-06-14,13.206460212512491
2023-06-15,12.521348674305603
2023-06-16,13.380803666374186
2023-06-17,13.068861019205265
2023-06-18,12.00164305351998
2023-06-19,15.221185422079536
2023-06-20,16.2562449635281
2023-06-21,18.296253897678703
2023-06-22,18.74141950488506
2023-06-23,15.416946700143647
2023-06-24,11.138341031989173
2023-06-25,9.577213741614996
2023-06-26,13.208062211677406
2023-06-27,14.665677313807842
2023-06-28,12.27454772411682
2023-06-29,11.970278165492948
2023-06-30,14.08064485127629
2023-07-01,10.284988027853828
2023-07-02,9.243225797391386
2023-07-03,11.24364618692185
2023-07-04,11.054637361522916
2023-07-05,11.865061326543438
2023-07-06,12.310196890847376
2023-07-07,13.136353299722243
2023-07-08,12.910865250399869
2023-07-09,12.265061589547008
2023-07-10,15.642316027520364
2023-07-11,15.515927415156172
2023-07-12,15.10531501002092
2023-07-13,12.807784221725674
2023-07-14,11.993416796066251
2023-07-15,11.574653141889167
2023-07-16,13.896162327004719
2023-07-17,22.173053004375095
2023-07-18,19.325531002257552
2023-07-19,15.68147556974844
2023-07-20,13.594754818526617
2023-07-21,13.688654104208329
2023-07-22,11.11415950749561
2023-07-23,10.766093526018409
2023-07-24,-13.96649338889274
2023-07-25,12.96094350439896
2023-07-26,10.528776263082202
2023-07-27,13.629930436319079
2023-07-28,14.303373088365781
2023-07-29,13.609065365276546
2023-07-30,9.662632701545402
2023-07-31,12.872853731413514
2023-08-01,11.919768117357199
2023-08-02,10.865888708058186
2023-08-03,10.07769207572153
2023-08-04,12.08415662349332
2023-08-05,10.85480623634416
2023-08-06,10.303819981233461
2023-08-07,11.892792352811343
2023-08-08,-13.75527281933376
2023-08-09,13.858458587444007
2023-08-10,13.946278801200263
2023-08-11,-12.321968841223573
2023-08-12,12.770400843778589
2023-08-13,11.431724202237303
2023-08-14,12.618753158268655
2023-08-15,10.152875070167363
2023-08-16,11.336978457428163
2023-08-17,11.512721056601166
2023-08-18,11.805969305886098
2023-08-19,12.073309524622541
2023-08-20,9.909197921094684
2023-08-21,12.944825820004034
2023-08-22,15.329902334885265
2023-08-23,15.810940691805385
2023-08-24,16.837454483603953
2023-08-25,17.807775711830317
2023-08-26,16.260418710696232
2023-08-27,12.945241503372436
2023-08-28,11.480133369581612
2023-08-29,10.891883739336626
2023-08-30,-1.0755111575775407
2023-08-31,13.839895378361899
2023-09-01,14.081522678676505
2023-09-02,14.457427966299072
2023-09-03,13.307457194728888
2023-09-04,-15.666868985038551
2023-09-05,12.319527019118011
2023-09-06,14.685048255339218
2023-09-07,15.405632266044176
2023-09-08,16.42807060937971
2023-09-09,16.570885440318246
2023-09-10,14.514259200350196
2023-09-11,20.337594893143997
2023-09-12,19.031127652720965
2023-09-13,18.57438645628444
2023-09-14,16.075908457404925
2023-09-15,15.7600907021703
2023-09-16,15.44461747479861
2023-09-17,13.735562967935548
2023-09-18,18.328327563613215
2023-09-19,15.825314436250213
2023-09-20,19.39055223626521
2023-09-21,16.085872939044116
2023-09-22,15.71449091452122
2023-09-23,12.566032422335542
2023-09-24,10.491964619980424
2023-09-25,14.44654200309049
2023-09-26,16.126198978634136
2023-09-27,17.637409091650408
2023-09-28,19.791472737530075
2023-09-29,20.90530807917456
2023-09-30,20.15322174661888
2023-10-01,16.600699849806716
2023-10-02,21.788633350231084
2023-10-03,21.25686604211832
2023-10-04,19.201438540290916
2023-10-05,16.11824194888307
2023-10-06,18.43323982709239
2023-10-07,18.88838074427511
2023-10-08,17.223891090044287
2023-10-09,20.300035040292812
2023-10-10,21.36520928315774
2023-10-11,20.555302117696957
2023-10-12,20.85004803560919
2023-10-13,20.638817593913355
2023-10-14,17.021395605825113
2023-10-15,12.606430014055762
2023-10-16,15.248856930441269
2023-10-17,16.551402159164837
2023-10-18,19.099460681655582
2023-10-19,17.22086307127801
2023-10-20,15.946731382135157
2023-10-21,-0.2569548159003742
2023-10-22,11.459135194565544
2023-10-23,0.9480209029317125
2023-10-24,15.038028100399659
2023-10-25,15.664237389797563
2023-10-26,17.373718125147203
2023-10-27,13.525847688390522
2023-10-28,17.026282674791602
2023-10-29,15.028262162637578
2023-10-30,16.063082848718818
2023-10-31,16.061939103915076
2023-11-01,15.484431983022404
2023-11-02,14.691393569528625
2023-11-03,13.954185266023556
2023-11-04,14.464364532413033
2023-11-05,10.5868135939088
2023-11-06,4.042486883662758
2023-11-07,-9.050231916313294
2023-11-08,11.09760813839287
2023-11-09,21.74478067068877
2023-11-10,4.65550327292409
2023-11-11,19.768433218039693
2023-11-12,16.972219818367083
2023-11-13,20.973670486503824
2023-11-14,21.970056618914413
2023-11-15,21.585642529837987
2023-11-16,23.23609980344982
2023-11-17,19.7887101341774
2023-11-18,23.868689870589265
2023-11-19,22.6881347127495
2023-11-20,25.184863438373657
2023-11-21,21.971992034754255
2023-11-22,17.770352767843598
2023-11-23,20.375400165762876
2023-11-24,25.846980302100466
2023-11-25,15.874039876675207
2023-11-26,21.00692019777823
2023-11-27,26.981410350820298
2023-11-28,25.682694342501534
2023-11-29,28.018291194947086
2023-11-30,22.90449936127176
2023-12-01,20.71815061975835
2023-12-02,13.522038673107186
2023-12-03,14.819724978116655
2023-12-04,26.144035487480764
2023-12-05,24.760708603288577
2023-12-06,24.119473274628593
2023-12-07,26.492557708730004
2023-12-08,23.701341335957043
2023-12-09,24.21341561391235
2023-12-10,9.242375383618272
2023-12-11,18.657591204541138
2023-12-12,4.2841145092067885
2023-12-13,20.828950065624817
2023-12-14,23.397278428515175
2023-12-15,21.066997614634875
2023-12-16,17.930067760923293
2023-12-17,20.369265132129087
2023-12-18,31.906236034946915
2023-12-19,35.668387104703996
2023-12-20,34.10241744364937
2023-12-21,31.528474436246576
2023-12-22,27.240463492340393
2023-12-23,22.958957885795513
2023-12-24,21.96541017683148
2023-12-25,19.525108935927726
2023-12-26,20.885382634355945
2023-12-27,25.392261189471096
2023-12-28,27.309095760592484
2023-12-29,28.63160584688814
2023-12-30,26.782520229720834
2023-12-31,19.949925816980898
2024-01-01,16.040378926252927
2024-01-02,20.521366918464807
2024-01-03,21.61646201697832
2024-01-04,25.43443754592383
2024-01-05,21.926556942495452
2024-01-06,15.437221898062703
2024-01-07,15.117333145030406
2024-01-08,18.343188272113863
2024-01-09,18.10632491409079
2024-01-10,19.249826139225007
2024-01-11,21.66615565070751
2024-01-12,24.685900770486153
2024-01-13,25.455309075378604
2024-01-14,24.052628772358045
2024-01-15,27.017526721141568
2024-01-16,26.51866789126552
2024-01-17,22.671269251343798
2024-01-18,20.63045316488024
2024-01-19,19.55478666046701
2024-01-20,15.46170915789911
2024-01-21,19.700874857225852
2024-01-22,30.00410430155871
2024-01-23,30.196546213633685
2024-01-24,30.640532629441093
2024-01-25,30.638799813347408
2024-01-26,30.102583497336173
2024-01-27,26.208086961228005
2024-01-28,22.38874202369464
2024-01-29,27.315859426319353
2024-01-30,31.891336953821178
2024-01-31,34.27576374802539
2024-02-01,40.97355676326072
2024-02-02,22.95901360318727
2024-02-03,31.405362578927438
2024-02-04,27.082403389452118
2024-02-05,11.5994179679863
2024-02-06,10.510585941316636
2024-02-07,10.283388935613832
2024-02-08,7.513912001935414
2024-02-09,10.99187629113634
2024-02-10,14.001964267902924
2024-02-11,7.7892378974734715
2024-02-12,19.9234186810915
2024-02-13,18.56481019212773
2024-02-14,24.02067840736067
2024-02-15,22.913324722348808
2024-02-16,24.800929987798956
2024-02-17,29.786358934093016
2024-02-18,19.102633611961306
2024-02-19,27.27835852326097
2024-02-20,20.50850515625055
2024-02-21,25.73435414353541
2024-02-22,22.942856170951075
2024-02-23,15.796031536220983
2024-02-24,18.14269346955152
2024-02-25,13.472375480018382
2024-02-26,18.785751516187997
2024-02-27,18.340047268456317
2024-02-28,17.382906850006034
2024-02-29,19.9683077943318
2024-03-01,18.94329202250197
2024-03-02,17.001880991955606
2024-03-03,11.494445415577538
2024-03-04,17.689293565420897
2024-03-05,19.044536609989176
2024-03-06,18.25758904790978
2024-03-07,20.389631836189945
2024-03-08,16.277350322832593
2024-03-09,16.85611559702726
2024-03-10,10.947202191173014
2024-03-11,16.229556387365427
2024-03-12,20.608514492753624
2024-03-13,24.003253899117027
2024-03-14,22.66787124885666
2024-03-15,21.723735466726737
2024-03-16,21.773214285714285
2024-03-17,18.006038647342994
2024-03-18,20.65730277499791
2024-03-19,17.51963176574978
2024-03-20,23.601966873706004
2024-03-21,22.77115263101288
2024-03-22,20.773977443414786
2024-03-23,14.043227970572993
2024-03-24,12.046300655029405
2024-03-25,18.541351720506732
2024-03-26,19.669030453379136
2024-03-27,14.47509807075342
2024-03-28,16.03944805081374
2024-03-29,16.820623389926755
2024-03-30,13.41022850982976
2024-03-31,9.429512523918289
2024-04-01,9.1212476808696
2024-04-02,12.688158741879182
2024-04-03,16.8280199841856
2024-04-04,17.065745442570687
2024-04-05,17.091527778267203
2024-04-06,16.700026785918514
2024-04-07,15.822611306709387
2024-04-08,19.828948236565452
2024-04-09,20.121286133797625
2024-04-10,12.948752216389648
2024-04-11,14.964887546589646
2024-04-12,17.337694496185613
2024-04-13,17.280142662276504
2024-04-14,16.09572533066151
2024-04-15,19.016128362550905
2024-04-16,12.826796813253734
2024-04-17,10.886251416876677
2024-04-18,13.410190205595379
2024-04-19,13.383354511338364
2024-04-20,12.683066711098327
2024-04-21,9.474556620420596
2024-04-22,12.144808308889553
2024-04-23,13.337693726949384
2024-04-24,14.141204710730419
2024-04-25,10.927564681664236
2024-04-26,14.354832897393564
2024-04-27,13.936545314486004
2024-04-28,13.058557156115992
2024-04-29,16.498482531151392
2024-04-30,17.320376125393807
2024-05-01,11.430845312545785
2024-05-02,11.361705943367726
2024-05-03,11.765792206669408
2024-05-04,11.039370975514434
2024-05-05,10.56708212875262
2024-05-06,14.304887483155028
2024-05-07,15.019618665904817
2024-05-08,13.985643129571672
2024-05-09,11.912963971912024
2024-05-10,13.914823194158476
2024-05-11,13.482417891457967
2024-05-12,12.420534909692073
2024-05-13,14.20656517849365
2024-05-14,13.5136450072963
2024-05-15,13.205862333296917
2024-05-16,12.572582658992264
2024-05-17,11.950043441087699
2024-05-18,13.407166203393302
2024-05-19,10.992856441514638
2024-05-20,14.830189147349135
2024-05-21,9.829392243734198
2024-05-22,11.079929959199493
2024-05-23,12.140914577622087
2024-05-24,13.106698586226193
2024-05-25,11.646211238775773
2024-05-26,9.624696818315085
2024-05-27,13.16273967966328
2024-05-28,11.723243512347613
2024-05-29,12.475935878793043
2024-05-30,12.401599537821914
2024-05-31,10.403610159353992
2024-06-01,11.833683921471476
2024-06-02,9.759995371013765
2024-06-03,12.359408319052603
2024-06-04,14.651567019203044
2024-06-05,12.803090069004384
2024-06-06,13.307340992091188
2024-06-07,15.533872460201588
2024-06-08,15.575379042195271
2024-06-09,13.463151808718678
2024-06-10,10.220961427641567
2024-06-11,9.559741384977329
2024-06-12,10.34783520784098
2024-06-13,11.021272562904262
2024-06-14,12.27792832106857
2024-06-15,12.317461983912688
2024-06-16,9.602682372112215
2024-06-17,12.838831217455908
2024-06-18,15.78081688536174
2024-06-19,18.102583695373163
2024-06-20,19.528630571748643
2024-06-21,18.318182992195844
2024-06-22,10.890513807629317
2024-06-23,8.568038305088566
2024-06-24,11.794669471069875
2024-06-25,11.26734141764686
2024-06-26,11.922110851978248
2024-06-27,11.731092587822204
2024-06-28,14.343167793909702
2024-06-29,14.60921654349229
2024-06-30,12.262667203940378
2024-07-01,13.100983732981355
2024-07-02,11.320472000013297
2024-07-03,10.91252951028419
2024-07-04,11.386491691537003
2024-07-05,13.014297015024212
2024-07-06,12.911676682947077
2024-07-07,10.420420935794146
2024-07-08,11.797215847110772
2024-07-09,12.564251129605315
2024-07-10,14.804869735422397
2024-07-11,14.84074986484763
2024-07-12,14.255525952892139
2024-07-13,13.038418654726392
2024-07-14,9.675044572577171
2024-07-15,13.442045877627347
2024-07-16,15.068043538087906
2024-07-17,14.925398714562194
2024-07-18,13.680114219172314
2024-07-19,14.57711409281941
2024-07-20,11.804774026858874
2024-07-21,10.458524115484236
2024-07-22,14.165916417786327
2024-07-23,13.289971467635244
2024-07-24,13.410763983723227
2024-07-25,12.802885136344212
2024-07-26,13.240293625344863
2024-07-27,13.444090402542308
2024-07-28,11.276769895374969
2024-07-29,13.0987562678753
2024-07-30,13.0614332660785
2024-07-31,14.464604517652125
2024-08-01,14.462938031123258
2024-08-02,14.03047263793306
2024-08-03,13.081662824271074
2024-08-04,9.355252357219966
2024-08-05,13.054105921942709
2024-08-06,13.30214658344437
2024-08-07,13.483169641396605
2024-08-08,14.78444953900759
2024-08-09,15.796208210722135
2024-08-10,13.064329215636825
2024-08-11,12.248579249605978
2024-08-12,14.250940597744847
2024-08-13,14.583403802948213
2024-08-14,11.939688004658349
2024-08-15,11.340953777082463
2024-08-16,14.172847893039387
2024-08-17,10.602260148391364
2024-08-18,8.947622723063741
2024-08-19,10.78823703073522
2024-08-20,14.502840094501153
2024-08-21,16.77917075359174
2024-08-22,13.312269620078228
2024-08-23,12.1608634867346
2024-08-24,12.753514925415008
2024-08-25,10.867792578127707
2024-08-26,13.365817648150575
2024-08-27,11.964051999965944
2024-08-28,17.662781573498965
2024-08-29,18.69064052476899
2024-08-30,18.910782512400857
2024-08-31,17.19859287136955
2024-09-01,14.634480936570872
2024-09-02,17.796258255743123
2024-09-03,18.100686402191613
2024-09-04,16.231228449928768
2024-09-05,18.4063506004404
2024-09-06,22.634602879360195
2024-09-07,19.62638461756259
2024-09-08,13.150336443550735
2024-09-09,10.30081395406765
2024-09-10,13.628257190242637
2024-09-11,19.67381447465608
2024-09-12,12.86379856128785
2024-09-13,14.19029559661365
2024-09-14,11.641343617106589
2024-09-15,13.707655669927572
2024-09-16,17.783601986505513
2024-09-17,13.751476044978416
2024-09-18,19.17383277619041
2024-09-19,17.211987895801954
2024-09-20,17.726872451731982
2024-09-21,14.02679628935825
2024-09-22,12.917242560337533
2024-09-23,17.509250531886202
2024-09-24,13.583972401338007
2024-09-25,16.56374372639069
2024-09-26,16.515494059020202
2024-09-27,14.462277662569479
2024-09-28,11.613394210269805
2024-09-29,10.029664793836126
2024-09-30,16.326188182932242
2024-10-01,17.999863770099182
2024-10-02,17.37746450270887
2024-10-03,13.779884623400733
2024-10-04,13.245093095690498
2024-10-05,14.46754859233448
2024-10-06,13.706336397298326
2024-10-07,18.854924907818848
2024-10-08,16.123330206390033
2024-10-09,13.061014687775401
2024-10-10,14.163688600988074
2024-10-11,15.577347819200957
2024-10-12,14.79746173198931
2024-10-13,12.376308301735147
2024-10-14,21.62121109446678
2024-10-15,19.006344660541185
2024-10-16,20.239763961187972
2024-10-17,16.320198306406724
2024-10-18,17.68081798359062
2024-10-19,13.659291639959278
2024-10-20,11.063959892730923
2024-10-21,16.000794342736402
2024-10-22,18.462742944345955
2024-10-23,17.169847518924517
2024-10-24,17.19490258031016
2024-10-25,16.87193671022863
2024-10-26,15.296304293919942
2024-10-27,14.771743030480671
2024-10-28,16.352999275902974
2024-10-29,19.80510810599228
2024-10-30,19.99844718814681
2024-10-31,14.112562903905363
2024-11-01,17.940116553911878
2024-11-02,18.287010877448246
2024-11-03,14.764086546941986
2024-11-04,21.83019480914378
2024-11-05,17.890660087081397
2024-11-06,23.019791792545288
2024-11-07,26.030678568350123
2024-11-08,30.771582173978075
2024-11-09,19.29626706188167
2024-11-10,18.698690291424263
2024-11-11,22.275678063663307
2024-11-12,15.778630167381872
2024-11-13,22.532484160786133
2024-11-14,26.195513188763726
2024-11-15,25.77611742283077
2024-11-16,24.486667570865006
2024-11-17,22.20056976125101
2024-11-18,25.158505651005076
2024-11-19,20.56782126036744
2024-11-20,17.652587541202998
2024-11-21,26.474973962497966
2024-11-22,18.56461509335981
2024-11-23,24.648690883089525
2024-11-24,20.382632608444418
2024-11-25,25.107362302409506
2024-11-26,26.820924850196178
2024-11-27,21.643747907273223
2024-11-28,23.905067305868833
2024-11-29,23.812931430778868
2024-11-30,16.36028846819164
2024-12-01,14.953399041416894
2024-12-02,30.617443011252046
2024-12-03,29.649536117369998
2024-12-04,23.486517607426144
2024-12-05,21.6022434730465
2024-12-06,27.124040658900885
2024-12-07,25.170543617857742
2024-12-08,17.230789349080567
2024-12-09,22.630071791537137
2024-12-10,23.453282805307897
2024-12-11,24.555501827393304
2024-12-12,19.68982663189193
2024-12-13,28.172801784266102
2024-12-14,26.228194208549187
2024-12-15,20.8718856649279
2024-12-16,24.11021981054514
2024-12-17,33.22773341231977
2024-12-18,30.786295839110103
2024-12-19,28.071375527754885
2024-12-20,19.56476856649784
2024-12-21,23.564068656677765
2024-12-22,22.898805815819593
2024-12-23,20.911162869588875
2024-12-24,17.984735467522153
2024-12-25,18.30832590814624
2024-12-26,18.598481692580638
2024-12-27,24.29821409286307
2024-12-28,31.029946338723093
2024-12-29,27.03965451164302
2024-12-30,33.806095400616684
2024-12-31,28.072500641158552
2025-01-01,27.707263268008337
2025-01-02,27.87383731504331
2025-01-03,21.023175051024673
2025-01-04,22.475091195034118
2025-01-05,21.696370157608253
2025-01-06,23.84735983797442
2025-01-07,20.286932984721993
2025-01-08,22.31286995821383
2025-01-09,20.24894301946258
2025-01-10,21.329283020860544
2025-01-11,19.645297794610055
2025-01-12,9.422579164313946
2025-01-13,12.630979982184988
2025-01-14,13.39514886833066
2025-01-15,23.24359803035839
2025-01-16,23.628058010657274
2025-01-17,22.740367972423414
2025-01-18,27.20647143635297
2025-01-19,23.67177900661854
2025-01-20,29.491041616261022
2025-01-21,27.573683961394696
2025-01-22,27.217319954972847
2025-01-23,28.199823241209995
2025-01-24,29.141908131956885
2025-01-25,23.92883506252683
2025-01-26,19.30351658808727
2025-01-27,21.76238750563591
2025-01-28,15.77242856358083
2025-01-29,32.12176069739302
2025-01-30,25.22915785370897
2025-01-31,28.05793592582283
2025-02-01,23.394133532613555
2025-02-02,16.849251074297843
2025-02-03,21.841196817765255
2025-02-04,21.18406234813608
2025-02-05,20.608399368288925
2025-02-06,31.269318525867483
2025-02-07,25.87139875777908
2025-02-08,22.035453568092365
2025-02-09,15.398140610355036
2025-02-10,23.561770021028043
2025-02-11,25.89814660345433
2025-02-12,21.341852630076787
2025-02-13,25.29967334759179
2025-02-14,19.25738990553939
2025-02-15,15.93274967467396
2025-02-16,16.78847937504826
2025-02-17,20.90429678726131
2025-02-18,17.78001240686246
2025-02-19,19.2351862571968
2025-02-20,22.00410367987092
2025-02-21,25.353643547985314
2025-02-22,29.29676936861344
2025-02-23,23.14996914783476
2025-02-24,29.327846668350926
2025-02-25,22.83619407585028
2025-02-26,26.87081237965449
2025-02-27,17.470007310428034
2025-02-28,19.885955051985647
2025-03-01,23.460756415562273
2025-03-02,12.089269057597678
2025-03-03,17.53228045987922
2025-03-04,21.694850137133812
2025-03-05,30.327761692824367
2025-03-06,37.754280766532176
2025-03-07,28.62759717769638
2025-03-08,24.496920855757878
2025-03-09,20.446967580615674
2025-03-10,17.515518610307474
2025-03-11,16.475826424625968
2025-03-12,16.362897757725953
2025-03-13,19.0109011476165
2025-03-14,17.223962938246405
2025-03-15,17.25921695733407
2025-03-16,12.040176894636563
2025-03-17,12.574167245567912
2025-03-18,10.185921946983868
2025-03-19,17.548038227998074
2025-03-20,25.0271168721406
2025-03-21,22.05841647509874
2025-03-22,17.141433646402803
2025-03-23,13.860356154173232
2025-03-24,17.681985066627966
2025-03-25,15.307201275204394
2025-03-26,15.268916165979576
2025-03-27,16.716052835020246
2025-03-28,11.905832846947549
2025-03-29,14.766448146177536
2025-03-30,13.037042584751257
2025-03-31,14.670572333145731
2025-04-01,12.749941773438952
2025-04-02,15.283819724629288
2025-04-03,16.65469809796755
2025-04-04,19.110604998374114
2025-04-05,17.867756094077002
2025-04-06,13.0575476170576
2025-04-07,11.64802782488019
2025-04-08,13.238339843745905
2025-04-09,15.617658897378583
2025-04-10,19.502395073353835
2025-04-11,19.589534516203354
2025-04-12,16.407321610040313
2025-04-13,15.266853345402996
2025-04-14,16.39901611153234
2025-04-15,12.710523256283007
2025-04-16,13.40086511779507
2025-04-17,10.52458007373274
2025-04-18,13.233376946306615
2025-04-19,12.984476401348338
2025-04-20,12.598942883527304
2025-04-21,10.968190039197472
2025-04-22,14.731730844427867
2025-04-23,13.577423167875066
2025-04-24,13.136313160942573
2025-04-25,10.435032737559993
2025-04-26,11.88430327053166
2025-04-27,10.361960069810689
2025-04-28,13.258739791752221
2025-04-29,15.03276614475185
2025-04-30,16.435960991509106
2025-05-01,14.291834410353228
2025-05-02,15.834303310156615
2025-05-03,16.357384716732543
2025-05-04,11.31873439541297
2025-05-05,12.83400217555582
2025-05-06,11.469003620496595
2025-05-07,12.363246882969596
2025-05-08,12.012128307189736
2025-05-09,13.51160183502815
2025-05-10,12.381296955698915
2025-05-11,11.818181622474395
2025-05-12,13.348324855341659
2025-05-13,12.582064776567943
2025-05-14,12.615867348071466
2025-05-15,14.849070132529944
2025-05-16,10.539739610433017
2025-05-17,12.465973849026831
2025-05-18,10.173919861784931
2025-05-19,13.50697242223329
2025-05-20,16.596627337239426
2025-05-21,12.322414989659126
2025-05-22,12.601215658833848
2025-05-23,11.523737147562262
2025-05-24,10.443181201586277
2025-05-25,9.778074448347226
2025-05-26,12.721536043329138
2025-05-27,12.884288821580204
2025-05-28,13.138245235260161
2025-05-29,13.368740602668764
2025-05-30,13.335354188320045
2025-05-31,13.14222794460228
2025-06-01,11.353893134343219
2025-06-02,9.282996531973225
2025-06-03,11.791994759642563
2025-06-04,13.492767516739084
2025-06-05,14.49099009967066
2025-06-06,13.430829631251175
2025-06-07,13.527631654027843
2025-06-08,7.5266106350025535
2025-06-09,12.340451705656514
2025-06-10,13.198590212712944
2025-06-11,15.452151018293298
2025-06-12,15.972694471689783
2025-06-13,18.990165088197767
2025-06-14,15.386889382265112
2025-06-15,13.19799421396641
2025-06-16,13.616923448522668
2025-06-17,11.401930455088374
2025-06-18,13.045586347395595
2025-06-19,15.701364322025697
2025-06-20,16.76052271760486
2025-06-21,12.527542498346648
2025-06-22,12.586215221428782
2025-06-23,14.389105608098633
2025-06-24,13.33246596067319
2025-06-25,14.016746511459285
2025-06-26,15.2403178476622
2025-06-27,14.071486567946126
2025-06-28,13.10281186455168
2025-06-29,10.315252433406366
2025-06-30,14.215626704320519
2025-07-01,14.142319330280642
2025-07-02,13.937152412719097
2025-07-03,15.74326111063915
2025-07-04,15.504237482413338
2025-07-05,12.45890588345559
2025-07-06,10.744363976167092
2025-07-07,11.918873585315067
2025-07-08,9.3417486150687
2025-07-09,10.159970765562752
2025-07-10,11.477001708231207
2025-07-11,13.292401931638972
2025-07-12,11.58451536741359
2025-07-13,10.057632215725686
2025-07-14,12.646371068417206
2025-07-15,13.0341011366462
2025-07-16,13.781964380994136
2025-07-17,12.127036747486082
2025-07-18,11.373715056695465
2025-07-19,12.665619713254346
2025-07-20,10.761912286783382
2025-07-21,11.115464181474767
2025-07-22,11.697175594719527
2025-07-23,11.799915939974536
2025-07-24,12.95728073914832
2025-07-25,15.915079530897788
2025-07-26,11.86317382136237
2025-07-27,8.776223182193583
2025-07-28,11.231398996548156
2025-07-29,10.18930159293138
2025-07-30,11.37311570395314
2025-07-31,12.696284918309132
2025-08-01,13.127777988524276
2025-08-02,10.413404188889094
2025-08-03,9.058159250223728
2025-08-04,11.71049306939836
2025-08-05,6854891.806466667
2025-08-06,12.670187481554006
2025-08-07,11.997036962154286
2025-08-08,14.710538867803436
2025-08-09,15.10083490750089
2025-08-10,13.165103268983957
2025-08-11,14.337953221254972
2025-08-12,14.097815575677913
2025-08-13,14.56651715346947
2025-08-14,14.50984713459974
2025-08-15,10.650785417274177
2025-08-16,11.725782585576725
2025-08-17,11.290781635856638
2025-08-18,12.474305521920785
2025-08-19,12.15509301143795
2025-08-20,11.661763436487197
2025-08-21,10.069314616557454
2025-08-22,10.130424986766116
2025-08-23,10.29574575244894
2025-08-24,9.287830640281403
2025-08-25,11.259162242341995
2025-08-26,11.969694406216595
2025-08-27,13.209227146130056
2025-08-28,12.876863144431097
2025-08-29,10.424907673885826
2025-08-30,9.24034312258303
2025-08-31,9.824366345671297
2025-09-01,12.795927386445227
2025-09-02,12.23741639754954
2025-09-03,12.838265517363357
2025-09-04,13.118859982732749
2025-09-05,13.157473328095348
2025-09-06,12.445062933896773
2025-09-07,12.434762768980097
2025-09-08,16.61819712853245
2025-09-09,16.290142096979345
2025-09-10,12.297076103039025
2025-09-11,12.138507221699754
2025-09-12,13.223881722452392
2025-09-13,12.889750195959882
2025-09-14,10.47875336760908
2025-09-15,13.814107427535545
2025-09-16,13.676436402167775
2025-09-17,12.992187428170466
2025-09-18,13.48960621857862
2025-09-19,16.708254219498173
2025-09-20,15.273262333362068
2025-09-21,12.670850942061277
2025-09-22,13.36008094642679
2025-09-23,13.146372531084705
2025-09-24,12.23748255634432
2025-09-25,12.195218001667781
2025-09-26,14.758393317218644
2025-09-27,13.730593736849674
2025-09-28,10.811941865322535
2025-09-29,14.544124698193265
2025-09-30,15.776745748018513
2025-10-01,13.291822976997219
2025-10-02,12.187141563519436
2025-10-03,14.686214568072431
2025-10-04,13.928564826714474
2025-10-05,10.497974788929787
2025-10-06,15.162030576523716
2025-10-07,19.083372716970036
2025-10-08,18.99119444542877
2025-10-09,19.103760324808395
2025-10-10,20.544245135683752
2025-10-11,18.9846440335206
2025-10-12,11.480439244478951
2025-10-13,18.541601275640428
2025-10-14,19.240117459181693
2025-10-15,17.627359553937918
2025-10-16,14.497719333383035
2025-10-17,18.715876531332114
2025-10-18,17.039429183860886
2025-10-19,14.824701876565168
2025-10-20,20.247317105732286
2025-10-21,17.642176406268575
2025-10-22,17.57706769649134
2025-10-23,16.11861627898915
2025-10-24,15.918513875831458
2025-10-25,15.98452801509057
2025-10-26,14.171151098984799
2025-10-27,18.431776279038157
2025-10-28,22.348015165411613
2025-10-29,24.185044705408597
2025-10-30,17.735302286502186
2025-10-31,20.49404122790221
2025-11-01,14.351951293512247
2025-11-02,11.324343823963458
2025-11-03,17.601778958166356
2025-11-04,22.035004963127275
2025-11-05,28.34303379743415
2025-11-06,20.87011340077636
2025-11-07,23.166258875479556
2025-11-08,20.23536320234328
2025-11-09,16.404379703098595
2025-11-10,24.257146606395747
2025-11-11,28.01571699805326
2025-11-12,21.946852221754106
2025-11-13,25.54180359161425
2025-11-14,23.832464675511854
2025-11-15,23.802245268595446
2025-11-16,17.41887131348188
2025-11-17,15.414801118208246
2025-11-18,13.777343745565847
2025-11-19,19.79380219006174
2025-11-20,22.790930690021234
2025-11-21,18.51772113478102
2025-11-22,15.634071744634273
2025-11-23,18.29373695156865
2025-11-24,21.826859379430704
2025-11-25,19.6177758836959
2025-11-26,21.833240496686503
2025-11-27,18.111306276855508
2025-11-28,21.253977071066362
2025-11-29,27.10687696370588
2025-11-30,28.971758672405574
2025-12-01,28.089755208958557
2025-12-02,27.374106126713126
2025-12-03,24.949642389154533
2025-12-04,23.69807574443974
2025-12-05,21.68438254861781
2025-12-06,19.990836368104485
2025-12-07,19.311308106152715
2025-12-08,21.241860730785344
2025-12-09,29.724966845779797
2025-12-10,28.402976242934763
2025-12-11,25.68454434102767
2025-12-12,24.794838932091082
2025-12-13,25.691970568508832
2025-12-14,22.171939741454842
2025-12-15,19.19711426247393
2025-12-16,22.04915172383847
2025-12-17,25.67429152088594
2025-12-18,22.792119827720192
2025-12-19,26.6854650359604
2025-12-20,20.66524413851235
2025-12-21,17.929786937085964
2025-12-22,24.958199685930733
2025-12-23,21.43097909310251
2025-12-24,11.78143623490241
2025-12-25,11.682171631855024
2025-12-26,12.508899398975498
2025-12-27,19.19180083688688
2025-12-28,17.62978292023617
2025-12-29,32.3791557334706
2025-12-30,24.79891897185426
2025-12-31,20.848391508786957
2026-01-01,18.17158038195474
2026-01-02,19.68816856362017
2026-01-03,17.661390959453698
2026-01-04,17.60205408570277
2026-01-05,19.850439253618433
2026-01-06,18.29027389070633
2026-01-07,13.384010913670075
2026-01-08,33.158699805101755
2026-01-09,22.086600329501625
2026-01-10,20.497087821239173
2026-01-11,17.720872467575948
2026-01-12,28.09423930686555
2026-01-13,30.096424489717084
2026-01-14,28.861765318793076
2026-01-15,29.56052870861325
2026-01-16,26.81171734988881
2026-01-17,22.751462891450753
2026-01-18,16.739941289694006
2026-01-19,17.350863309169405
2026-01-20,19.61539724057283
2026-01-21,23.497113209288134
2026-01-22,26.705862167186698
2026-01-23,26.726675835353927
2026-01-24,21.46268549607986
2026-01-25,15.040205003725625
2026-01-26,21.257222228140403
2026-01-27,22.629151126106233
2026-01-28,20.128430410713943
2026-01-29,20.846759756125255
2026-01-30,24.949924758187766
2026-01-31,19.49316708213107
2026-02-01,15.686432112420121
2026-02-02,22.548757499706895
2026-02-03,23.076674148312268
2026-02-04,19.594325922525044
2026-02-05,19.661530824935085
2026-02-06,16.814227593851307
2026-02-07,18.098505131045908
2026-02-08,16.422886466433944
2026-02-09,19.88232611457716
2026-02-10,18.931833092144863
2026-02-11,18.61398782228509
2026-02-12,17.471250712452168
2026-02-13,19.50316769575595
2026-02-14,14.20550494132224
2026-02-15,15.60333216704653
2026-02-16,19.345527700764574
2026-02-17,16.1234322253304
2026-02-18,19.978194148522103
2026-02-19,15.354683212859358
2026-02-20,19.095076271378115
2026-02-21,19.316583538489486
2026-02-22,16.60109792408867
2026-02-23,21.998475365338216
2026-02-24,20.16665199826262
2026-02-25,21.787114302038017
2026-02-26,20.068991634607755
2026-02-27,21.74370776810579
2026-02-28,14.739299463454028
